origin_city,destination_city,avg_speed_mph,weight_of_truck_tons,fuel_price_usd_per_gallon,fuel_efficiency_mpg,traffic_status,road_condition_score,weather_condition,season,delivery_target_days,driver_hours_per_day,market_demand_index,carrier_type,holiday_indicator,lane_type_original,lane_type_corrected,lane_id_corrected,ref_distance_miles,ref_speed_limit_mph,ref_total_lane_cost_usd,fuel_cost_usd,total_cost_usd,avg_speed_mph_corrected
"Chicago, IL","Dallas, TX",63.2,12.8,4.04,6.19,Medium,5.1,Rain,Spring,2,8,4.5,Refrigerated,0,fast,normal,2,925,70,2007.25,603.7156704,2610.96567,63.2
"Seattle, WA","Chicago, IL",72.4,23.2,3.65,6.28,Medium,7.1,Clear,Winter,4,8,3.9,Flatbed,0,fast,fast,3,1993,80,5444.88,1158.351911,6603.231911,72.4
"Atlanta, GA","Seattle, WA",69,13.9,3.56,6.17,Low,4.8,Storm,Spring,5,8,9.9,Tanker,0,fast,normal,2,2505,70,5398.28,1445.34846,6843.62846,69
"Phoenix, AZ","Houston, TX",47,5.1,4.63,6.83,Low,8.4,Fog,Summer,4,8,0.7,Dry Van,0,slow,slow,1,1166,60,2123.29,790.4216691,2913.711669,47
"Atlanta, GA","Miami, FL",44.1,26.6,4.25,5.32,Low,4.4,Fog,Winter,2,8,3.3,Dry Van,1,slow,slow,1,697,60,1288.06,556.8139098,1844.87391,44.1
"New York, NY","Houston, TX",62.3,27.2,3.94,4.48,High,8.3,Fog,Winter,4,8,5.6,Tanker,0,slow,normal,2,1630,70,3553.4,1433.526786,4986.926786,62.3
"Seattle, WA","Houston, TX",57.3,18.1,3.86,4.1,High,4.6,Snow,Spring,5,8,3.1,Flatbed,0,fast,slow,1,2173,60,3965.72,2045.8,6011.52,57.3
"Atlanta, GA","Houston, TX",71.8,11.2,3.82,7.02,Low,5.4,Clear,Fall,2,8,6.9,Dry Van,1,slow,fast,3,806,80,2162.5,438.5925926,2601.092593,71.8
"Miami, FL","Los Angeles, CA",61.9,12.4,3.21,5.83,Medium,5.3,Rain,Summer,6,8,8.8,Flatbed,0,normal,normal,2,2686,70,5882.34,1478.912521,7361.252521,61.9
"Seattle, WA","Atlanta, GA",44.3,13.9,4.81,5.09,Medium,7.9,Fog,Summer,8,8,3.5,Refrigerated,1,slow,slow,1,2505,60,4584.15,2367.200393,6951.350393,44.3
"Dallas, TX","Atlanta, GA",45.8,18.4,3.97,6.77,Medium,5.6,Fog,Summer,3,8,1.7,Flatbed,0,slow,slow,1,828,60,1507.79,485.5480059,1993.338006,45.8
"New York, NY","Miami, FL",59.5,15.1,3.13,5.02,High,5.5,Fog,Fall,3,8,7.1,Tanker,0,slow,slow,1,1256,60,2360.02,783.123506,3143.143506,59.5
"Houston, TX","Los Angeles, CA",74.9,11.7,4.95,5.64,High,4.2,Storm,Summer,3,8,2.4,Tanker,1,slow,fast,3,1577,80,4264.21,1384.069149,5648.279149,74.9
"Miami, FL","Atlanta, GA",57.1,29.6,3.48,6.69,High,8.6,Fog,Winter,2,8,8,Flatbed,0,slow,slow,1,697,60,1288.06,362.5650224,1650.625022,57.1
"Los Angeles, CA","New York, NY",74.4,15,4.63,7.19,Medium,4.9,Storm,Winter,5,8,0.4,Tanker,1,fast,fast,3,2812,80,7761.12,1810.787204,9571.907204,74.4
"New York, NY","Phoenix, AZ",63.7,5.4,4.02,4.91,Medium,7.9,Storm,Winter,5,8,6.9,Flatbed,1,fast,normal,2,2461,70,5377.29,2014.912424,7392.202424,63.7
"Miami, FL","Chicago, IL",72.8,8.4,3.68,4.45,Medium,9.5,Rain,Fall,3,8,6.6,Flatbed,1,normal,fast,3,1370,80,3781.2,1132.94382,4914.14382,72.8
"Seattle, WA","Los Angeles, CA",59.4,18.2,3.48,4.37,Low,9.4,Snow,Spring,3,8,6.3,Refrigerated,1,fast,slow,1,1104,60,2034.67,879.1578947,2913.827895,59.4
"Los Angeles, CA","Seattle, WA",52.2,23.1,4.79,7.55,Low,8.7,Storm,Summer,3,8,0.8,Tanker,0,fast,slow,1,1104,60,2034.67,700.418543,2735.088543,52.2
"Chicago, IL","Miami, FL",71.4,20.2,3.02,4.41,Low,8,Clear,Spring,3,8,3.1,Flatbed,0,normal,fast,3,1370,80,3781.2,938.185941,4719.385941,71.4
"Phoenix, AZ","Chicago, IL",55.7,29.9,3.35,4.07,Low,7,Rain,Fall,4,8,6.5,Refrigerated,1,fast,slow,1,1670,60,3086.16,1374.570025,4460.730025,55.7
"Seattle, WA","Denver, CO",63,19.2,3.19,5.47,High,5.6,Rain,Summer,3,8,3.9,Tanker,1,slow,normal,2,1172,70,2525.66,683.488117,3209.148117,63
"Phoenix, AZ","Seattle, WA",62.1,24.9,4.01,6.31,Low,7,Rain,Spring,3,8,7.2,Flatbed,1,normal,normal,2,1282,70,2762.71,814.7099842,3577.419984,62.1
"Dallas, TX","Seattle, WA",40.9,21.1,3.35,7.76,High,9.7,Rain,Winter,6,8,3.7,Flatbed,0,slow,slow,1,1932,60,3525.9,834.0463918,4359.946392,40.9
"Atlanta, GA","Chicago, IL",72.5,15.7,4.93,7.85,Medium,9.1,Clear,Spring,2,8,8.5,Dry Van,1,slow,fast,3,677,80,1844.82,425.1732484,2269.993248,72.5
"Atlanta, GA","Seattle, WA",45.9,18.9,4.87,6.78,High,7.4,Storm,Fall,7,8,6.2,Refrigerated,1,slow,slow,1,2505,60,4584.15,1799.314159,6383.464159,45.9
"Denver, CO","Atlanta, GA",44.9,18,4.75,6.96,Low,8.2,Fog,Summer,4,8,5.5,Tanker,1,slow,slow,1,1392,60,2540.4,950,3490.4,44.9
"Phoenix, AZ","Dallas, TX",54.7,11.4,4.22,4.33,High,4,Clear,Winter,3,8,1.9,Tanker,1,fast,slow,1,1017,60,1851.96,991.1639723,2843.123972,54.7
"Chicago, IL","Atlanta, GA",53.9,6.3,4.77,4.11,Low,7.5,Storm,Fall,2,8,0.4,Refrigerated,1,slow,slow,1,677,60,1251.1,785.7153285,2036.815328,53.9
"Los Angeles, CA","Houston, TX",59,12.2,4.18,4.12,Low,4.2,Clear,Fall,4,8,3.6,Flatbed,0,normal,slow,1,1577,60,2892.22,1599.966019,4492.186019,59
"Seattle, WA","Dallas, TX",58.3,24.2,3.43,6.49,Low,4.5,Rain,Fall,5,8,5.4,Tanker,1,slow,slow,1,1932,60,3525.9,1021.072419,4546.972419,58.3
"Atlanta, GA","Denver, CO",65.4,29.4,4.03,5.29,Low,8.8,Fog,Winter,3,8,7.4,Tanker,1,slow,normal,2,1392,70,2992.8,1060.446125,4053.246125,65.4
"Phoenix, AZ","Houston, TX",46.5,7,3.86,6.75,High,4.3,Storm,Fall,4,8,2.5,Refrigerated,0,normal,slow,1,1166,60,2123.29,666.7792593,2790.069259,46.5
"Houston, TX","Atlanta, GA",65,21.5,3.56,7.82,High,8.4,Storm,Winter,2,8,7.3,Dry Van,0,slow,normal,2,806,70,1728.87,366.9258312,2095.795831,65
"Dallas, TX","Phoenix, AZ",59.8,9,3.24,5.37,High,4.6,Rain,Winter,3,8,8.6,Flatbed,0,fast,slow,1,1017,60,1851.96,613.6089385,2465.568939,59.8
"Chicago, IL","New York, NY",56.6,7.4,3.98,5.89,Low,5,Fog,Winter,2,8,0.5,Refrigerated,0,fast,slow,1,818,60,1537.02,552.7402377,2089.760238,56.6
"New York, NY","Chicago, IL",71,11.5,3.03,7.73,High,7,Storm,Summer,2,8,6.8,Dry Van,0,normal,fast,3,818,80,2269.13,320.6390686,2589.769069,71
"Miami, FL","Atlanta, GA",73,28.6,4.73,6.55,Medium,8.8,Rain,Summer,2,8,6.4,Tanker,1,normal,fast,3,697,80,1899.33,503.329771,2402.659771,73
"Chicago, IL","Dallas, TX",59.1,28.5,3.77,7.84,High,9.4,Storm,Winter,2,8,0.9,Flatbed,0,normal,slow,1,925,60,1704.77,444.8022959,2149.572296,59.1
"Seattle, WA","Houston, TX",42.5,13,4.69,4.09,Medium,8.9,Clear,Spring,7,8,1.2,Dry Van,1,slow,slow,1,2173,60,3965.72,2491.777506,6457.497506,42.5
"Los Angeles, CA","Phoenix, AZ",62,26.9,4.47,7.21,High,5.7,Snow,Winter,1,8,5.7,Dry Van,0,fast,normal,2,410,70,887.65,254.1886269,1141.838627,62
"Los Angeles, CA","Houston, TX",65.6,8.2,3.5,6.32,Low,9.2,Storm,Spring,4,8,4.3,Dry Van,1,slow,normal,2,1577,70,3406.32,873.3386076,4279.658608,65.6
"New York, NY","Atlanta, GA",66.4,7.6,4.81,6.02,Medium,9,Rain,Summer,2,8,9,Tanker,1,fast,normal,2,858,70,1874.73,685.5448505,2560.27485,66.4
"Dallas, TX","Chicago, IL",40.4,27.6,3.18,5.28,Medium,9.7,Snow,Winter,3,8,4.9,Flatbed,1,fast,slow,1,925,60,1704.77,557.1022727,2261.872273,40.4
"Los Angeles, CA","Houston, TX",43.2,20.1,4.11,4.85,High,9.7,Fog,Fall,5,8,0.9,Flatbed,0,slow,slow,1,1577,60,2892.22,1336.385567,4228.605567,43.2
"Chicago, IL","Los Angeles, CA",42,18.7,3.88,7.55,Low,6.1,Snow,Spring,6,8,1.4,Tanker,0,fast,slow,1,2004,60,3729.44,1029.870199,4759.310199,42
"Dallas, TX","Houston, TX",61.6,7.5,3.17,6.8,Low,4.4,Snow,Spring,1,8,7.1,Refrigerated,0,normal,normal,2,259,70,554.26,120.7397059,674.9997059,61.6
"Miami, FL","Seattle, WA",43,29.7,3.75,5.48,High,8.9,Rain,Spring,10,8,5.9,Refrigerated,0,normal,slow,1,3141,60,5817.13,2149.406934,7966.536934,43
"Denver, CO","Dallas, TX",64.8,17,3.76,6.82,High,5.5,Snow,Fall,2,8,4.3,Refrigerated,1,slow,normal,2,762,70,1634.49,420.1055718,2054.595572,64.8
"Los Angeles, CA","Chicago, IL",54.2,19.3,4.48,7.07,Low,8.9,Fog,Spring,5,8,6.8,Refrigerated,1,normal,slow,1,2004,60,3729.44,1269.861386,4999.301386,54.2
"Miami, FL","Houston, TX",54,16.9,3.17,6.11,Low,6.6,Clear,Spring,3,8,5.3,Tanker,1,slow,slow,1,1112,60,2049.42,576.9296236,2626.349624,54
"Houston, TX","Chicago, IL",42.6,18.8,4.94,6.09,Medium,7.8,Storm,Fall,4,8,7,Dry Van,0,normal,slow,1,1083,60,1995.97,878.4926108,2874.462611,42.6
"Chicago, IL","Houston, TX",65.8,27.9,4.92,4.23,High,6.4,Snow,Winter,3,8,3.4,Flatbed,1,slow,normal,2,1083,70,2350.11,1259.659574,3609.769574,65.8
"Miami, FL","New York, NY",62.6,14.7,3.46,5.06,High,6.2,Storm,Winter,3,8,4.5,Tanker,0,normal,normal,2,1256,70,2775.76,858.8458498,3634.60585,62.6
"Houston, TX","Dallas, TX",49.8,15.3,4.21,5.08,Medium,4.8,Clear,Spring,1,8,9.4,Dry Van,1,fast,slow,1,259,60,470.34,214.6437008,684.9837008,49.8
"Chicago, IL","Miami, FL",60.3,28,3.17,7.51,Medium,7.3,Clear,Summer,3,8,4.1,Dry Van,1,fast,normal,2,1370,70,3014,578.2822903,3592.28229,60.3
"Miami, FL","Denver, CO",56.8,29.6,3.75,7,Medium,6.4,Storm,Spring,5,8,0.6,Refrigerated,1,fast,slow,1,1984,60,3666.43,1062.857143,4729.287143,56.8
"Denver, CO","Los Angeles, CA",44.7,5.3,3.15,6.77,High,7.2,Snow,Fall,3,8,9.1,Flatbed,1,fast,slow,1,954,60,1754.41,443.8847858,2198.294786,44.7
"Houston, TX","Atlanta, GA",65.4,23.9,3.76,4.96,High,5.2,Storm,Summer,2,8,2.7,Tanker,1,normal,normal,2,806,70,1728.87,611,2339.87,65.4
"Phoenix, AZ","Atlanta, GA",70.7,23.9,3.09,5.07,Medium,4.1,Rain,Winter,4,8,7.7,Dry Van,1,fast,fast,3,1827,80,4914.63,1113.497041,6028.127041,70.7
"Chicago, IL","Atlanta, GA",69.8,18.8,4.12,7.51,Medium,6.4,Rain,Spring,2,8,7.8,Refrigerated,0,fast,normal,2,677,70,1472.47,371.4034621,1843.873462,69.8
"Dallas, TX","Atlanta, GA",68.2,27.6,4.23,7.92,High,7.6,Clear,Fall,2,8,5.5,Tanker,0,normal,normal,2,828,70,1776.06,442.2272727,2218.287273,68.2
"Denver, CO","Phoenix, AZ",65.4,18.7,3.9,7.64,Low,5.8,Rain,Winter,2,8,9.5,Flatbed,1,normal,normal,2,673,70,1446.95,343.5471204,1790.49712,65.4
"Atlanta, GA","Los Angeles, CA",72.4,17.3,3.52,5.84,High,9.9,Fog,Winter,4,8,3.3,Refrigerated,0,fast,fast,3,2223,80,6026.55,1339.890411,7366.440411,72.4
"Phoenix, AZ","Los Angeles, CA",48.4,6.9,3.26,4.51,High,4.9,Storm,Summer,2,8,6.4,Tanker,1,normal,slow,1,410,60,753.99,296.3636364,1050.353636,48.4
"Seattle, WA","Phoenix, AZ",52.1,27.4,3.95,6.67,High,5,Fog,Fall,4,8,8.2,Dry Van,0,slow,slow,1,1282,60,2346.06,759.2053973,3105.265397,52.1
"Houston, TX","Seattle, WA",52.2,5.8,4.1,6.14,High,6.1,Rain,Summer,6,8,5,Tanker,0,normal,slow,1,2173,60,3965.72,1451.026059,5416.746059,52.2
"Houston, TX","Atlanta, GA",41.4,25,4.26,4.33,Medium,9.2,Snow,Winter,3,8,8.7,Refrigerated,0,normal,slow,1,806,60,1467.73,792.9699769,2260.699977,41.4
"Atlanta, GA","Denver, CO",60.9,29.7,4.07,7.7,Low,5.4,Rain,Winter,3,8,4.6,Tanker,1,fast,normal,2,1392,70,2992.8,735.7714286,3728.571429,60.9
"Miami, FL","Seattle, WA",41.3,11.3,4.43,7.58,Medium,7.1,Clear,Spring,10,8,3.5,Tanker,1,normal,slow,1,3141,60,5817.13,1835.703166,7652.833166,41.3
"New York, NY","Dallas, TX",43.7,23.4,3.36,6.26,Medium,9,Fog,Winter,5,8,5.4,Dry Van,1,fast,slow,1,1576,60,2918.75,845.9041534,3764.654153,43.7
"Denver, CO","New York, NY",52,16.8,3.71,6.6,High,6.9,Storm,Spring,5,8,7.4,Tanker,0,fast,slow,1,1872,60,3474.43,1052.290909,4526.720909,52
"Houston, TX","Denver, CO",60.5,19.1,3.76,5.35,Low,9.4,Fog,Summer,3,8,3.6,Tanker,0,normal,normal,2,1010,70,2166.45,709.8317757,2876.281776,60.5
"Phoenix, AZ","Los Angeles, CA",61.2,10.9,3.2,4.61,High,5.5,Clear,Fall,1,8,1.9,Flatbed,0,fast,normal,2,410,70,887.65,284.5986985,1172.248698,61.2
"Denver, CO","Los Angeles, CA",46.1,27.4,3.16,6.1,Low,6.5,Clear,Summer,3,8,1.1,Tanker,1,normal,slow,1,954,60,1754.41,494.2032787,2248.613279,46.1
"Atlanta, GA","Phoenix, AZ",73.9,26.6,4.63,5.03,Medium,5,Fog,Summer,4,8,9.3,Tanker,1,normal,fast,3,1827,80,4914.63,1681.71173,6596.34173,73.9
"Chicago, IL","Phoenix, AZ",60,12,4.54,4.75,High,5.9,Storm,Winter,4,8,5.1,Dry Van,0,slow,slow,1,1670,60,3086.16,1596.168421,4682.328421,60
"Chicago, IL","Dallas, TX",44,20.3,3.58,6.32,Low,4.9,Rain,Winter,3,8,5.3,Refrigerated,0,slow,slow,1,925,60,1704.77,523.971519,2228.741519,44
"Los Angeles, CA","Phoenix, AZ",51.8,8.4,3.13,7.96,Low,5.9,Storm,Spring,1,8,2.5,Tanker,1,fast,slow,1,410,60,753.99,161.218593,915.208593,51.8
"Miami, FL","Los Angeles, CA",66.6,19.9,3.94,5.65,High,6.1,Clear,Spring,6,8,8.3,Dry Van,0,fast,normal,2,2686,70,5882.34,1873.069027,7755.409027,66.6
"New York, NY","Dallas, TX",44.4,23.3,4.88,4.72,High,4.4,Fog,Fall,5,8,5.7,Refrigerated,0,normal,slow,1,1576,60,2918.75,1629.423729,4548.173729,44.4
"New York, NY","Atlanta, GA",44.9,24.9,3.4,4.65,High,5,Snow,Winter,3,8,6.7,Flatbed,1,slow,slow,1,858,60,1592.45,627.3548387,2219.804839,44.9
"Seattle, WA","Denver, CO",52.6,26.9,3.78,7.27,Medium,6.6,Clear,Summer,3,8,3,Flatbed,1,fast,slow,1,1172,60,2144.76,609.3755158,2754.135516,52.6
"Phoenix, AZ","Chicago, IL",57.6,10.8,4.8,5.54,Medium,7.3,Fog,Spring,4,8,6.2,Tanker,0,normal,slow,1,1670,60,3086.16,1446.931408,4533.091408,57.6
"Seattle, WA","Houston, TX",72.9,20.7,3.67,4.56,High,8.8,Fog,Fall,4,8,7.4,Tanker,1,fast,fast,3,2173,80,5845.37,1748.883772,7594.253772,72.9
"Miami, FL","Atlanta, GA",74.9,23.8,4.41,7.11,Medium,4.9,Fog,Spring,2,8,7.1,Tanker,1,slow,fast,3,697,80,1899.33,432.3164557,2331.646456,74.9
"Miami, FL","Dallas, TX",66.4,7.6,4.07,5.52,Medium,6.7,Rain,Fall,3,8,5,Refrigerated,1,normal,normal,2,1277,70,2771.09,941.5561594,3712.646159,66.4
"Houston, TX","Miami, FL",57,15.2,4.54,4.05,High,7.6,Snow,Winter,3,8,7.2,Refrigerated,0,normal,slow,1,1112,60,2049.42,1246.538272,3295.958272,57
"Atlanta, GA","Denver, CO",68.9,29,3.69,4.91,High,6.5,Rain,Fall,3,8,1,Tanker,1,normal,normal,2,1392,70,2992.8,1046.126273,4038.926273,68.9
"Dallas, TX","Chicago, IL",65.4,19.8,3.2,7.68,Low,8.7,Fog,Spring,2,8,6.5,Dry Van,1,normal,normal,2,925,70,2007.25,385.4166667,2392.666667,65.4
"Phoenix, AZ","Seattle, WA",53.1,6.7,3.15,4.42,Medium,9,Fog,Summer,4,8,1.1,Dry Van,1,fast,slow,1,1282,60,2346.06,913.6425339,3259.702534,53.1
"Houston, TX","New York, NY",69.4,8.1,4.84,7.48,Low,7.1,Clear,Spring,3,8,4,Dry Van,0,normal,normal,2,1630,70,3553.4,1054.705882,4608.105882,69.4
"Seattle, WA","Los Angeles, CA",51.7,25.1,3.01,5.33,Low,6.4,Fog,Summer,3,8,9.2,Dry Van,0,slow,slow,1,1104,60,2034.67,623.4596623,2658.129662,51.7
"Atlanta, GA","Houston, TX",52.1,23.4,3.9,4.9,Medium,6.7,Rain,Summer,2,8,1.8,Flatbed,0,slow,slow,1,806,60,1467.73,641.5102041,2109.240204,52.1
"Houston, TX","Dallas, TX",54.7,27.9,3.72,6.32,High,7.8,Snow,Spring,1,8,5.2,Tanker,0,slow,slow,1,259,60,470.34,152.4493671,622.7893671,54.7
"Dallas, TX","Houston, TX",56.1,18.9,4.72,6.14,Medium,5.1,Fog,Summer,1,8,3.1,Refrigerated,0,normal,slow,1,259,60,470.34,199.1009772,669.4409772,56.1
"Houston, TX","Phoenix, AZ",54.9,25,3.7,5.87,Low,7.7,Fog,Fall,3,8,0.7,Flatbed,0,slow,slow,1,1166,60,2123.29,734.9574106,2858.247411,54.9
"Los Angeles, CA","New York, NY",55.9,18.1,3.88,5.6,Medium,7.4,Clear,Spring,7,8,3.3,Flatbed,1,fast,slow,1,2812,60,5258.44,1948.314286,7206.754286,55.9
"New York, NY","Atlanta, GA",66.4,11.8,4.79,6.11,Medium,8.8,Fog,Fall,2,8,8.4,Dry Van,1,fast,normal,2,858,70,1874.73,672.6382979,2547.368298,66.4
"Houston, TX","Dallas, TX",54.3,18.8,3.51,4.78,High,7,Clear,Spring,1,8,3.4,Refrigerated,1,fast,slow,1,259,60,470.34,190.1861925,660.5261925,54.3
"Chicago, IL","Los Angeles, CA",71.1,18.9,4.44,7.22,Low,9.9,Storm,Winter,4,8,8.3,Refrigerated,0,slow,fast,3,2004,80,5502.98,1232.376731,6735.356731,71.1
"Denver, CO","Phoenix, AZ",63.4,10.1,3.59,7.59,High,4.1,Fog,Summer,2,8,2.1,Flatbed,0,fast,normal,2,673,70,1446.95,318.3227931,1765.272793,63.4
"Houston, TX","New York, NY",46.4,19.6,3.84,7.57,Medium,8.9,Clear,Spring,5,8,2.6,Dry Van,0,fast,slow,1,1630,60,3018.76,826.8428005,3845.602801,46.4
"Denver, CO","Chicago, IL",60.7,11.7,4.25,5.64,Low,7.3,Rain,Summer,3,8,2.9,Refrigerated,0,fast,normal,2,1056,70,2296.8,795.7446809,3092.544681,60.7
"Dallas, TX","Los Angeles, CA",66.7,8.5,4.74,5.95,High,9.4,Storm,Summer,3,8,0.2,Tanker,0,normal,normal,2,1423,70,3073.68,1133.616807,4207.296807,66.7
"Phoenix, AZ","Houston, TX",59,20.8,3.52,4.56,Medium,9,Snow,Fall,3,8,5.3,Tanker,0,fast,slow,1,1166,60,2123.29,900.0701754,3023.360175,59
"New York, NY","Dallas, TX",49.5,5.5,4.83,4.47,High,7.5,Snow,Summer,4,8,5.5,Flatbed,0,normal,slow,1,1576,60,2918.75,1702.926174,4621.676174,49.5
"Atlanta, GA","Dallas, TX",69,10.2,3.02,4.55,Medium,9.4,Storm,Winter,2,8,6,Refrigerated,1,fast,normal,2,828,70,1776.06,549.5736264,2325.633626,69
"Seattle, WA","Phoenix, AZ",63.3,9.4,4.83,5.68,Low,6.3,Storm,Fall,3,8,9.6,Tanker,0,normal,normal,2,1282,70,2762.71,1090.151408,3852.861408,63.3
"Phoenix, AZ","Miami, FL",43.2,24.3,3.14,7.35,Medium,6.6,Snow,Winter,7,8,7.2,Refrigerated,1,normal,slow,1,2276,60,4206.05,972.3319728,5178.381973,43.2
"Denver, CO","Phoenix, AZ",73.2,14.9,4.91,4.54,High,6.9,Fog,Winter,2,8,2.6,Tanker,0,normal,fast,3,673,80,1810.37,727.8480176,2538.218018,73.2
"Miami, FL","Houston, TX",41.8,17.4,4.19,5.34,Low,8.6,Fog,Winter,4,8,0.8,Tanker,1,normal,slow,1,1112,60,2049.42,872.5243446,2921.944345,41.8
"Dallas, TX","Atlanta, GA",57.3,22.2,3.87,4.99,Medium,8.9,Storm,Fall,2,8,6.9,Tanker,0,fast,slow,1,828,60,1507.79,642.1563126,2149.946313,57.3
"Atlanta, GA","Houston, TX",60.7,14,3.18,7.67,Low,4.8,Snow,Fall,2,8,5.2,Tanker,0,fast,normal,2,806,70,1728.87,334.1694915,2063.039492,60.7
"Dallas, TX","Atlanta, GA",73.5,24,4.28,7.04,Low,8.3,Snow,Winter,2,8,2.5,Tanker,0,fast,fast,3,828,80,2221.52,503.3863636,2724.906364,73.5
"Atlanta, GA","Chicago, IL",47.7,29.7,4.89,4.16,Low,8.2,Rain,Fall,2,8,1.8,Dry Van,1,normal,slow,1,677,60,1251.1,795.8004808,2046.900481,47.7
"Denver, CO","Phoenix, AZ",72,5.8,4.39,5.19,Low,9.5,Fog,Spring,2,8,9.4,Tanker,0,normal,fast,3,673,80,1810.37,569.2620424,2379.632042,72
"New York, NY","Seattle, WA",70.2,26.1,3.64,7.32,Low,4.2,Clear,Summer,5,8,5.6,Tanker,1,fast,fast,3,2762,80,7584.45,1373.453552,8957.903552,70.2
"Seattle, WA","Houston, TX",71,18.3,3.88,5.62,Medium,7.4,Snow,Fall,4,8,5.4,Refrigerated,1,slow,fast,3,2173,80,5845.37,1500.220641,7345.590641,71
"Seattle, WA","Phoenix, AZ",65.8,18,3.85,7.51,Medium,6.5,Storm,Fall,3,8,9.9,Tanker,1,normal,normal,2,1282,70,2762.71,657.2170439,3419.927044,65.8
"Atlanta, GA","New York, NY",46.5,14.6,4.87,4.28,Medium,4.1,Rain,Fall,3,8,0.4,Flatbed,1,fast,slow,1,858,60,1592.45,976.2757009,2568.725701,46.5
"Phoenix, AZ","Denver, CO",60.3,11.8,3.8,4.37,High,6,Rain,Fall,2,8,7.3,Flatbed,0,normal,normal,2,673,70,1446.95,585.2173913,2032.167391,60.3
"Seattle, WA","Miami, FL",56.4,12.4,4.71,6.86,Medium,7.5,Clear,Fall,7,8,9.9,Flatbed,0,slow,slow,1,3141,60,5817.13,2156.575802,7973.705802,56.4
"Denver, CO","Los Angeles, CA",53.5,22,3.44,7.8,Medium,8.7,Snow,Summer,3,8,8.8,Tanker,0,slow,slow,1,954,60,1754.41,420.7384615,2175.148462,53.5
"Miami, FL","Seattle, WA",56.4,20.3,3.33,7.96,Medium,5.4,Fog,Winter,7,8,6.5,Flatbed,0,normal,slow,1,3141,60,5817.13,1314.011307,7131.141307,56.4
"Houston, TX","Atlanta, GA",57.9,10.8,3.35,4.88,Low,5.1,Fog,Winter,2,8,3.5,Flatbed,1,fast,slow,1,806,60,1467.73,553.2991803,2021.02918,57.9
"Los Angeles, CA","Houston, TX",73.9,27.1,4.86,7.98,Low,5,Snow,Winter,3,8,4.9,Dry Van,1,slow,fast,3,1577,80,4264.21,960.4285714,5224.638571,73.9
"Miami, FL","Denver, CO",71.4,16.6,4.25,6.99,Low,4.2,Storm,Fall,4,8,8.6,Refrigerated,0,slow,fast,3,1984,80,5406.4,1206.294707,6612.694707,71.4
"Los Angeles, CA","Chicago, IL",53.7,11.8,3.95,4.18,Medium,9.1,Storm,Spring,5,8,6.6,Tanker,0,fast,slow,1,2004,60,3729.44,1893.732057,5623.172057,53.7
"Atlanta, GA","Phoenix, AZ",43,15.2,3.75,5.04,Medium,8.3,Fog,Summer,6,8,9.6,Flatbed,1,fast,slow,1,1827,60,3334.28,1359.375,4693.655,43
"Houston, TX","Seattle, WA",71.3,29.8,3.12,7.53,Low,7.1,Fog,Summer,4,8,5.7,Dry Van,1,slow,fast,3,2173,80,5845.37,900.3665339,6745.736534,71.3
"Houston, TX","Phoenix, AZ",59,26.6,4.47,6.09,Low,9.2,Fog,Fall,3,8,8.7,Flatbed,0,normal,slow,1,1166,60,2123.29,855.8325123,2979.122512,59
"Denver, CO","Miami, FL",69.3,22.4,4.36,6.47,Medium,8.5,Snow,Winter,4,8,8.8,Tanker,1,fast,normal,2,1984,70,4315.2,1336.976816,5652.176816,69.3
"Dallas, TX","New York, NY",41,25.6,3.26,5.34,High,8.5,Fog,Summer,5,8,5.6,Refrigerated,1,fast,slow,1,1576,60,2918.75,962.1273408,3880.877341,41
"Atlanta, GA","New York, NY",49.1,9.8,3.17,5.31,Medium,7.4,Rain,Winter,3,8,3.8,Flatbed,1,fast,slow,1,858,60,1592.45,512.2146893,2104.664689,49.1
"Phoenix, AZ","Dallas, TX",68.7,8.2,3.57,4.07,Medium,6.6,Rain,Winter,2,8,3.9,Dry Van,1,fast,normal,2,1017,70,2181.47,892.0614251,3073.531425,68.7
"Denver, CO","Los Angeles, CA",66.4,24.7,3.35,7.08,Low,9.7,Storm,Summer,2,8,0.7,Dry Van,0,slow,normal,2,954,70,2065.41,451.3983051,2516.808305,66.4
"Houston, TX","Phoenix, AZ",52.1,20.5,3.09,7.49,High,9.8,Snow,Winter,3,8,1.3,Tanker,0,normal,slow,1,1166,60,2123.29,481.0333778,2604.323378,52.1
"Los Angeles, CA","Atlanta, GA",40.9,5.6,3.65,5.95,High,8.6,Fog,Summer,7,8,1.6,Flatbed,1,fast,slow,1,2223,60,4088.1,1363.689076,5451.789076,40.9
"Dallas, TX","Houston, TX",73.1,7.6,4.71,6.11,Low,9,Fog,Summer,1,8,0.8,Dry Van,1,fast,fast,3,259,80,693.08,199.6546645,892.7346645,73.1
"Miami, FL","Chicago, IL",62.9,11.8,4.9,4.6,Low,6.6,Fog,Winter,3,8,4.2,Dry Van,0,fast,normal,2,1370,70,3014,1459.347826,4473.347826,62.9
"Chicago, IL","Phoenix, AZ",53.9,11.9,4.97,5.64,Medium,9.4,Fog,Winter,4,8,2,Refrigerated,0,fast,slow,1,1670,60,3086.16,1471.613475,4557.773475,53.9
"Dallas, TX","Houston, TX",65,19.1,3.94,6.17,Low,5,Clear,Spring,1,8,0.9,Refrigerated,1,normal,normal,2,259,70,554.26,165.3905997,719.6505997,65
"Phoenix, AZ","Miami, FL",55.9,18.3,3.04,7.19,High,5.8,Storm,Fall,6,8,9.7,Refrigerated,1,fast,slow,1,2276,60,4206.05,962.3143255,5168.364325,55.9
"Chicago, IL","Phoenix, AZ",56.2,5,4.2,6.43,Medium,5.5,Snow,Winter,4,8,2.3,Dry Van,0,fast,slow,1,1670,60,3086.16,1090.824261,4176.984261,56.2
"Phoenix, AZ","New York, NY",62.8,13.1,4.18,5.73,Medium,9.9,Clear,Summer,5,8,4.6,Dry Van,0,slow,normal,2,2461,70,5377.29,1795.284468,7172.574468,62.8
"Denver, CO","Houston, TX",53.8,29.4,4.44,6.63,Low,8.5,Fog,Winter,3,8,0.4,Refrigerated,0,slow,slow,1,1010,60,1839.21,676.3800905,2515.59009,53.8
"Dallas, TX","Miami, FL",43.7,11.1,4.97,4.57,Low,7,Storm,Spring,4,8,7,Flatbed,0,slow,slow,1,1277,60,2353.51,1388.772429,3742.282429,43.7
"New York, NY","Atlanta, GA",40.3,13.2,4.04,4.35,Medium,6.1,Rain,Winter,3,8,0.8,Dry Van,0,slow,slow,1,858,60,1592.45,796.8551724,2389.305172,40.3
"Los Angeles, CA","Seattle, WA",44.6,19.2,4.38,7.2,Low,5.2,Clear,Winter,4,8,1,Refrigerated,0,normal,slow,1,1104,60,2034.67,671.6,2706.27,44.6
"Miami, FL","Atlanta, GA",64.7,5.8,4.87,4.21,Medium,7.2,Clear,Spring,2,8,8.7,Dry Van,0,fast,normal,2,697,70,1515.97,806.2684086,2322.238409,64.7
"Los Angeles, CA","Denver, CO",68.1,13.5,4.63,4.32,Low,9.4,Clear,Fall,2,8,8.2,Tanker,1,fast,normal,2,954,70,2065.41,1022.458333,3087.868333,68.1
"Seattle, WA","Chicago, IL",62.5,18.2,4.46,4.33,High,4.4,Rain,Winter,4,8,1.6,Dry Van,1,normal,normal,2,1993,70,4344.74,2052.836028,6397.576028,62.5
"Dallas, TX","New York, NY",47.7,29.4,3.67,4.73,Medium,8.7,Fog,Winter,5,8,5,Tanker,1,normal,slow,1,1576,60,2918.75,1222.816068,4141.566068,47.7
"Chicago, IL","New York, NY",65.2,10.7,4.99,7.9,High,7.9,Rain,Winter,2,8,2.2,Refrigerated,1,normal,normal,2,818,70,1807.78,516.6860759,2324.466076,65.2
"New York, NY","Seattle, WA",47.1,26,3.35,7.84,Medium,6.5,Fog,Summer,8,8,6.3,Tanker,1,fast,slow,1,2762,60,5140.08,1180.191327,6320.271327,47.1
"Chicago, IL","New York, NY",66.9,17.6,4.09,6.06,High,7.5,Storm,Spring,2,8,4.9,Tanker,1,fast,normal,2,818,70,1807.78,552.0825083,2359.862508,66.9
"Atlanta, GA","Denver, CO",71.5,15.5,3.55,6.37,Medium,9.5,Fog,Fall,3,8,4.7,Flatbed,1,normal,fast,3,1392,80,3744.48,775.7613815,4520.241381,71.5
"Denver, CO","Miami, FL",48.3,24.4,3.81,6.41,Medium,7.8,Snow,Spring,6,8,4.1,Tanker,0,fast,slow,1,1984,60,3666.43,1179.25741,4845.68741,48.3
"Chicago, IL","New York, NY",55.3,7.4,3.81,6.37,Medium,7.5,Clear,Summer,2,8,1,Refrigerated,0,slow,slow,1,818,60,1537.02,489.2590267,2026.279027,55.3
"New York, NY","Seattle, WA",50.9,15,4.72,4.04,Medium,7.5,Clear,Fall,7,8,9.7,Dry Van,1,fast,slow,1,2762,60,5140.08,3226.891089,8366.971089,50.9
"Dallas, TX","Houston, TX",48.3,6.8,3.34,6.08,Medium,6,Snow,Winter,1,8,4.5,Refrigerated,0,fast,slow,1,259,60,470.34,142.2796053,612.6196053,48.3
"Phoenix, AZ","Atlanta, GA",73.2,11.3,3.72,5.52,Medium,7.6,Storm,Summer,4,8,4.7,Flatbed,1,slow,fast,3,1827,80,4914.63,1231.23913,6145.86913,73.2
"New York, NY","Atlanta, GA",68.2,19.6,4.74,4.82,High,4.7,Storm,Winter,2,8,0.6,Dry Van,0,normal,normal,2,858,70,1874.73,843.7593361,2718.489336,68.2
"Los Angeles, CA","Houston, TX",72.8,6,3.24,5.81,Medium,9.6,Snow,Summer,3,8,5.1,Flatbed,0,fast,fast,3,1577,80,4264.21,879.4285714,5143.638571,72.8
"Los Angeles, CA","Denver, CO",45.2,29.7,4.93,4.02,Low,9.7,Clear,Winter,3,8,8.7,Refrigerated,1,slow,slow,1,954,60,1754.41,1169.955224,2924.365224,45.2
"Denver, CO","Phoenix, AZ",58,17.2,4.33,4.56,Low,4.2,Snow,Summer,2,8,9.4,Dry Van,0,normal,slow,1,673,60,1228.23,639.0548246,1867.284825,58
"Dallas, TX","Los Angeles, CA",45.7,9.7,4.46,4.62,High,5.4,Clear,Winter,4,8,6.9,Dry Van,1,slow,slow,1,1423,60,2609.78,1373.718615,3983.498615,45.7
"Denver, CO","Phoenix, AZ",73.1,22.1,3.99,6.47,Medium,9.2,Fog,Summer,2,8,0.3,Refrigerated,0,fast,fast,3,673,80,1810.37,415.0340031,2225.404003,73.1
"Miami, FL","Denver, CO",64.1,21.9,3.43,6.64,Medium,6.4,Storm,Fall,4,8,1.1,Dry Van,0,slow,normal,2,1984,70,4315.2,1024.86747,5340.06747,64.1
"Atlanta, GA","Denver, CO",75,6.2,4.95,5.63,Low,9.2,Clear,Spring,3,8,5.7,Dry Van,0,fast,fast,3,1392,80,3744.48,1223.872114,4968.352114,75
"Los Angeles, CA","Houston, TX",70.7,15.1,3.65,6.67,Medium,8.8,Clear,Winter,3,8,8,Tanker,1,normal,fast,3,1577,80,4264.21,862.976012,5127.186012,70.7
"Los Angeles, CA","New York, NY",68.6,8,4.09,4.02,High,5.9,Rain,Summer,6,8,7,Flatbed,1,normal,normal,2,2812,70,6186.4,2860.965174,9047.365174,68.6
"Dallas, TX","Denver, CO",55.7,10.9,3.75,4.91,Medium,4.4,Clear,Summer,2,8,6.7,Tanker,1,slow,slow,1,762,60,1387.6,581.9755601,1969.57556,55.7
"Denver, CO","Houston, TX",56.2,14.5,4.73,6.08,Medium,6.9,Clear,Summer,3,8,3.4,Refrigerated,1,slow,slow,1,1010,60,1839.21,785.7401316,2624.950132,56.2
"Miami, FL","Chicago, IL",54,19.5,4.07,6.43,Low,8.6,Rain,Fall,4,8,7.2,Tanker,0,normal,slow,1,1370,60,2561.9,867.1695179,3429.069518,54
"Denver, CO","Houston, TX",40.6,9.9,3.02,6.59,Medium,9.4,Rain,Summer,4,8,9.3,Refrigerated,0,fast,slow,1,1010,60,1839.21,462.8528073,2302.062807,40.6
"Seattle, WA","Chicago, IL",72.7,13.8,3.2,5.94,High,5.5,Rain,Summer,4,8,3.1,Dry Van,0,fast,fast,3,1993,80,5444.88,1073.670034,6518.550034,72.7
"Atlanta, GA","Chicago, IL",58.9,12.8,4.22,6.86,Medium,5.6,Rain,Spring,2,8,1.2,Refrigerated,0,slow,slow,1,677,60,1251.1,416.4635569,1667.563557,58.9
"Los Angeles, CA","Phoenix, AZ",63.8,9.5,4.05,6.84,High,4.6,Storm,Fall,1,8,4.2,Dry Van,1,normal,normal,2,410,70,887.65,242.7631579,1130.413158,63.8
"Los Angeles, CA","Phoenix, AZ",68.6,14.3,4.05,4.45,Medium,4,Fog,Summer,1,8,5.2,Dry Van,0,slow,normal,2,410,70,887.65,373.1460674,1260.796067,68.6
"Miami, FL","Seattle, WA",67.8,21.2,3.35,5.44,Medium,9.4,Fog,Fall,6,8,5.6,Flatbed,0,slow,normal,2,3141,70,6847.38,1934.255515,8781.635515,67.8
"Miami, FL","Houston, TX",50.6,23.3,4.7,6.69,High,8.9,Clear,Fall,3,8,1.5,Tanker,0,slow,slow,1,1112,60,2049.42,781.22571,2830.64571,50.6
"Phoenix, AZ","Atlanta, GA",45.4,10.9,4.74,5.89,High,7.2,Fog,Spring,6,8,3.1,Flatbed,1,normal,slow,1,1827,60,3334.28,1470.285229,4804.565229,45.4
"Chicago, IL","Miami, FL",47.2,20.9,3.51,6.53,Low,4.4,Storm,Spring,4,8,2.7,Flatbed,0,fast,slow,1,1370,60,2561.9,736.4012251,3298.301225,47.2
"Phoenix, AZ","New York, NY",63.7,16.1,3.89,6.9,High,4.1,Storm,Spring,5,8,8.2,Dry Van,1,fast,normal,2,2461,70,5377.29,1387.433333,6764.723333,63.7
"Houston, TX","Denver, CO",51.8,27.6,4.55,5.06,Medium,7.9,Storm,Winter,3,8,4,Dry Van,0,normal,slow,1,1010,60,1839.21,908.201581,2747.411581,51.8
"Miami, FL","Chicago, IL",52,20.4,3.88,7.33,High,8,Fog,Summer,4,8,8.8,Dry Van,0,fast,slow,1,1370,60,2561.9,725.1841746,3287.084175,52
"Miami, FL","Chicago, IL",58.7,13.1,3.67,6.68,High,10,Rain,Summer,3,8,5.6,Dry Van,1,fast,slow,1,1370,60,2561.9,752.6796407,3314.579641,58.7
"Los Angeles, CA","Chicago, IL",56.3,6.5,4.12,7.83,High,5.1,Fog,Summer,5,8,5.4,Refrigerated,0,normal,slow,1,2004,60,3729.44,1054.467433,4783.907433,56.3
"Denver, CO","Seattle, WA",55.8,23.9,3.7,6.66,Low,8.8,Snow,Summer,3,8,9.7,Refrigerated,0,normal,slow,1,1172,60,2144.76,651.1111111,2795.871111,55.8
"Miami, FL","Phoenix, AZ",65.8,24.2,3.49,6.69,Low,4.6,Rain,Spring,5,8,7.9,Flatbed,1,slow,normal,2,2276,70,4950.3,1187.330344,6137.630344,65.8
"Chicago, IL","Seattle, WA",61.3,17.7,3.32,4.25,High,4.7,Storm,Winter,5,8,3.4,Dry Van,0,fast,normal,2,1993,70,4344.74,1556.884706,5901.624706,61.3
"New York, NY","Denver, CO",52.1,11,4.02,7.3,Low,5.7,Rain,Spring,5,8,5.2,Tanker,0,slow,slow,1,1872,60,3474.43,1030.882192,4505.312192,52.1
"Denver, CO","Miami, FL",57.4,29.8,4.7,4.83,High,9.6,Rain,Fall,5,8,6.3,Dry Van,1,fast,slow,1,1984,60,3666.43,1930.600414,5597.030414,57.4
"Atlanta, GA","Seattle, WA",58.6,23,3.28,4.85,Medium,8.9,Fog,Spring,6,8,1.7,Dry Van,1,slow,slow,1,2505,60,4584.15,1694.103093,6278.253093,58.6
"Phoenix, AZ","Houston, TX",52.1,29.4,4.28,7.29,High,4.8,Storm,Fall,3,8,9.2,Refrigerated,0,normal,slow,1,1166,60,2123.29,684.5651578,2807.855158,52.1
"New York, NY","Los Angeles, CA",61.2,24.1,3.35,6.01,Low,6.4,Fog,Summer,6,8,3.7,Flatbed,0,normal,normal,2,2812,70,6186.4,1567.420965,7753.820965,61.2
"Houston, TX","Chicago, IL",40.9,8.4,4.93,6.2,Medium,9.8,Fog,Spring,4,8,2.8,Tanker,0,slow,slow,1,1083,60,1995.97,861.1596774,2857.129677,40.9
"Atlanta, GA","Phoenix, AZ",40,5.4,4.21,5.46,Low,6.3,Fog,Winter,6,8,1.9,Tanker,1,normal,slow,1,1827,60,3334.28,1408.730769,4743.010769,40
"Atlanta, GA","Denver, CO",57,23.9,4.24,5.19,Medium,6.6,Rain,Winter,4,8,0.7,Dry Van,0,slow,slow,1,1392,60,2540.4,1137.202312,3677.602312,57
"Miami, FL","Los Angeles, CA",49.3,9.4,4.38,6.47,Low,7.8,Snow,Fall,7,8,2.3,Refrigerated,1,slow,slow,1,2686,60,4998.65,1818.343122,6816.993122,49.3
"Phoenix, AZ","Dallas, TX",46.1,21.4,4.7,6.9,Low,8.8,Snow,Spring,3,8,5.3,Refrigerated,1,slow,slow,1,1017,60,1851.96,692.7391304,2544.69913,46.1
"Chicago, IL","Houston, TX",46.2,14.7,4.93,4.99,Medium,4.8,Clear,Winter,3,8,7.9,Refrigerated,1,slow,slow,1,1083,60,1995.97,1069.977956,3065.947956,46.2
"New York, NY","Phoenix, AZ",63.8,9.7,4.24,5.29,Low,9,Fog,Winter,5,8,8,Refrigerated,0,slow,normal,2,2461,70,5377.29,1972.521739,7349.811739,63.8
"Houston, TX","Denver, CO",57.1,7.7,4.1,5.82,High,9.1,Snow,Spring,3,8,4.9,Tanker,0,slow,slow,1,1010,60,1839.21,711.5120275,2550.722027,57.1
"Chicago, IL","Seattle, WA",51.4,23.4,3.95,5.5,Low,6.4,Storm,Winter,5,8,7.9,Tanker,1,normal,slow,1,1993,60,3691.04,1431.336364,5122.376364,51.4
"Dallas, TX","Denver, CO",73.4,24.7,3.63,6.75,Medium,6.6,Clear,Summer,2,8,9.3,Flatbed,1,normal,fast,3,762,80,2044.45,409.7866667,2454.236667,73.4
"Atlanta, GA","Chicago, IL",67.3,25.6,3.99,5.55,High,6.7,Snow,Spring,2,8,8.9,Flatbed,1,fast,normal,2,677,70,1472.47,486.7081081,1959.178108,67.3
"Seattle, WA","Miami, FL",70.9,7.6,4.98,5.77,Low,4.3,Fog,Fall,6,8,7.5,Refrigerated,0,fast,fast,3,3141,80,8581.21,2710.94974,11292.15974,70.9
"Chicago, IL","Phoenix, AZ",68.1,7.6,3.07,6.03,Medium,6.3,Rain,Winter,4,8,9.7,Refrigerated,0,slow,normal,2,1670,70,3632.25,850.2321725,4482.482172,68.1
"Miami, FL","Houston, TX",67.4,13.9,3.82,6.2,Medium,9,Storm,Fall,3,8,4.2,Dry Van,0,fast,normal,2,1112,70,2413.04,685.1354839,3098.175484,67.4
"Atlanta, GA","Houston, TX",58,27.5,4.56,4.91,Low,9.9,Snow,Summer,2,8,1.2,Flatbed,1,normal,slow,1,806,60,1467.73,748.5458248,2216.275825,58
"Denver, CO","New York, NY",67.1,21.1,4.06,4.17,Medium,9.8,Fog,Summer,4,8,2.9,Refrigerated,1,fast,normal,2,1872,70,4090.32,1822.618705,5912.938705,67.1
"Phoenix, AZ","Miami, FL",61.1,19.6,4.5,7.25,Medium,7.9,Clear,Fall,5,8,6,Flatbed,1,fast,normal,2,2276,70,4950.3,1412.689655,6362.989655,61.1
"New York, NY","Los Angeles, CA",53.2,18.8,3.78,4.65,Medium,5.6,Snow,Winter,7,8,6.8,Flatbed,1,fast,slow,1,2812,60,5258.44,2285.883871,7544.323871,53.2
"Houston, TX","New York, NY",40.4,29.8,4.34,5.27,High,9.3,Fog,Spring,6,8,2.5,Tanker,1,normal,slow,1,1630,60,3018.76,1342.352941,4361.112941,40.4
"Phoenix, AZ","Dallas, TX",56.1,26,4.46,7.11,Medium,7.9,Storm,Fall,3,8,9.8,Dry Van,0,fast,slow,1,1017,60,1851.96,637.9493671,2489.909367,56.1
"Chicago, IL","Denver, CO",41.5,9.1,3.26,6.9,High,8.9,Rain,Winter,4,8,8.4,Refrigerated,1,normal,slow,1,1056,60,1951.49,498.9217391,2450.411739,41.5
"Dallas, TX","Los Angeles, CA",59,19.8,4.02,5.19,Low,7.4,Snow,Summer,4,8,6.4,Tanker,0,slow,slow,1,1423,60,2609.78,1102.208092,3711.988092,59
"New York, NY","Los Angeles, CA",45.6,16.5,3.02,4.99,Medium,8.4,Snow,Summer,8,8,1,Tanker,0,fast,slow,1,2812,60,5258.44,1701.851703,6960.291703,45.6
"New York, NY","Los Angeles, CA",68,10.1,4.11,6.93,Medium,7.7,Fog,Summer,6,8,3.8,Dry Van,0,fast,normal,2,2812,70,6186.4,1667.722944,7854.122944,68
"Chicago, IL","Dallas, TX",58.3,26.2,4.68,7.33,Low,4.1,Fog,Fall,2,8,7.6,Flatbed,1,fast,slow,1,925,60,1704.77,590.5866303,2295.35663,58.3
"Houston, TX","Phoenix, AZ",66.5,26,3.94,6.01,High,4.7,Snow,Fall,3,8,7.8,Refrigerated,0,slow,normal,2,1166,70,2501.07,764.3993344,3265.469334,66.5
"Los Angeles, CA","Chicago, IL",44.8,21.6,3,4.71,Low,4.2,Fog,Winter,6,8,7.9,Dry Van,1,normal,slow,1,2004,60,3729.44,1276.433121,5005.873121,44.8
"Chicago, IL","Seattle, WA",60.6,17,4.28,4.26,Medium,7.5,Snow,Spring,5,8,5.6,Refrigerated,1,fast,normal,2,1993,70,4344.74,2002.356808,6347.096808,60.6
"Seattle, WA","Atlanta, GA",63.7,25.1,3.54,7.3,Low,7,Rain,Spring,5,8,7,Tanker,0,slow,normal,2,2505,70,5398.28,1214.753425,6613.033425,63.7
"Miami, FL","Seattle, WA",74.4,10.2,4.65,6.08,Medium,6.2,Fog,Spring,6,8,4.3,Flatbed,0,fast,fast,3,3141,80,8581.21,2402.245066,10983.45507,74.4
"Houston, TX","Denver, CO",47.7,20,4.47,7.99,High,9.6,Fog,Fall,3,8,6.4,Tanker,0,fast,slow,1,1010,60,1839.21,565.0438048,2404.253805,47.7
"Los Angeles, CA","Miami, FL",46.2,22.1,4.98,6.99,Low,8.4,Fog,Fall,8,8,5.7,Dry Van,0,fast,slow,1,2686,60,4998.65,1913.630901,6912.280901,46.2
"Seattle, WA","Los Angeles, CA",45.8,22.5,4.17,6.35,Medium,8.2,Storm,Winter,4,8,0.6,Flatbed,0,slow,slow,1,1104,60,2034.67,724.9889764,2759.658976,45.8
"Houston, TX","Los Angeles, CA",47.9,14.4,3.92,5.92,Medium,6.6,Rain,Summer,5,8,1.3,Dry Van,0,slow,slow,1,1577,60,2892.22,1044.22973,3936.44973,47.9
"Houston, TX","Atlanta, GA",65.5,17.4,3.87,6.92,High,8.6,Snow,Spring,2,8,6.1,Dry Van,0,fast,normal,2,806,70,1728.87,450.7543353,2179.624335,65.5
"Seattle, WA","Los Angeles, CA",66.3,21.4,4.91,4.28,High,4.3,Rain,Spring,3,8,2.8,Dry Van,0,fast,normal,2,1104,70,2395.68,1266.504673,3662.184673,66.3
"Dallas, TX","Chicago, IL",67.5,29.4,3.74,5.72,High,9.1,Storm,Summer,2,8,1.6,Refrigerated,1,slow,normal,2,925,70,2007.25,604.8076923,2612.057692,67.5
"New York, NY","Dallas, TX",41.6,20.5,4.12,5.38,High,5.9,Storm,Summer,5,8,9,Dry Van,1,normal,slow,1,1576,60,2918.75,1206.899628,4125.649628,41.6
"Atlanta, GA","Denver, CO",63.2,29.1,4.12,7.75,Medium,4.3,Clear,Winter,3,8,6.2,Refrigerated,1,normal,normal,2,1392,70,2992.8,740.0051613,3732.805161,63.2
"Denver, CO","Phoenix, AZ",74.3,8.6,4.45,4.76,Low,6,Snow,Spring,2,8,9.5,Dry Van,1,normal,fast,3,673,80,1810.37,629.1701681,2439.540168,74.3
"Miami, FL","Denver, CO",46.4,5.6,4.44,5.67,Medium,4.5,Storm,Winter,6,8,5.5,Dry Van,0,slow,slow,1,1984,60,3666.43,1553.608466,5220.038466,46.4
"Phoenix, AZ","Chicago, IL",48,15.1,4.09,7.17,Medium,7.3,Rain,Spring,5,8,2.3,Flatbed,0,normal,slow,1,1670,60,3086.16,952.6220363,4038.782036,48
"Houston, TX","Denver, CO",55,8.5,4.33,4.86,Medium,4.6,Rain,Spring,3,8,7.5,Dry Van,1,fast,slow,1,1010,60,1839.21,899.8559671,2739.065967,55
"Atlanta, GA","Los Angeles, CA",67.5,7.8,3.71,7.91,High,8.8,Fog,Fall,5,8,3.4,Dry Van,1,normal,normal,2,2223,70,4812.8,1042.646018,5855.446018,67.5
"Dallas, TX","Chicago, IL",59.1,24,4.51,4.07,High,4.8,Fog,Spring,2,8,8.7,Refrigerated,1,normal,slow,1,925,60,1704.77,1025,2729.77,59.1
"Dallas, TX","New York, NY",55.8,29.6,4.54,4.11,Medium,4.4,Storm,Fall,4,8,2.8,Dry Van,0,normal,slow,1,1576,60,2918.75,1740.885645,4659.635645,55.8
"Chicago, IL","Denver, CO",67.9,14.3,3.9,5.59,Medium,4.6,Snow,Fall,2,8,2,Dry Van,0,slow,normal,2,1056,70,2296.8,736.744186,3033.544186,67.9
"Denver, CO","Dallas, TX",43.3,13.9,4.51,5.11,High,5.9,Rain,Summer,3,8,2,Dry Van,0,fast,slow,1,762,60,1387.6,672.5283757,2060.128376,43.3
"Denver, CO","Seattle, WA",58.2,16.2,4.12,4.66,High,7.7,Snow,Winter,3,8,2.8,Refrigerated,0,normal,slow,1,1172,60,2144.76,1036.188841,3180.948841,58.2
"Denver, CO","Miami, FL",44.9,10.1,3.37,7.58,High,7.9,Snow,Spring,6,8,8,Refrigerated,1,normal,slow,1,1984,60,3666.43,882.0686016,4548.498602,44.9
"Seattle, WA","Dallas, TX",70,7.9,4.48,5.28,Low,9.9,Rain,Summer,4,8,6.7,Tanker,1,slow,normal,2,1932,70,4153.8,1639.272727,5793.072727,70
"Los Angeles, CA","Seattle, WA",45.8,27,3.85,4.65,Medium,4.1,Storm,Summer,4,8,5.3,Refrigerated,1,slow,slow,1,1104,60,2034.67,914.0645161,2948.734516,45.8
"New York, NY","Houston, TX",71.2,7,4.46,4.75,Medium,9.1,Storm,Fall,3,8,5.4,Dry Van,1,fast,fast,3,1630,80,4453.16,1530.484211,5983.644211,71.2
"Dallas, TX","Miami, FL",51,16.8,4.64,5.84,High,6.1,Clear,Fall,4,8,8.3,Dry Van,0,normal,slow,1,1277,60,2353.51,1014.60274,3368.11274,51
"New York, NY","Phoenix, AZ",46.1,22.8,4.65,4.4,High,5.4,Storm,Spring,7,8,3.5,Flatbed,1,normal,slow,1,2461,60,4567.62,2600.829545,7168.449545,46.1
"Los Angeles, CA","Seattle, WA",66.2,21.3,4.24,5.41,High,9,Storm,Fall,3,8,1.3,Refrigerated,0,fast,normal,2,1104,70,2395.68,865.2421442,3260.922144,66.2
"Dallas, TX","Chicago, IL",51.4,22.2,3.14,4.7,Low,9.1,Fog,Summer,3,8,0.7,Tanker,0,slow,slow,1,925,60,1704.77,617.9787234,2322.748723,51.4
"Denver, CO","Atlanta, GA",51.9,26.7,3.43,5.44,High,4.4,Storm,Fall,4,8,4.1,Flatbed,0,normal,slow,1,1392,60,2540.4,877.6764706,3418.076471,51.9
"Seattle, WA","Atlanta, GA",71.6,10.8,4.61,4.24,Medium,9.4,Fog,Fall,5,8,8.7,Dry Van,0,fast,fast,3,2505,80,6755.98,2723.596698,9479.576698,71.6
"Phoenix, AZ","Seattle, WA",45.9,14.7,3.76,4.91,High,6.3,Snow,Summer,4,8,9.8,Tanker,0,normal,slow,1,1282,60,2346.06,981.7352342,3327.795234,45.9
"Atlanta, GA","Houston, TX",54.8,6.1,4.48,7.67,Medium,5.7,Rain,Summer,2,8,9.7,Dry Van,0,fast,slow,1,806,60,1467.73,470.779661,1938.509661,54.8
"Phoenix, AZ","Miami, FL",64.5,26,4.96,6.49,Medium,7.4,Storm,Summer,5,8,2.8,Dry Van,0,normal,normal,2,2276,70,4950.3,1739.439137,6689.739137,64.5
"New York, NY","Seattle, WA",43.9,22.6,4.08,4.39,Medium,5.5,Snow,Spring,8,8,2.8,Dry Van,0,normal,slow,1,2762,60,5140.08,2566.961276,7707.041276,43.9
"Houston, TX","Chicago, IL",42.6,10.7,4.46,6.4,Medium,4.4,Snow,Fall,4,8,6.7,Refrigerated,0,normal,slow,1,1083,60,1995.97,754.715625,2750.685625,42.6
"Seattle, WA","Houston, TX",71.2,9.6,3.16,4.96,High,8.8,Snow,Spring,4,8,10,Flatbed,0,fast,fast,3,2173,80,5845.37,1384.41129,7229.78129,71.2
"Atlanta, GA","Dallas, TX",58.3,6.6,4.66,6.4,High,4.7,Rain,Spring,2,8,0.3,Flatbed,0,fast,slow,1,828,60,1507.79,602.8875,2110.6775,58.3
"Denver, CO","Miami, FL",42.3,28.9,3.05,6.78,Medium,4.5,Clear,Spring,6,8,4.6,Flatbed,0,fast,slow,1,1984,60,3666.43,892.5073746,4558.937375,42.3
"Denver, CO","Phoenix, AZ",51.9,9.1,3.34,7.79,High,6.7,Rain,Summer,2,8,6.4,Dry Van,1,normal,slow,1,673,60,1228.23,288.5519897,1516.78199,51.9
"Dallas, TX","Chicago, IL",44.6,10.9,4.57,7.88,High,5.6,Rain,Winter,3,8,4.7,Refrigerated,1,fast,slow,1,925,60,1704.77,536.4530457,2241.223046,44.6
"Los Angeles, CA","Dallas, TX",49.4,15.2,4.78,4.01,Medium,4.2,Rain,Summer,4,8,9.1,Flatbed,0,normal,slow,1,1423,60,2609.78,1696.244389,4306.024389,49.4
"Houston, TX","Chicago, IL",56.4,16.3,3.95,6.49,Medium,6.8,Fog,Fall,3,8,5.9,Refrigerated,1,normal,slow,1,1083,60,1995.97,659.1448382,2655.114838,56.4
"Houston, TX","Atlanta, GA",69.9,6.2,4.67,7.38,Medium,5.7,Rain,Fall,2,8,4.4,Dry Van,0,slow,normal,2,806,70,1728.87,510.0298103,2238.89981,69.9
"Dallas, TX","Miami, FL",53.9,6.1,3.56,7.27,High,5.7,Rain,Spring,3,8,5.3,Tanker,1,normal,slow,1,1277,60,2353.51,625.3259972,2978.835997,53.9
"Seattle, WA","Miami, FL",60.1,5.7,4.35,4.18,Medium,6.7,Clear,Spring,7,8,4.2,Refrigerated,1,slow,normal,2,3141,70,6847.38,3268.744019,10116.12402,60.1
"Miami, FL","Atlanta, GA",71.8,22.9,4.22,5.24,Medium,8.9,Fog,Spring,2,8,8.2,Tanker,1,slow,fast,3,697,80,1899.33,561.3244275,2460.654427,71.8
"Miami, FL","Houston, TX",62.3,6.3,3.52,4.24,High,7.6,Storm,Winter,3,8,1.1,Dry Van,1,fast,normal,2,1112,70,2413.04,923.1698113,3336.209811,62.3
"Atlanta, GA","Dallas, TX",56,14.2,3.24,5.68,Low,8.5,Fog,Summer,2,8,0.8,Refrigerated,1,fast,slow,1,828,60,1507.79,472.3098592,1980.099859,56
"Seattle, WA","Houston, TX",73,21.7,4.36,5.45,Low,7.6,Snow,Summer,4,8,9.1,Refrigerated,0,fast,fast,3,2173,80,5845.37,1738.4,7583.77,73
"Los Angeles, CA","Phoenix, AZ",70.6,23.1,3.24,7.61,Medium,4.4,Storm,Summer,1,8,0.1,Tanker,1,slow,fast,3,410,80,1111.51,174.5597898,1286.06979,70.6
"Seattle, WA","Atlanta, GA",50.3,17.2,4.15,4.17,High,4.7,Storm,Winter,7,8,3.4,Tanker,1,slow,slow,1,2505,60,4584.15,2492.985612,7077.135612,50.3
"Chicago, IL","New York, NY",62.8,26.1,4.38,5.72,High,8,Storm,Spring,2,8,3.1,Refrigerated,0,slow,normal,2,818,70,1807.78,626.3706294,2434.150629,62.8
"Miami, FL","Seattle, WA",55.6,25,4.64,7.43,Low,9.5,Rain,Fall,8,8,8.9,Flatbed,1,normal,slow,1,3141,60,5817.13,1961.539704,7778.669704,55.6
"Dallas, TX","Phoenix, AZ",53,5.7,3.79,6.1,High,7.1,Fog,Fall,3,8,1.4,Flatbed,1,slow,slow,1,1017,60,1851.96,631.8737705,2483.83377,53
"Houston, TX","Dallas, TX",52.1,8.9,3.05,6.58,Medium,7.8,Clear,Spring,1,8,6.8,Flatbed,0,normal,slow,1,259,60,470.34,120.0531915,590.3931915,52.1
"Denver, CO","Miami, FL",52.8,10.4,4.98,5.82,Low,8.1,Storm,Winter,5,8,2.3,Flatbed,1,fast,slow,1,1984,60,3666.43,1697.649485,5364.079485,52.8
"Dallas, TX","Houston, TX",58.6,8.4,3.2,4.84,Low,9.6,Rain,Fall,1,8,3.1,Dry Van,1,normal,slow,1,259,60,470.34,171.2396694,641.5796694,58.6
"Phoenix, AZ","Denver, CO",57.1,8.3,4.67,5.48,Low,6.2,Storm,Spring,2,8,4.4,Dry Van,0,normal,slow,1,673,60,1228.23,573.5237226,1801.753723,57.1
"Los Angeles, CA","Seattle, WA",59.1,7.2,4.21,4.61,High,4.2,Rain,Spring,3,8,9.8,Flatbed,0,normal,slow,1,1104,60,2034.67,1008.208243,3042.878243,59.1
"Houston, TX","Phoenix, AZ",58.6,9.2,3.49,7.35,High,6.1,Storm,Fall,3,8,7.1,Tanker,0,fast,slow,1,1166,60,2123.29,553.6517007,2676.941701,58.6
"Atlanta, GA","Phoenix, AZ",57.8,21.9,3.47,7.32,Low,7.3,Snow,Spring,4,8,5.8,Flatbed,0,normal,slow,1,1827,60,3334.28,866.0778689,4200.357869,57.8
"Denver, CO","Dallas, TX",45.3,25.4,3.41,7.13,Low,8.4,Clear,Winter,3,8,3.3,Flatbed,1,slow,slow,1,762,60,1387.6,364.4347826,1752.034783,45.3
"New York, NY","Dallas, TX",56.2,23.3,3.3,7.41,High,8.3,Clear,Fall,4,8,1.3,Tanker,0,slow,slow,1,1576,60,2918.75,701.8623482,3620.612348,56.2
"Seattle, WA","Atlanta, GA",61,13.8,3.92,4.15,Low,8.5,Storm,Summer,6,8,0.6,Refrigerated,1,slow,normal,2,2505,70,5398.28,2366.168675,7764.448675,61
"New York, NY","Miami, FL",56.3,5.9,4.94,7.8,Medium,7.1,Rain,Spring,3,8,4.9,Tanker,1,slow,slow,1,1256,60,2360.02,795.4666667,3155.486667,56.3
"Houston, TX","Dallas, TX",57.2,18.1,4.13,5.76,High,7.6,Rain,Fall,1,8,5.8,Tanker,0,fast,slow,1,259,60,470.34,185.7065972,656.0465972,57.2
"Miami, FL","Denver, CO",74.3,15.2,4.66,7.06,Medium,7.4,Fog,Fall,4,8,10,Refrigerated,1,fast,fast,3,1984,80,5406.4,1309.552408,6715.952408,74.3
"Denver, CO","Los Angeles, CA",40.1,21,3.6,4.96,Medium,5.9,Rain,Spring,3,8,0.3,Dry Van,0,fast,slow,1,954,60,1754.41,692.4193548,2446.829355,40.1
"Phoenix, AZ","Dallas, TX",47.7,23.4,4.53,7.72,Medium,4.2,Fog,Spring,3,8,5.3,Tanker,0,fast,slow,1,1017,60,1851.96,596.7629534,2448.722953,47.7
"Houston, TX","Atlanta, GA",62.6,25.5,3.67,6.93,High,7.2,Clear,Fall,2,8,2,Dry Van,0,normal,normal,2,806,70,1728.87,426.8427128,2155.712713,62.6
"Seattle, WA","Atlanta, GA",43.1,5.1,3.09,5.37,Medium,7.8,Fog,Winter,8,8,7.5,Flatbed,0,slow,slow,1,2505,60,4584.15,1441.424581,6025.574581,43.1
"New York, NY","Seattle, WA",63,24.2,4.69,6.45,Medium,4.5,Rain,Summer,6,8,0.8,Dry Van,0,slow,normal,2,2762,70,6048.78,2008.337984,8057.117984,63
"Atlanta, GA","New York, NY",54.2,6.7,3.7,4.44,Low,8.8,Fog,Spring,2,8,9.6,Refrigerated,1,fast,slow,1,858,60,1592.45,715,2307.45,54.2
"Atlanta, GA","Seattle, WA",50.5,6.9,4,7.18,Medium,8.2,Fog,Fall,7,8,7.1,Dry Van,1,normal,slow,1,2505,60,4584.15,1395.543175,5979.693175,50.5
"Houston, TX","Miami, FL",47.4,26.6,3.8,5.17,Medium,4.9,Fog,Winter,3,8,0.2,Tanker,1,fast,slow,1,1112,60,2049.42,817.3307544,2866.750754,47.4
"Atlanta, GA","Miami, FL",69.5,18.7,3.44,4.13,Medium,5.3,Clear,Spring,2,8,7.6,Refrigerated,0,normal,normal,2,697,70,1515.97,580.5520581,2096.522058,69.5
"Houston, TX","Seattle, WA",65.2,26.7,3.91,7.29,High,7.3,Fog,Summer,5,8,5.3,Refrigerated,0,fast,normal,2,2173,70,4671.95,1165.491084,5837.441084,65.2
"Miami, FL","Atlanta, GA",48.2,12.6,3.58,6.25,High,4.7,Rain,Fall,2,8,2.7,Dry Van,1,normal,slow,1,697,60,1288.06,399.2416,1687.3016,48.2
"Phoenix, AZ","New York, NY",49.9,8.3,4.26,4.22,Low,8.5,Snow,Spring,7,8,1.9,Refrigerated,1,normal,slow,1,2461,60,4567.62,2484.327014,7051.947014,49.9
"Los Angeles, CA","Seattle, WA",65,19.8,4.79,6.33,Low,6.8,Storm,Winter,3,8,9.4,Flatbed,0,fast,normal,2,1104,70,2395.68,835.4123223,3231.092322,65
"Dallas, TX","Denver, CO",72.6,25.7,3.26,6.26,High,9.2,Rain,Winter,2,8,9.1,Refrigerated,0,slow,fast,3,762,80,2044.45,396.8242812,2441.274281,72.6
"Atlanta, GA","Seattle, WA",54.8,14.4,4.87,6.7,Medium,4.7,Clear,Fall,6,8,5.6,Tanker,0,normal,slow,1,2505,60,4584.15,1820.798507,6404.948507,54.8
"Dallas, TX","Seattle, WA",69.5,21.9,3.28,5.02,Medium,9.3,Clear,Winter,4,8,2.8,Dry Van,1,fast,normal,2,1932,70,4153.8,1262.342629,5416.142629,69.5
"Dallas, TX","Seattle, WA",63.7,28.6,3.54,5.9,High,7.8,Fog,Spring,4,8,1,Flatbed,0,fast,normal,2,1932,70,4153.8,1159.2,5313,63.7
"Seattle, WA","Los Angeles, CA",53.5,26.6,3.95,4.44,Low,7.8,Storm,Summer,3,8,0,Dry Van,1,slow,slow,1,1104,60,2034.67,982.1621622,3016.832162,53.5
"Denver, CO","Chicago, IL",46.5,18.8,3.83,6.88,Medium,6.2,Fog,Spring,3,8,7.3,Refrigerated,1,normal,slow,1,1056,60,1951.49,587.8604651,2539.350465,46.5
"Chicago, IL","Dallas, TX",67.9,23.9,3.07,5.58,Medium,9.6,Fog,Fall,2,8,7.4,Tanker,0,slow,normal,2,925,70,2007.25,508.9157706,2516.165771,67.9
"Dallas, TX","Los Angeles, CA",41.8,22.1,3.94,6.32,Medium,4.5,Fog,Summer,5,8,0.6,Flatbed,0,slow,slow,1,1423,60,2609.78,887.1234177,3496.903418,41.8
"Atlanta, GA","New York, NY",58.1,11.7,4.67,4.06,High,6.3,Fog,Summer,2,8,0.2,Flatbed,0,fast,slow,1,858,60,1592.45,986.91133,2579.36133,58.1
"Houston, TX","Seattle, WA",54.5,17.3,3.81,6.12,High,7.6,Clear,Spring,5,8,4.6,Dry Van,0,fast,slow,1,2173,60,3965.72,1352.79902,5318.51902,54.5
"Atlanta, GA","Los Angeles, CA",58.2,21.9,3.62,7.1,Medium,8.6,Clear,Summer,5,8,9.8,Refrigerated,0,fast,slow,1,2223,60,4088.1,1133.416901,5221.516901,58.2
"New York, NY","Denver, CO",40.6,24.3,4.61,4.48,High,5.6,Snow,Fall,6,8,7.7,Refrigerated,0,fast,slow,1,1872,60,3474.43,1926.321429,5400.751429,40.6
"Seattle, WA","Miami, FL",52.2,14.3,3,5.2,Low,7.9,Fog,Spring,8,8,8.5,Flatbed,1,slow,slow,1,3141,60,5817.13,1812.115385,7629.245385,52.2
"New York, NY","Denver, CO",71.4,24.6,4.56,5.83,Low,6.4,Snow,Fall,4,8,0.7,Tanker,0,normal,fast,3,1872,80,5127.41,1464.205832,6591.615832,71.4
"Miami, FL","Seattle, WA",48.6,17.1,4.49,5.9,Medium,4.3,Rain,Fall,9,8,2.4,Flatbed,1,normal,slow,1,3141,60,5817.13,2390.354237,8207.484237,48.6
"Atlanta, GA","Chicago, IL",62.8,21.1,4.12,7.11,Medium,5.2,Rain,Fall,2,8,9,Refrigerated,1,slow,normal,2,677,70,1472.47,392.2981716,1864.768172,62.8
"Miami, FL","New York, NY",51,11.9,4.96,6.11,Low,9.4,Clear,Summer,4,8,9.5,Tanker,1,slow,slow,1,1256,60,2360.02,1019.600655,3379.620655,51
"Houston, TX","Chicago, IL",65.4,18.5,3.12,6.76,Low,8.1,Rain,Fall,3,8,5,Tanker,1,slow,normal,2,1083,70,2350.11,499.8461538,2849.956154,65.4
"Chicago, IL","Dallas, TX",41.6,15.4,3.6,7.04,Medium,6.1,Storm,Winter,3,8,0.8,Dry Van,1,slow,slow,1,925,60,1704.77,473.0113636,2177.781364,41.6
"Dallas, TX","Houston, TX",68.2,16.5,4.09,5.73,Medium,4.3,Clear,Spring,1,8,4.8,Refrigerated,1,normal,normal,2,259,70,554.26,184.8708551,739.1308551,68.2
"Los Angeles, CA","New York, NY",63.6,8.4,4.99,6.11,Medium,6.4,Snow,Fall,6,8,2,Refrigerated,0,normal,normal,2,2812,70,6186.4,2296.543372,8482.943372,63.6
"Los Angeles, CA","Denver, CO",74.8,22.8,4.96,6.28,Medium,5.6,Snow,Fall,2,8,5.9,Flatbed,1,normal,fast,3,954,80,2586.29,753.477707,3339.767707,74.8
"Houston, TX","Atlanta, GA",61.8,29.5,3.38,7.17,High,9.4,Fog,Spring,2,8,9.6,Tanker,0,fast,normal,2,806,70,1728.87,379.9553696,2108.82537,61.8
"Los Angeles, CA","Houston, TX",74.2,23.9,3.32,5.91,Medium,8.3,Snow,Fall,3,8,6.7,Dry Van,1,slow,fast,3,1577,80,4264.21,885.8950931,5150.105093,74.2
"Miami, FL","Denver, CO",59.8,24.3,4,4.05,High,4.1,Rain,Summer,5,8,9.3,Dry Van,0,fast,slow,1,1984,60,3666.43,1959.506173,5625.936173,59.8
"Phoenix, AZ","Miami, FL",62.2,10.6,3.64,7.39,Medium,8.4,Snow,Summer,5,8,2.5,Tanker,0,slow,normal,2,2276,70,4950.3,1121.060893,6071.360893,62.2
"Miami, FL","Denver, CO",71.3,5,4.8,4.62,Medium,9.9,Snow,Winter,4,8,4.9,Refrigerated,0,normal,fast,3,1984,80,5406.4,2061.298701,7467.698701,71.3
"Seattle, WA","Dallas, TX",56.9,20.9,3.18,4.13,Medium,4.3,Rain,Fall,5,8,2.8,Dry Van,0,fast,slow,1,1932,60,3525.9,1487.59322,5013.49322,56.9
"Denver, CO","Phoenix, AZ",74.7,14.7,4.15,5.66,High,9.1,Snow,Spring,2,8,8.8,Dry Van,0,slow,fast,3,673,80,1810.37,493.4540636,2303.824064,74.7
"Denver, CO","New York, NY",41,26,4.5,4.91,Medium,9.7,Storm,Fall,6,8,6.8,Tanker,1,slow,slow,1,1872,60,3474.43,1715.682281,5190.112281,41
"Seattle, WA","Dallas, TX",55.1,23,4.13,5.71,High,6,Storm,Winter,5,8,1.4,Flatbed,0,normal,slow,1,1932,60,3525.9,1397.401051,4923.301051,55.1
"Miami, FL","Los Angeles, CA",71.6,26.1,3.8,7.05,High,8.9,Clear,Fall,5,8,5.4,Dry Van,1,fast,fast,3,2686,80,7375.76,1447.77305,8823.53305,71.6
"Chicago, IL","Dallas, TX",48.9,12.4,4.19,4.13,Medium,7.8,Rain,Spring,3,8,9.4,Tanker,1,slow,slow,1,925,60,1704.77,938.4382567,2643.208257,48.9
"Denver, CO","Phoenix, AZ",54.3,25.3,4.67,5.33,High,8.2,Storm,Spring,2,8,6.5,Dry Van,0,fast,slow,1,673,60,1228.23,589.6641651,1817.894165,54.3
"Phoenix, AZ","Chicago, IL",70.7,18.5,3.56,5.7,Medium,4.2,Clear,Winter,3,8,5.3,Refrigerated,1,normal,fast,3,1670,80,4550.75,1043.017544,5593.767544,70.7
"Houston, TX","Miami, FL",42.1,14.1,4.45,4.8,Low,5.2,Storm,Fall,4,8,4.4,Dry Van,1,normal,slow,1,1112,60,2049.42,1030.916667,3080.336667,42.1
"Chicago, IL","Phoenix, AZ",41.8,9.8,3.62,6.93,High,7.8,Fog,Summer,5,8,7.6,Flatbed,1,fast,slow,1,1670,60,3086.16,872.3520924,3958.512092,41.8
"Dallas, TX","Chicago, IL",71.4,25.5,3.51,5.09,Medium,4.8,Clear,Spring,2,8,9.8,Refrigerated,0,slow,fast,3,925,80,2514.15,637.8683694,3152.018369,71.4
"Seattle, WA","Los Angeles, CA",53.8,19.8,4.32,4.31,High,7.3,Fog,Fall,3,8,5.2,Refrigerated,1,normal,slow,1,1104,60,2034.67,1106.561485,3141.231485,53.8
"Los Angeles, CA","New York, NY",62,17,3.72,7.8,High,7.8,Fog,Fall,6,8,1,Flatbed,0,fast,normal,2,2812,70,6186.4,1341.107692,7527.507692,62
"Phoenix, AZ","Denver, CO",57.8,14.2,4.87,7.31,Low,8.2,Rain,Spring,2,8,8,Dry Van,0,normal,slow,1,673,60,1228.23,448.3597811,1676.589781,57.8
"New York, NY","Chicago, IL",44.4,26.3,3.69,4.12,Low,4.3,Snow,Summer,3,8,2.1,Refrigerated,1,fast,slow,1,818,60,1537.02,732.6262136,2269.646214,44.4
"Chicago, IL","Houston, TX",45.5,8,4.53,6.68,Medium,6.6,Storm,Summer,3,8,3.8,Tanker,1,fast,slow,1,1083,60,1995.97,734.4296407,2730.399641,45.5
"New York, NY","Chicago, IL",67.5,23.4,3.77,4.1,Medium,9,Fog,Spring,2,8,7,Dry Van,0,normal,normal,2,818,70,1807.78,752.1609756,2559.940976,67.5
"Los Angeles, CA","Miami, FL",55.3,10.9,4.41,7.27,Low,7.3,Snow,Winter,7,8,0.5,Refrigerated,1,slow,slow,1,2686,60,4998.65,1629.33425,6627.98425,55.3
"Los Angeles, CA","Seattle, WA",65.1,26.6,3.36,7.2,Medium,7.3,Storm,Spring,3,8,6.8,Tanker,1,normal,normal,2,1104,70,2395.68,515.2,2910.88,65.1
"Los Angeles, CA","Phoenix, AZ",51.1,25.4,4,4.28,High,5.9,Rain,Spring,2,8,8.5,Tanker,1,fast,slow,1,410,60,753.99,383.1775701,1137.16757,51.1
"Los Angeles, CA","New York, NY",62,11.2,3.33,4.75,Medium,4.1,Storm,Winter,6,8,1.9,Dry Van,0,normal,normal,2,2812,70,6186.4,1971.36,8157.76,62
"Phoenix, AZ","Los Angeles, CA",72.7,15.8,4.76,6.42,Medium,5.5,Storm,Fall,1,8,0.8,Tanker,1,slow,fast,3,410,80,1111.51,303.9875389,1415.497539,72.7
"Denver, CO","Phoenix, AZ",63.7,6.8,3.41,5.53,Low,9.9,Clear,Winter,2,8,7.3,Refrigerated,1,normal,normal,2,673,70,1446.95,414.9963834,1861.946383,63.7
"Dallas, TX","Houston, TX",67.3,24.6,4.2,7.96,High,6,Snow,Spring,1,8,0.1,Tanker,1,slow,normal,2,259,70,554.26,136.6582915,690.9182915,67.3
"Seattle, WA","New York, NY",74.2,7.6,4.1,7.92,High,7.3,Clear,Summer,5,8,5.8,Dry Van,0,slow,fast,3,2762,80,7584.45,1429.823232,9014.273232,74.2
"Phoenix, AZ","Seattle, WA",58.2,6.9,4.21,6.07,Medium,8.4,Clear,Spring,3,8,5.5,Dry Van,0,slow,slow,1,1282,60,2346.06,889.1630972,3235.223097,58.2
"Phoenix, AZ","Houston, TX",45,19.9,3.34,7.7,Low,4.4,Fog,Winter,4,8,7,Refrigerated,0,normal,slow,1,1166,60,2123.29,505.7714286,2629.061429,45
"New York, NY","Miami, FL",43.2,18.8,4.28,6.82,High,6.2,Fog,Spring,4,8,6.7,Refrigerated,0,fast,slow,1,1256,60,2360.02,788.2228739,3148.242874,43.2
"Atlanta, GA","Dallas, TX",58.4,11.2,3,4.7,Medium,4.7,Storm,Summer,2,8,6.1,Refrigerated,1,fast,slow,1,828,60,1507.79,528.5106383,2036.300638,58.4
"Houston, TX","New York, NY",72.9,5.2,4.54,6.5,Medium,6.2,Storm,Winter,3,8,3.9,Refrigerated,1,fast,fast,3,1630,80,4453.16,1138.492308,5591.652308,72.9
"Dallas, TX","Houston, TX",59,28.5,3.44,6.9,Low,7.7,Rain,Spring,1,8,6.6,Refrigerated,1,fast,slow,1,259,60,470.34,129.1246377,599.4646377,59
"Atlanta, GA","Denver, CO",66,13.2,4.78,4.34,Low,8.8,Storm,Summer,3,8,5.1,Tanker,1,normal,normal,2,1392,70,2992.8,1533.124424,4525.924424,66
"Phoenix, AZ","Chicago, IL",74.9,10.7,4.09,6.68,Low,8.2,Fog,Summer,3,8,2,Dry Van,1,fast,fast,3,1670,80,4550.75,1022.5,5573.25,74.9
"Phoenix, AZ","Miami, FL",65.9,5.3,3.5,4.86,Low,5.6,Clear,Fall,5,8,3.5,Dry Van,0,fast,normal,2,2276,70,4950.3,1639.09465,6589.39465,65.9
"Seattle, WA","Denver, CO",47.5,19.9,4.19,5.49,Medium,6,Rain,Fall,4,8,3.8,Dry Van,1,slow,slow,1,1172,60,2144.76,894.4772313,3039.237231,47.5
"Houston, TX","Miami, FL",49.9,24.7,3.79,6.05,High,5.5,Rain,Fall,3,8,7.7,Dry Van,0,fast,slow,1,1112,60,2049.42,696.6082645,2746.028264,49.9
"Dallas, TX","Chicago, IL",47.2,25,3.67,7.46,Medium,9.5,Clear,Winter,3,8,0.4,Refrigerated,1,fast,slow,1,925,60,1704.77,455.0603217,2159.830322,47.2
"Phoenix, AZ","Dallas, TX",54.4,26.8,4.28,7.33,Low,7,Rain,Summer,3,8,1.4,Refrigerated,1,normal,slow,1,1017,60,1851.96,593.8281037,2445.788104,54.4
"Chicago, IL","Miami, FL",54.7,17.5,4.57,6.4,Low,5.2,Snow,Spring,4,8,4.1,Flatbed,1,normal,slow,1,1370,60,2561.9,978.265625,3540.165625,54.7
"Houston, TX","Atlanta, GA",41,10.3,3.56,6.85,High,4.1,Clear,Winter,3,8,9.2,Flatbed,0,normal,slow,1,806,60,1467.73,418.8846715,1886.614672,41
"Phoenix, AZ","Chicago, IL",58.1,24.7,4.89,6.99,High,8.3,Rain,Fall,4,8,1.1,Flatbed,0,slow,slow,1,1670,60,3086.16,1168.283262,4254.443262,58.1
"Miami, FL","Chicago, IL",50.8,11.2,4.03,6.14,High,6.1,Rain,Fall,4,8,7.9,Flatbed,0,normal,slow,1,1370,60,2561.9,899.2019544,3461.101954,50.8
"Denver, CO","Chicago, IL",72,28.8,3.65,5.42,Low,7,Clear,Summer,2,8,8.8,Dry Van,1,fast,fast,3,1056,80,2877.6,711.1439114,3588.743911,72
"Los Angeles, CA","Denver, CO",53.7,18.8,4.01,4.78,High,9.2,Rain,Winter,3,8,3.4,Flatbed,0,slow,slow,1,954,60,1754.41,800.3221757,2554.732176,53.7
"Phoenix, AZ","Miami, FL",54.5,5.3,3.59,5.84,Low,6.5,Rain,Fall,6,8,4.9,Tanker,0,fast,slow,1,2276,60,4206.05,1399.116438,5605.166438,54.5
"Chicago, IL","New York, NY",65.9,26.6,4.06,7.16,Low,5.8,Storm,Fall,2,8,3.5,Dry Van,1,slow,normal,2,818,70,1807.78,463.8379888,2271.617989,65.9
"Miami, FL","Los Angeles, CA",65.6,27,3.24,6.54,Medium,7.5,Clear,Spring,6,8,2.1,Dry Van,0,slow,normal,2,2686,70,5882.34,1330.678899,7213.018899,65.6
"Houston, TX","Atlanta, GA",45.8,11.1,3.54,5.34,High,8.5,Storm,Spring,3,8,9.9,Tanker,1,fast,slow,1,806,60,1467.73,534.3146067,2002.044607,45.8
"Dallas, TX","Atlanta, GA",66.4,26.8,4.36,5.65,Medium,8.5,Clear,Spring,2,8,4.1,Tanker,0,normal,normal,2,828,70,1776.06,638.9522124,2415.012212,66.4
"Seattle, WA","Dallas, TX",62.1,18.3,3.23,6.42,Medium,4.7,Rain,Fall,4,8,9.8,Tanker,1,normal,normal,2,1932,70,4153.8,972.0186916,5125.818692,62.1
"Seattle, WA","Los Angeles, CA",44,24.1,4.36,7.09,Low,9.7,Clear,Winter,4,8,6.1,Flatbed,1,normal,slow,1,1104,60,2034.67,678.9055007,2713.575501,44
"Atlanta, GA","Dallas, TX",63.6,15.2,4.77,4.89,Medium,8.3,Storm,Summer,2,8,7.2,Tanker,1,slow,normal,2,828,70,1776.06,807.6809816,2583.740982,63.6
"Denver, CO","Chicago, IL",69.3,25.5,4.69,5.94,High,6,Storm,Spring,2,8,4.5,Dry Van,0,fast,normal,2,1056,70,2296.8,833.7777778,3130.577778,69.3
"Houston, TX","Chicago, IL",69.9,27.1,3.93,4.3,Low,6.3,Rain,Summer,2,8,9,Tanker,0,fast,normal,2,1083,70,2350.11,989.8116279,3339.921628,69.9
"Houston, TX","Denver, CO",42.3,26.9,3.78,6.17,Low,9.8,Clear,Spring,3,8,9.8,Flatbed,1,fast,slow,1,1010,60,1839.21,618.7682334,2457.978233,42.3
"Chicago, IL","Phoenix, AZ",58,29.7,3.46,7.77,High,4.3,Clear,Summer,4,8,0.7,Refrigerated,0,fast,slow,1,1670,60,3086.16,743.6550837,3829.815084,58
"Dallas, TX","Los Angeles, CA",61.3,22.7,3.75,5.48,Low,4.3,Rain,Fall,3,8,8.4,Dry Van,1,fast,normal,2,1423,70,3073.68,973.7682482,4047.448248,61.3
"Los Angeles, CA","Miami, FL",62.1,7.4,3.21,4.19,High,7.5,Snow,Winter,6,8,5.5,Flatbed,1,slow,normal,2,2686,70,5882.34,2057.770883,7940.110883,62.1
"Denver, CO","Houston, TX",52.3,21.9,4.52,4.06,Low,5.2,Snow,Winter,3,8,1.9,Tanker,1,fast,slow,1,1010,60,1839.21,1124.433498,2963.643498,52.3
"Seattle, WA","Miami, FL",66.2,27.7,4.52,6.39,Medium,7.9,Storm,Spring,6,8,5.8,Dry Van,0,slow,normal,2,3141,70,6847.38,2221.802817,9069.182817,66.2
"Houston, TX","Chicago, IL",45.5,16.8,4.43,5.08,High,5.2,Clear,Spring,3,8,6,Flatbed,0,fast,slow,1,1083,60,1995.97,944.4271654,2940.397165,45.5
"Dallas, TX","Atlanta, GA",70.4,23.1,4.49,6.23,Medium,7.5,Snow,Fall,2,8,4.4,Refrigerated,0,slow,fast,3,828,80,2221.52,596.7447833,2818.264783,70.4
"Dallas, TX","Seattle, WA",73.5,15.8,4.1,6.13,High,7.8,Fog,Spring,4,8,2.3,Dry Van,0,fast,fast,3,1932,80,5197.08,1292.202284,6489.282284,73.5
"Denver, CO","Miami, FL",68.9,16.6,3.56,6.62,Low,8.9,Storm,Summer,4,8,8.1,Flatbed,0,normal,normal,2,1984,70,4315.2,1066.924471,5382.124471,68.9
"Los Angeles, CA","Atlanta, GA",66.6,9.7,3.18,6.8,Low,6.2,Fog,Winter,5,8,4.6,Tanker,1,fast,normal,2,2223,70,4812.8,1039.579412,5852.379412,66.6
"Houston, TX","Miami, FL",54.5,27.2,4.65,6.52,High,9.1,Fog,Winter,3,8,9,Dry Van,0,slow,slow,1,1112,60,2049.42,793.0674847,2842.487485,54.5
"Houston, TX","New York, NY",51.4,27.5,4.99,7.3,High,9.1,Rain,Fall,4,8,7.1,Dry Van,1,fast,slow,1,1630,60,3018.76,1114.205479,4132.965479,51.4
"Atlanta, GA","Seattle, WA",68.9,27.6,4.87,7.21,Low,8,Clear,Fall,5,8,4.7,Flatbed,0,slow,normal,2,2505,70,5398.28,1692.004161,7090.284161,68.9
"Seattle, WA","Miami, FL",50.6,13,4.92,7.57,High,9.1,Clear,Summer,8,8,0.1,Flatbed,1,fast,slow,1,3141,60,5817.13,2041.442536,7858.572536,50.6
"Houston, TX","Chicago, IL",50.9,5.4,3.03,7.67,High,8.2,Rain,Fall,3,8,1.3,Tanker,0,slow,slow,1,1083,60,1995.97,427.8344198,2423.80442,50.9
"Los Angeles, CA","Houston, TX",40.2,28.5,3.83,5.61,Low,6.3,Rain,Fall,5,8,6.4,Dry Van,1,slow,slow,1,1577,60,2892.22,1076.632799,3968.852799,40.2
"Chicago, IL","New York, NY",63.7,8.5,4.16,6.28,Low,9.2,Fog,Winter,2,8,6.2,Flatbed,1,fast,normal,2,818,70,1807.78,541.8598726,2349.639873,63.7
"Los Angeles, CA","Atlanta, GA",56.4,16.1,3.99,7.44,Medium,6.8,Snow,Fall,5,8,5,Dry Van,1,normal,slow,1,2223,60,4088.1,1192.173387,5280.273387,56.4
"Phoenix, AZ","Houston, TX",69.1,14.1,4.73,4.44,Low,9.6,Rain,Spring,3,8,6.9,Flatbed,0,slow,normal,2,1166,70,2501.07,1242.157658,3743.227658,69.1
"Chicago, IL","Los Angeles, CA",62.7,11.9,3.31,6.54,Medium,7.6,Snow,Fall,4,8,0.4,Flatbed,1,normal,normal,2,2004,70,4388.76,1014.256881,5403.016881,62.7
"Atlanta, GA","Phoenix, AZ",55.9,28.7,3.12,6.74,Medium,4.1,Snow,Winter,5,8,6.9,Flatbed,0,normal,slow,1,1827,60,3334.28,845.7329377,4180.012938,55.9
"Houston, TX","Dallas, TX",62.4,28.8,4.76,6.34,Medium,9,Rain,Winter,1,8,0.8,Refrigerated,1,slow,normal,2,259,70,554.26,194.4542587,748.7142587,62.4
"Denver, CO","Seattle, WA",43.3,19.9,4.41,4.27,High,5.4,Snow,Summer,4,8,6.2,Refrigerated,0,slow,slow,1,1172,60,2144.76,1210.42623,3355.18623,43.3
"Denver, CO","Phoenix, AZ",64.2,19.9,4,7.9,High,8.1,Storm,Spring,2,8,2.9,Flatbed,1,fast,normal,2,673,70,1446.95,340.7594937,1787.709494,64.2
"Chicago, IL","Los Angeles, CA",74.9,5.8,4.79,6.49,Low,9.8,Clear,Spring,4,8,8.5,Refrigerated,0,slow,fast,3,2004,80,5502.98,1479.069337,6982.049337,74.9
"Denver, CO","Miami, FL",51.7,6.7,4.95,7.27,High,9.1,Clear,Summer,5,8,3.9,Flatbed,0,fast,slow,1,1984,60,3666.43,1350.866575,5017.296575,51.7
"Chicago, IL","Atlanta, GA",47.4,10.7,3.94,5.07,Medium,4.6,Rain,Winter,2,8,1.5,Dry Van,0,fast,slow,1,677,60,1251.1,526.1104536,1777.210454,47.4
"Dallas, TX","Phoenix, AZ",66.6,29.2,3.88,5.11,Low,8.8,Storm,Fall,2,8,2.3,Tanker,1,slow,normal,2,1017,70,2181.47,772.2035225,2953.673523,66.6
"Dallas, TX","Denver, CO",49,13.9,4.35,4.25,Medium,5.3,Rain,Summer,2,8,1.5,Refrigerated,0,fast,slow,1,762,60,1387.6,779.9294118,2167.529412,49
"Houston, TX","New York, NY",70.3,8.9,3.17,5.94,Low,5.8,Clear,Spring,3,8,5.8,Dry Van,1,normal,fast,3,1630,80,4453.16,869.8821549,5323.042155,70.3
"Denver, CO","Seattle, WA",45,20.6,3.55,5.95,Low,4.5,Clear,Summer,4,8,3.1,Tanker,0,normal,slow,1,1172,60,2144.76,699.2605042,2844.020504,45
"Denver, CO","Atlanta, GA",42,15.5,3.92,6.9,High,7.4,Rain,Winter,5,8,7.8,Tanker,1,fast,slow,1,1392,60,2540.4,790.8173913,3331.217391,42
"Phoenix, AZ","Seattle, WA",51,18.5,4.68,7.96,Medium,9.3,Storm,Summer,4,8,2,Tanker,1,normal,slow,1,1282,60,2346.06,753.7386935,3099.798693,51
"Los Angeles, CA","Dallas, TX",66,17.3,3.97,7.35,High,6.2,Rain,Winter,3,8,4.1,Dry Van,0,normal,normal,2,1423,70,3073.68,768.6136054,3842.293605,66
"Phoenix, AZ","Seattle, WA",55.9,24.1,3.25,4.79,High,9.7,Rain,Spring,3,8,5.7,Flatbed,0,normal,slow,1,1282,60,2346.06,869.8329854,3215.892985,55.9
"Atlanta, GA","Houston, TX",57.1,21.1,3.46,6.21,High,6.2,Clear,Spring,2,8,5.7,Tanker,1,fast,slow,1,806,60,1467.73,449.0756844,1916.805684,57.1
"Los Angeles, CA","New York, NY",49.8,10.5,3.37,7.3,High,5.7,Snow,Summer,8,8,5.6,Flatbed,1,slow,slow,1,2812,60,5258.44,1298.142466,6556.582466,49.8
"New York, NY","Los Angeles, CA",67.5,11.3,4.88,7.58,Low,6,Fog,Summer,6,8,9.9,Refrigerated,1,fast,normal,2,2812,70,6186.4,1810.364116,7996.764116,67.5
"Dallas, TX","Chicago, IL",48.8,18,4.04,6.36,Low,8.5,Storm,Spring,3,8,6.3,Flatbed,1,slow,slow,1,925,60,1704.77,587.5786164,2292.348616,48.8
"Dallas, TX","Miami, FL",45.3,16.5,3.7,4.38,Low,6.9,Rain,Summer,4,8,0.4,Refrigerated,1,fast,slow,1,1277,60,2353.51,1078.744292,3432.254292,45.3
"Dallas, TX","New York, NY",47.3,11,4.82,5.87,High,6.8,Rain,Winter,5,8,1.5,Dry Van,0,slow,slow,1,1576,60,2918.75,1294.091993,4212.841993,47.3
"Miami, FL","Denver, CO",55,19.9,5,7.08,Low,6.4,Snow,Summer,5,8,6.7,Dry Van,0,fast,slow,1,1984,60,3666.43,1401.129944,5067.559944,55
"Los Angeles, CA","Denver, CO",41.6,21.2,3.45,6.68,Medium,6.8,Snow,Spring,3,8,6.3,Dry Van,0,fast,slow,1,954,60,1754.41,492.7095808,2247.119581,41.6
"New York, NY","Los Angeles, CA",69.9,28.2,4.99,7.18,Medium,8.5,Snow,Spring,6,8,0.5,Refrigerated,0,normal,normal,2,2812,70,6186.4,1954.300836,8140.700836,69.9
"New York, NY","Denver, CO",43.9,20.2,3.56,4.69,Low,6.3,Rain,Summer,6,8,3.9,Refrigerated,0,fast,slow,1,1872,60,3474.43,1420.963753,4895.393753,43.9
"Phoenix, AZ","Los Angeles, CA",44.4,24.3,3.47,6.71,High,7.4,Clear,Spring,2,8,3.9,Dry Van,1,normal,slow,1,410,60,753.99,212.0268256,966.0168256,44.4
"Los Angeles, CA","Chicago, IL",40.7,25.7,4.05,7.1,High,5.4,Snow,Fall,7,8,3.3,Flatbed,1,fast,slow,1,2004,60,3729.44,1143.126761,4872.566761,40.7
"Atlanta, GA","New York, NY",41.5,20.9,4.19,6.61,Low,5.2,Snow,Summer,3,8,9.5,Flatbed,0,fast,slow,1,858,60,1592.45,543.8759455,2136.325946,41.5
"Dallas, TX","Denver, CO",65.9,11.9,3.56,7.85,High,4.1,Fog,Spring,2,8,3.5,Tanker,1,normal,normal,2,762,70,1634.49,345.5694268,1980.059427,65.9
"Denver, CO","Miami, FL",67.8,12,3.28,5.25,Medium,9.1,Clear,Fall,4,8,8.3,Refrigerated,0,fast,normal,2,1984,70,4315.2,1239.527619,5554.727619,67.8
"Phoenix, AZ","Chicago, IL",46.5,14.3,4.86,4.25,Medium,4.6,Clear,Summer,5,8,2.7,Dry Van,0,slow,slow,1,1670,60,3086.16,1909.694118,4995.854118,46.5
"Chicago, IL","Miami, FL",55.7,27.8,3.38,4.02,Medium,4.4,Rain,Winter,4,8,6.5,Flatbed,1,slow,slow,1,1370,60,2561.9,1151.890547,3713.790547,55.7
"New York, NY","Phoenix, AZ",46.2,12.4,3.23,7.77,Low,8.7,Fog,Spring,7,8,8.6,Tanker,0,fast,slow,1,2461,60,4567.62,1023.041184,5590.661184,46.2
"Dallas, TX","Chicago, IL",65.1,26.4,3.71,7.03,Low,5.8,Rain,Fall,2,8,2.7,Dry Van,1,normal,normal,2,925,70,2007.25,488.1578947,2495.407895,65.1
"Houston, TX","Atlanta, GA",46.5,13.6,3.86,7.32,Low,4.7,Fog,Fall,3,8,2.9,Refrigerated,0,slow,slow,1,806,60,1467.73,425.0218579,1892.751858,46.5
"Miami, FL","Dallas, TX",50.5,19.9,3.87,4.66,Low,4.7,Snow,Fall,4,8,9,Refrigerated,0,normal,slow,1,1277,60,2353.51,1060.512876,3414.022876,50.5
"Dallas, TX","Atlanta, GA",65.7,21.5,4.86,7.28,High,7.4,Snow,Winter,2,8,9,Tanker,0,slow,normal,2,828,70,1776.06,552.7582418,2328.818242,65.7
"Houston, TX","Denver, CO",51.4,5.3,4.65,7.2,Medium,4.6,Snow,Winter,3,8,3.6,Tanker,0,normal,slow,1,1010,60,1839.21,652.2916667,2491.501667,51.4
"Miami, FL","Denver, CO",60.5,10.7,4.79,7.13,Low,8.2,Fog,Winter,5,8,8.6,Dry Van,1,normal,normal,2,1984,70,4315.2,1332.869565,5648.069565,60.5
"Phoenix, AZ","Houston, TX",70.6,24.7,4.5,6.25,Medium,5.5,Storm,Winter,3,8,9.7,Refrigerated,0,slow,fast,3,1166,80,3128.38,839.52,3967.9,70.6
"Chicago, IL","Miami, FL",52.2,6.3,3.11,6.77,Medium,6.7,Storm,Spring,4,8,6.1,Flatbed,1,fast,slow,1,1370,60,2561.9,629.3500739,3191.250074,52.2
"Seattle, WA","Denver, CO",60.2,14,4.65,7.28,High,6.9,Fog,Spring,3,8,8.1,Tanker,1,fast,normal,2,1172,70,2525.66,748.5989011,3274.258901,60.2
"Chicago, IL","Denver, CO",47.3,7.1,3.93,5.93,Low,9,Storm,Spring,3,8,5.8,Flatbed,1,fast,slow,1,1056,60,1951.49,699.8448567,2651.334857,47.3
"Los Angeles, CA","New York, NY",67.4,11.9,3.41,4.07,Low,8.1,Rain,Winter,6,8,5.3,Tanker,0,slow,normal,2,2812,70,6186.4,2356,8542.4,67.4
"Denver, CO","Atlanta, GA",56.6,15.2,3.32,6.63,Low,9.8,Storm,Summer,4,8,7.1,Dry Van,0,fast,slow,1,1392,60,2540.4,697.0497738,3237.449774,56.6
"Chicago, IL","Denver, CO",54.6,7.9,4.23,7.75,Medium,8,Storm,Summer,3,8,3.5,Dry Van,1,fast,slow,1,1056,60,1951.49,576.3716129,2527.861613,54.6
"Dallas, TX","Seattle, WA",54.1,25.8,4.63,6.45,Low,6.2,Fog,Spring,5,8,4.4,Refrigerated,0,normal,slow,1,1932,60,3525.9,1386.846512,4912.746512,54.1
"Chicago, IL","New York, NY",58.6,18.4,3.56,4.87,High,5.7,Snow,Fall,2,8,0.3,Dry Van,1,normal,slow,1,818,60,1537.02,597.963039,2134.983039,58.6
"Phoenix, AZ","New York, NY",45.5,10.5,4.04,6.84,Low,4.6,Snow,Fall,7,8,9.7,Refrigerated,1,slow,slow,1,2461,60,4567.62,1453.573099,6021.193099,45.5
"Dallas, TX","Denver, CO",51,25.9,3.1,5.86,High,6.3,Rain,Winter,2,8,4,Tanker,1,normal,slow,1,762,60,1387.6,403.105802,1790.705802,51
"Miami, FL","Dallas, TX",58.6,21.9,3.86,6.93,Medium,8.9,Snow,Summer,3,8,0.1,Tanker,0,normal,slow,1,1277,60,2353.51,711.2871573,3064.797157,58.6
"Atlanta, GA","Los Angeles, CA",48.3,7.7,4.54,6,High,6.6,Fog,Summer,6,8,5.1,Dry Van,1,normal,slow,1,2223,60,4088.1,1682.07,5770.17,48.3
"New York, NY","Chicago, IL",60.1,13.1,3.08,5.09,Medium,4,Rain,Fall,2,8,9.7,Tanker,1,slow,normal,2,818,70,1807.78,494.978389,2302.758389,60.1
"Dallas, TX","Seattle, WA",65.5,13.6,4.34,7.22,Low,9.7,Snow,Fall,4,8,7.8,Refrigerated,0,slow,normal,2,1932,70,4153.8,1161.34072,5315.14072,65.5
"Los Angeles, CA","Atlanta, GA",74.7,5.6,4.21,6.64,Low,8.1,Rain,Winter,4,8,9.4,Tanker,0,slow,fast,3,2223,80,6026.55,1409.462349,7436.012349,74.7
"Miami, FL","Atlanta, GA",61.8,10.6,3.61,6.19,Medium,6.5,Fog,Fall,2,8,5.7,Flatbed,0,normal,normal,2,697,70,1515.97,406.4894992,1922.459499,61.8
"Atlanta, GA","Miami, FL",67.9,23.1,4.38,5.36,High,8.8,Fog,Spring,2,8,1.6,Tanker,1,normal,normal,2,697,70,1515.97,569.5634328,2085.533433,67.9
"Miami, FL","Los Angeles, CA",42.7,10.9,4.66,7.79,High,5.8,Clear,Summer,8,8,2.8,Flatbed,1,normal,slow,1,2686,60,4998.65,1606.772786,6605.422786,42.7
"Dallas, TX","Los Angeles, CA",41.3,28.2,3.43,5.68,Low,4.1,Rain,Spring,5,8,7.3,Refrigerated,1,fast,slow,1,1423,60,2609.78,859.3116197,3469.09162,41.3
"Denver, CO","Seattle, WA",67.4,12.8,3.5,6.79,High,6.2,Clear,Fall,3,8,0.1,Refrigerated,0,slow,normal,2,1172,70,2525.66,604.1237113,3129.783711,67.4
"New York, NY","Dallas, TX",58.7,19.2,4.5,4.53,Medium,7.1,Storm,Summer,4,8,4.3,Dry Van,1,slow,slow,1,1576,60,2918.75,1565.562914,4484.312914,58.7
"Denver, CO","Miami, FL",68.2,10.6,3.45,7.27,Medium,9.6,Rain,Fall,4,8,0.5,Dry Van,1,normal,normal,2,1984,70,4315.2,941.5130674,5256.713067,68.2
"New York, NY","Chicago, IL",50.1,12,3.66,6.65,High,9.2,Snow,Summer,3,8,3.3,Dry Van,0,slow,slow,1,818,60,1537.02,450.2075188,1987.227519,50.1
"Phoenix, AZ","Chicago, IL",58.5,9,4.14,7.22,Medium,8.6,Snow,Summer,4,8,1.5,Dry Van,1,normal,slow,1,1670,60,3086.16,957.5900277,4043.750028,58.5
"Atlanta, GA","Los Angeles, CA",52.6,15.2,4.36,4.23,Low,4.2,Clear,Fall,6,8,8,Dry Van,0,fast,slow,1,2223,60,4088.1,2291.319149,6379.419149,52.6
"Dallas, TX","Phoenix, AZ",74.2,13.6,3.67,5.25,Medium,4.7,Fog,Fall,2,8,6.5,Tanker,0,normal,fast,3,1017,80,2728.61,710.9314286,3439.541429,74.2
"New York, NY","Atlanta, GA",67.7,8.5,4.09,4.42,High,4.3,Rain,Fall,2,8,5.4,Dry Van,1,normal,normal,2,858,70,1874.73,793.9411765,2668.671176,67.7
"Los Angeles, CA","Seattle, WA",41.2,29.7,3.06,5.78,Medium,7,Clear,Fall,4,8,1.7,Refrigerated,1,slow,slow,1,1104,60,2034.67,584.4705882,2619.140588,41.2
"Seattle, WA","Los Angeles, CA",66.7,17.7,4.28,7.94,Medium,8.6,Clear,Spring,3,8,4.3,Dry Van,0,fast,normal,2,1104,70,2395.68,595.1032746,2990.783275,66.7
"Houston, TX","Denver, CO",59.7,26.3,3.4,7.74,Medium,8.1,Snow,Summer,3,8,5.6,Tanker,0,normal,slow,1,1010,60,1839.21,443.6692506,2282.879251,59.7
"Phoenix, AZ","Dallas, TX",40.6,25.5,3.08,7.56,High,10,Storm,Winter,4,8,2.1,Tanker,0,fast,slow,1,1017,60,1851.96,414.3333333,2266.293333,40.6
"Seattle, WA","Chicago, IL",48.9,26.6,3.21,4.5,Medium,9.9,Storm,Summer,6,8,1.5,Tanker,0,fast,slow,1,1993,60,3691.04,1421.673333,5112.713333,48.9
"Los Angeles, CA","New York, NY",73,24.1,3.01,4.01,Medium,6.3,Fog,Fall,5,8,2.3,Refrigerated,1,slow,fast,3,2812,80,7761.12,2110.753117,9871.873117,73
"Los Angeles, CA","Chicago, IL",48.2,20.6,4.49,4.87,Medium,4.4,Rain,Summer,6,8,8.5,Flatbed,0,normal,slow,1,2004,60,3729.44,1847.63039,5577.07039,48.2
"Phoenix, AZ","Houston, TX",65.7,13.5,3.96,7.72,Low,6,Storm,Spring,3,8,0.8,Tanker,0,slow,normal,2,1166,70,2501.07,598.1036269,3099.173627,65.7
"Los Angeles, CA","Denver, CO",41,20.8,3.85,6.19,Medium,5,Fog,Fall,3,8,8.1,Tanker,1,fast,slow,1,954,60,1754.41,593.3602585,2347.770258,41
"Dallas, TX","New York, NY",68.2,19.8,3.33,4.1,Low,6.2,Snow,Winter,3,8,1.3,Dry Van,0,fast,normal,2,1576,70,3435.68,1280.019512,4715.699512,68.2
"Dallas, TX","New York, NY",70.2,8.8,4.7,7.97,High,8.4,Rain,Spring,3,8,7.9,Dry Van,1,fast,fast,3,1576,80,4305.63,929.3851945,5235.015194,70.2
"Los Angeles, CA","Chicago, IL",63.8,28.6,3.59,4,High,5.6,Storm,Summer,4,8,3.3,Refrigerated,0,normal,normal,2,2004,70,4388.76,1798.59,6187.35,63.8
"Dallas, TX","Houston, TX",55.5,6.1,4.37,7.61,Medium,9,Storm,Summer,1,8,1.3,Tanker,0,normal,slow,1,259,60,470.34,148.7293035,619.0693035,55.5
"Miami, FL","Phoenix, AZ",69.1,28,4.3,4.41,Low,6.4,Rain,Fall,5,8,7.8,Flatbed,0,normal,normal,2,2276,70,4950.3,2219.229025,7169.529025,69.1
"Atlanta, GA","Los Angeles, CA",40,22.8,3.71,5.02,High,4.1,Clear,Spring,7,8,8.5,Flatbed,1,slow,slow,1,2223,60,4088.1,1642.894422,5730.994422,40
"Dallas, TX","Denver, CO",59.8,17.9,3.17,6.2,Medium,6.3,Storm,Winter,2,8,2.3,Flatbed,0,fast,slow,1,762,60,1387.6,389.6032258,1777.203226,59.8
"Dallas, TX","New York, NY",56.8,8.5,3.16,7.32,Low,9.9,Fog,Fall,4,8,0.7,Tanker,0,fast,slow,1,1576,60,2918.75,680.3497268,3599.099727,56.8
"Seattle, WA","Houston, TX",56.2,13,3.95,5.27,High,6.9,Rain,Spring,5,8,5.9,Flatbed,1,normal,slow,1,2173,60,3965.72,1628.719165,5594.439165,56.2
"Denver, CO","Chicago, IL",52.8,23.5,4.33,4.48,High,7.4,Snow,Spring,3,8,8,Tanker,0,fast,slow,1,1056,60,1951.49,1020.642857,2972.132857,52.8
"Seattle, WA","Chicago, IL",74.8,7.3,4.56,6.69,Low,8.6,Clear,Fall,4,8,6.2,Refrigerated,0,normal,fast,3,1993,80,5444.88,1358.457399,6803.337399,74.8
"Houston, TX","Seattle, WA",46.9,8.1,4.93,4.43,Medium,6.9,Fog,Summer,6,8,6.5,Refrigerated,0,slow,slow,1,2173,60,3965.72,2418.259594,6383.979594,46.9
"Seattle, WA","Phoenix, AZ",74.1,16.9,3.13,4.19,High,5.8,Fog,Summer,3,8,5,Refrigerated,0,slow,fast,3,1282,80,3457.55,957.6754177,4415.225418,74.1
"Dallas, TX","Chicago, IL",48.8,12.7,4.23,7.59,High,8.9,Fog,Spring,3,8,8.9,Flatbed,0,slow,slow,1,925,60,1704.77,515.513834,2220.283834,48.8
"Chicago, IL","Houston, TX",71.8,29.9,4.4,7.08,Low,6,Fog,Summer,2,8,5.3,Dry Van,1,fast,fast,3,1083,80,2943.59,673.0508475,3616.640847,71.8
"Dallas, TX","Chicago, IL",72.3,29.4,4.67,5.21,Low,9.8,Snow,Summer,2,8,9.3,Dry Van,1,slow,fast,3,925,80,2514.15,829.1266795,3343.276679,72.3
"Chicago, IL","New York, NY",50.8,14.3,4.1,7.16,Low,5.9,Rain,Spring,3,8,8.2,Dry Van,1,slow,slow,1,818,60,1537.02,468.4078212,2005.427821,50.8
"Phoenix, AZ","Houston, TX",42.7,9.2,3.12,6,Low,4.6,Snow,Summer,4,8,8.7,Refrigerated,0,fast,slow,1,1166,60,2123.29,606.32,2729.61,42.7
"Denver, CO","New York, NY",74.5,5,4.23,6.47,Medium,6.7,Fog,Fall,4,8,8.1,Tanker,0,normal,fast,3,1872,80,5127.41,1223.888717,6351.298717,74.5
"Chicago, IL","Los Angeles, CA",62.7,28.9,3.3,5.91,High,7.6,Clear,Spring,4,8,8.7,Flatbed,1,fast,normal,2,2004,70,4388.76,1118.984772,5507.744772,62.7
"New York, NY","Phoenix, AZ",45.7,21.9,3.08,6.48,High,8.2,Fog,Spring,7,8,0.4,Tanker,1,fast,slow,1,2461,60,4567.62,1169.734568,5737.354568,45.7
"New York, NY","Dallas, TX",43.5,7.9,3.51,5.18,High,7.2,Rain,Fall,5,8,1.7,Tanker,0,fast,slow,1,1576,60,2918.75,1067.907336,3986.657336,43.5
"Denver, CO","Phoenix, AZ",59.5,26.7,3.74,6.46,Low,7.1,Snow,Summer,2,8,8.3,Flatbed,0,slow,slow,1,673,60,1228.23,389.6315789,1617.861579,59.5
"Miami, FL","Seattle, WA",56.7,20.8,4.66,7.13,High,5.7,Storm,Winter,7,8,1.2,Tanker,0,fast,slow,1,3141,60,5817.13,2052.88359,7870.01359,56.7
"Phoenix, AZ","Miami, FL",74,9.4,4.44,4.16,High,6.4,Fog,Spring,4,8,5.8,Flatbed,0,fast,fast,3,2276,80,6202.1,2429.192308,8631.292308,74
"Los Angeles, CA","Seattle, WA",63.5,17,4.62,7.8,Medium,4.1,Rain,Winter,3,8,0.9,Tanker,1,normal,normal,2,1104,70,2395.68,653.9076923,3049.587692,63.5
"Atlanta, GA","Miami, FL",49.8,8.3,3.88,6.58,Low,6.3,Storm,Spring,2,8,6,Tanker,1,normal,slow,1,697,60,1288.06,410.9969605,1699.05696,49.8
"Atlanta, GA","Chicago, IL",53.4,10.4,3.89,4.19,Medium,8.9,Storm,Fall,2,8,5.9,Flatbed,1,normal,slow,1,677,60,1251.1,628.5274463,1879.627446,53.4
"Phoenix, AZ","Miami, FL",68,18.9,4.65,6.53,Medium,8.7,Clear,Winter,5,8,4.1,Tanker,1,slow,normal,2,2276,70,4950.3,1620.735069,6571.035069,68
"Dallas, TX","Seattle, WA",58.9,20.1,3.44,6.5,Low,7.4,Clear,Summer,5,8,8.2,Refrigerated,1,fast,slow,1,1932,60,3525.9,1022.473846,4548.373846,58.9
"Miami, FL","New York, NY",49.9,25.9,4.09,5.5,Low,7.8,Fog,Summer,4,8,7.4,Tanker,1,slow,slow,1,1256,60,2360.02,934.0072727,3294.027273,49.9
"Phoenix, AZ","Chicago, IL",60.9,14.6,4.71,7.81,High,9.3,Rain,Winter,4,8,1.9,Dry Van,1,slow,normal,2,1670,70,3632.25,1007.131882,4639.381882,60.9
"Houston, TX","Seattle, WA",40.3,5.6,4.11,6.08,Medium,10,Clear,Winter,7,8,2.6,Refrigerated,1,fast,slow,1,2173,60,3965.72,1468.919408,5434.639408,40.3
"Los Angeles, CA","Denver, CO",72.1,24.4,4.64,7.61,Medium,7.1,Storm,Spring,2,8,9.5,Refrigerated,0,slow,fast,3,954,80,2586.29,581.6767411,3167.966741,72.1
"Denver, CO","Atlanta, GA",50.4,6.9,3.34,4.51,Low,4.7,Snow,Winter,4,8,3.6,Tanker,0,normal,slow,1,1392,60,2540.4,1030.882483,3571.282483,50.4
"New York, NY","Chicago, IL",64,28.7,3.29,5.53,Medium,7.3,Storm,Spring,2,8,0,Tanker,0,normal,normal,2,818,70,1807.78,486.6582278,2294.438228,64
"Seattle, WA","Dallas, TX",62.5,15.3,3.98,5.66,Medium,4.1,Storm,Fall,4,8,1.8,Refrigerated,0,fast,normal,2,1932,70,4153.8,1358.54417,5512.34417,62.5
"Los Angeles, CA","Chicago, IL",73.5,20,4.46,5.26,High,6.4,Storm,Summer,4,8,0.5,Tanker,1,normal,fast,3,2004,80,5502.98,1699.209125,7202.189125,73.5
"New York, NY","Atlanta, GA",47.3,19.7,3.22,5.33,Medium,8.7,Snow,Summer,3,8,3.5,Tanker,0,normal,slow,1,858,60,1592.45,518.3414634,2110.791463,47.3
"Los Angeles, CA","Denver, CO",74.7,11,4.75,7.32,High,5.3,Storm,Summer,2,8,4.1,Dry Van,0,fast,fast,3,954,80,2586.29,619.057377,3205.347377,74.7
"Atlanta, GA","New York, NY",46.3,25,3.67,6.92,High,6.5,Snow,Summer,3,8,5.2,Refrigerated,0,fast,slow,1,858,60,1592.45,455.0375723,2047.487572,46.3
"Seattle, WA","New York, NY",46.3,28.9,4.78,6.61,High,6.8,Snow,Winter,8,8,6.2,Dry Van,1,fast,slow,1,2762,60,5140.08,1997.331316,7137.411316,46.3
"New York, NY","Denver, CO",42.1,20.8,4.54,7.98,High,4.1,Storm,Summer,6,8,5.7,Tanker,0,fast,slow,1,1872,60,3474.43,1065.022556,4539.452556,42.1
"Seattle, WA","Chicago, IL",44.5,15.2,3.71,5.21,Medium,8.4,Rain,Winter,6,8,3.6,Flatbed,0,slow,slow,1,1993,60,3691.04,1419.199616,5110.239616,44.5
"Houston, TX","Los Angeles, CA",60.1,9,3.94,6.21,High,7.4,Snow,Spring,4,8,7.4,Flatbed,1,normal,normal,2,1577,70,3406.32,1000.544283,4406.864283,60.1
"Atlanta, GA","Seattle, WA",52.4,24.5,4.13,5.04,Medium,8.2,Fog,Winter,6,8,2,Refrigerated,1,slow,slow,1,2505,60,4584.15,2052.708333,6636.858333,52.4
"Atlanta, GA","Seattle, WA",44.6,16,3.63,7.65,Medium,4.4,Clear,Fall,8,8,2.9,Tanker,1,fast,slow,1,2505,60,4584.15,1188.647059,5772.797059,44.6
"Miami, FL","Seattle, WA",57.4,12.1,4.47,4.1,Low,7.5,Snow,Spring,7,8,1.7,Tanker,0,slow,slow,1,3141,60,5817.13,3424.456098,9241.586098,57.4
"Miami, FL","Seattle, WA",43.2,20.6,4.1,5.63,High,7.1,Rain,Spring,10,8,2.8,Dry Van,1,fast,slow,1,3141,60,5817.13,2287.40675,8104.53675,43.2
"Los Angeles, CA","Chicago, IL",44.3,19.7,3.63,6.51,Low,8.9,Storm,Winter,6,8,3,Tanker,0,slow,slow,1,2004,60,3729.44,1117.437788,4846.877788,44.3
"Denver, CO","Houston, TX",51.5,9.1,3.36,7.16,Medium,6.3,Rain,Spring,3,8,5.9,Dry Van,0,fast,slow,1,1010,60,1839.21,473.9664804,2313.17648,51.5
"Miami, FL","Phoenix, AZ",42.4,25.8,3.35,6.89,Low,8.6,Clear,Spring,7,8,5.8,Dry Van,0,fast,slow,1,2276,60,4206.05,1106.618287,5312.668287,42.4
"New York, NY","Houston, TX",52.6,20.1,3.77,7.45,High,5.9,Storm,Summer,4,8,0.2,Flatbed,1,normal,slow,1,1630,60,3018.76,824.8456376,3843.605638,52.6
"Seattle, WA","Atlanta, GA",71,16.5,4.13,6.65,High,8.1,Clear,Spring,5,8,7.4,Tanker,1,slow,fast,3,2505,80,6755.98,1555.736842,8311.716842,71
"Chicago, IL","Miami, FL",44.7,21,3.64,4.23,Low,4.8,Snow,Summer,4,8,1.4,Dry Van,1,slow,slow,1,1370,60,2561.9,1178.91253,3740.81253,44.7
"Atlanta, GA","Seattle, WA",57.5,21.9,3.48,7.03,High,8.6,Clear,Winter,6,8,4.1,Dry Van,1,normal,slow,1,2505,60,4584.15,1240.02845,5824.17845,57.5
"Atlanta, GA","New York, NY",74.2,21.1,4.87,5.21,High,8.7,Snow,Fall,2,8,6.9,Flatbed,1,slow,fast,3,858,80,2350.06,802.0076775,3152.067678,74.2
"Houston, TX","Seattle, WA",53.8,8.3,4.34,6.92,Medium,7.5,Clear,Summer,6,8,3.7,Tanker,1,fast,slow,1,2173,60,3965.72,1362.83526,5328.55526,53.8
"Dallas, TX","Houston, TX",47.2,12.8,4.27,5.59,Low,4,Snow,Winter,1,8,3.7,Flatbed,0,fast,slow,1,259,60,470.34,197.8407871,668.1807871,47.2
"Seattle, WA","New York, NY",71.4,26.2,3.37,7.83,High,6.3,Clear,Spring,5,8,0.6,Refrigerated,1,slow,fast,3,2762,80,7584.45,1188.753512,8773.203512,71.4
"Chicago, IL","Atlanta, GA",43.8,11.2,3.63,7.24,High,9.3,Fog,Winter,2,8,7.9,Refrigerated,0,fast,slow,1,677,60,1251.1,339.4350829,1590.535083,43.8
"Phoenix, AZ","Miami, FL",71.9,7.4,4.71,5.31,Low,4.3,Clear,Winter,4,8,5.1,Refrigerated,1,slow,fast,3,2276,80,6202.1,2018.824859,8220.924859,71.9
"Seattle, WA","Chicago, IL",50.9,25.1,4.72,4.55,Low,9.7,Snow,Fall,5,8,6.6,Tanker,1,fast,slow,1,1993,60,3691.04,2067.463736,5758.503736,50.9
"Denver, CO","New York, NY",68.4,28.6,3.63,7.43,Low,4.8,Fog,Winter,4,8,7.4,Flatbed,0,normal,normal,2,1872,70,4090.32,914.5841184,5004.904118,68.4
"New York, NY","Dallas, TX",48.8,26.8,3.34,4.21,Low,8.3,Snow,Winter,5,8,3.8,Dry Van,1,fast,slow,1,1576,60,2918.75,1250.31829,4169.06829,48.8
"New York, NY","Chicago, IL",69.3,18.7,3.38,6.88,Medium,7.1,Fog,Fall,2,8,7.9,Flatbed,1,normal,normal,2,818,70,1807.78,401.8662791,2209.646279,69.3
"Los Angeles, CA","Seattle, WA",72.6,28.3,3.8,5.88,Low,8.2,Fog,Summer,2,8,7.3,Refrigerated,1,slow,fast,3,1104,80,3000.67,713.4693878,3714.139388,72.6
"Miami, FL","Dallas, TX",54.3,27.2,3.09,7.85,High,8.1,Rain,Winter,3,8,2.7,Flatbed,0,fast,slow,1,1277,60,2353.51,502.666242,2856.176242,54.3
"New York, NY","Denver, CO",73,12.5,4.55,5.57,High,4.8,Clear,Summer,4,8,2.2,Refrigerated,1,fast,fast,3,1872,80,5127.41,1529.192101,6656.602101,73
"Atlanta, GA","Denver, CO",48.9,18.2,3.34,4.67,High,6.8,Rain,Spring,4,8,1.2,Refrigerated,0,fast,slow,1,1392,60,2540.4,995.5631692,3535.963169,48.9
"New York, NY","Houston, TX",42.2,14.9,3.95,5.81,Low,9.2,Rain,Winter,5,8,4.1,Tanker,0,slow,slow,1,1630,60,3018.76,1108.175559,4126.935559,42.2
"Houston, TX","Chicago, IL",71.3,26.3,4.35,4.55,Low,5.7,Rain,Fall,2,8,9.3,Dry Van,1,normal,fast,3,1083,80,2943.59,1035.395604,3978.985604,71.3
"Los Angeles, CA","Atlanta, GA",66.1,12.8,4.69,5.04,Medium,4,Storm,Winter,5,8,5.7,Refrigerated,1,slow,normal,2,2223,70,4812.8,2068.625,6881.425,66.1
"Phoenix, AZ","New York, NY",70.2,7.6,4.11,6.05,High,5.7,Snow,Spring,5,8,7.5,Dry Van,1,normal,fast,3,2461,80,6740.68,1671.852893,8412.532893,70.2
"Denver, CO","Los Angeles, CA",70.7,23.1,3.46,6.82,Medium,5.8,Rain,Spring,2,8,3.7,Tanker,1,slow,fast,3,954,80,2586.29,483.9941349,3070.284135,70.7
"Miami, FL","Los Angeles, CA",65.2,7.8,3.07,7.98,High,5.4,Snow,Fall,6,8,1.9,Tanker,1,fast,normal,2,2686,70,5882.34,1033.33584,6915.67584,65.2
"Miami, FL","Houston, TX",53.7,25.1,3.68,5.78,High,8.1,Clear,Spring,3,8,7.7,Flatbed,1,normal,slow,1,1112,60,2049.42,707.9861592,2757.406159,53.7
"Los Angeles, CA","Seattle, WA",41.1,18.4,3.08,7.23,Medium,5.9,Clear,Winter,4,8,2.8,Flatbed,0,slow,slow,1,1104,60,2034.67,470.3070539,2504.977054,41.1
"New York, NY","Denver, CO",71,15,4.73,5.07,Low,7.2,Clear,Summer,4,8,3.3,Tanker,0,fast,fast,3,1872,80,5127.41,1746.461538,6873.871538,71
"Miami, FL","Denver, CO",44.3,5.5,4.81,4.27,High,10,Snow,Spring,6,8,1.4,Tanker,0,slow,slow,1,1984,60,3666.43,2234.903981,5901.333981,44.3
"Denver, CO","Miami, FL",46.5,15.7,3.12,4.9,Low,6.2,Rain,Spring,6,8,9.1,Refrigerated,1,fast,slow,1,1984,60,3666.43,1263.281633,4929.711633,46.5
"Los Angeles, CA","New York, NY",51.6,7.7,4.91,4.24,High,5.8,Rain,Fall,7,8,3.2,Dry Van,0,fast,slow,1,2812,60,5258.44,3256.349057,8514.789057,51.6
"Atlanta, GA","Phoenix, AZ",67.4,8.1,4.27,4.5,Low,4.4,Snow,Summer,4,8,1.9,Refrigerated,0,slow,normal,2,1827,70,3928.05,1733.62,5661.67,67.4
"Atlanta, GA","Seattle, WA",59.1,6.9,4.91,4.99,Medium,9.2,Fog,Fall,6,8,2.1,Flatbed,0,normal,slow,1,2505,60,4584.15,2464.839679,7048.989679,59.1
"Miami, FL","Chicago, IL",69.3,17.6,3.03,7.21,High,9.9,Snow,Summer,3,8,5,Refrigerated,1,fast,normal,2,1370,70,3014,575.742025,3589.742025,69.3
"Denver, CO","Miami, FL",73.3,23.9,3.89,6.37,High,8.2,Clear,Summer,4,8,4.5,Tanker,0,fast,fast,3,1984,80,5406.4,1211.579278,6617.979278,73.3
"Seattle, WA","Denver, CO",62.9,15.3,4.33,4.47,Medium,6.4,Fog,Fall,3,8,2.2,Flatbed,0,normal,normal,2,1172,70,2525.66,1135.293065,3660.953065,62.9
"Phoenix, AZ","Los Angeles, CA",73.3,10.2,3.52,7.88,Low,8.4,Storm,Summer,1,8,8.5,Refrigerated,0,slow,fast,3,410,80,1111.51,183.1472081,1294.657208,73.3
"Los Angeles, CA","New York, NY",64.7,17.6,4.66,6.03,High,7.7,Clear,Spring,6,8,6.3,Tanker,1,normal,normal,2,2812,70,6186.4,2173.121061,8359.521061,64.7
"Chicago, IL","Phoenix, AZ",55.8,18.3,4.49,7.3,Medium,8.2,Fog,Spring,4,8,3.3,Refrigerated,1,fast,slow,1,1670,60,3086.16,1027.164384,4113.324384,55.8
"Dallas, TX","Atlanta, GA",62.2,13.9,3.3,6.39,Low,8.9,Storm,Spring,2,8,2,Refrigerated,0,slow,normal,2,828,70,1776.06,427.6056338,2203.665634,62.2
"New York, NY","Los Angeles, CA",50.5,21.1,4.2,6.78,Low,6.2,Snow,Spring,7,8,4.7,Tanker,0,slow,slow,1,2812,60,5258.44,1741.946903,7000.386903,50.5
"Houston, TX","Chicago, IL",46.3,7.7,4.77,5.37,Medium,8.1,Storm,Fall,3,8,6.9,Tanker,0,slow,slow,1,1083,60,1995.97,961.9944134,2957.964413,46.3
"Atlanta, GA","Denver, CO",42,20.2,3.48,5.55,Low,4.5,Storm,Spring,5,8,3,Dry Van,0,fast,slow,1,1392,60,2540.4,872.8216216,3413.221622,42
"Miami, FL","Phoenix, AZ",71.9,5.2,3.97,4.49,High,5.8,Clear,Spring,4,8,1.6,Tanker,1,fast,fast,3,2276,80,6202.1,2012.4098,8214.5098,71.9
"Los Angeles, CA","Chicago, IL",47.2,23.5,4.09,7.54,Low,7.3,Storm,Fall,6,8,7.3,Refrigerated,0,slow,slow,1,2004,60,3729.44,1087.050398,4816.490398,47.2
"Los Angeles, CA","Phoenix, AZ",61,10,4.78,4.46,High,4,Clear,Winter,1,8,6,Flatbed,1,fast,normal,2,410,70,887.65,439.4170404,1327.06704,61
"Los Angeles, CA","Seattle, WA",41.7,11.4,3.93,4.91,High,8.5,Fog,Fall,4,8,4.2,Dry Van,0,slow,slow,1,1104,60,2034.67,883.6496945,2918.319695,41.7
"Seattle, WA","Denver, CO",73.7,16.1,3.98,5.41,Medium,9.5,Fog,Summer,2,8,7.6,Flatbed,1,slow,fast,3,1172,80,3160.88,862.2107209,4023.090721,73.7
"Los Angeles, CA","Houston, TX",52,15.8,4.7,5.45,Low,8.8,Clear,Summer,4,8,6.2,Tanker,1,normal,slow,1,1577,60,2892.22,1359.981651,4252.201651,52
"Atlanta, GA","Dallas, TX",68.2,26.1,3.79,4.21,High,6.4,Clear,Winter,2,8,4.6,Flatbed,1,fast,normal,2,828,70,1776.06,745.3966746,2521.456675,68.2
"Atlanta, GA","Miami, FL",56.8,21.5,3.44,4.45,Medium,7.6,Clear,Spring,2,8,0.3,Tanker,1,normal,slow,1,697,60,1288.06,538.8044944,1826.864494,56.8
"Houston, TX","Seattle, WA",43.7,18.3,3.79,6.45,High,8.8,Snow,Summer,7,8,9.6,Tanker,0,normal,slow,1,2173,60,3965.72,1276.848062,5242.568062,43.7
"Denver, CO","Seattle, WA",61.6,22,4.33,6.04,Medium,6.6,Rain,Summer,3,8,0.2,Tanker,1,fast,normal,2,1172,70,2525.66,840.192053,3365.852053,61.6
"Houston, TX","Miami, FL",51.7,14.7,3.28,6.95,Medium,9.1,Rain,Winter,3,8,7.3,Refrigerated,1,fast,slow,1,1112,60,2049.42,524.8,2574.22,51.7
"Los Angeles, CA","Chicago, IL",74.1,19.3,3.68,6.59,High,4.4,Fog,Summer,4,8,1.1,Flatbed,0,slow,fast,3,2004,80,5502.98,1119.07739,6622.05739,74.1
"Denver, CO","Dallas, TX",61.5,13.1,3.38,6.22,Low,7.5,Fog,Fall,2,8,8.5,Flatbed,0,slow,normal,2,762,70,1634.49,414.0771704,2048.56717,61.5
"Houston, TX","Atlanta, GA",52.5,22,3.55,7.31,Low,8.4,Storm,Winter,2,8,1.2,Tanker,1,normal,slow,1,806,60,1467.73,391.4227086,1859.152709,52.5
"New York, NY","Seattle, WA",50,18,4.5,7.35,High,8.2,Storm,Winter,7,8,4.4,Refrigerated,1,normal,slow,1,2762,60,5140.08,1691.020408,6831.100408,50
"Phoenix, AZ","Dallas, TX",65.2,28.3,4.06,5.04,High,4.3,Storm,Summer,2,8,7.9,Refrigerated,0,slow,normal,2,1017,70,2181.47,819.25,3000.72,65.2
"New York, NY","Seattle, WA",56.9,6.4,3.35,6.83,High,8.3,Rain,Spring,7,8,5.8,Flatbed,1,fast,slow,1,2762,60,5140.08,1354.714495,6494.794495,56.9
"Atlanta, GA","Dallas, TX",44.2,23,3.37,5.31,Low,6.9,Snow,Fall,3,8,2.5,Dry Van,1,slow,slow,1,828,60,1507.79,525.4915254,2033.281525,44.2
"Denver, CO","Atlanta, GA",49.8,8.4,4.46,7.25,Low,5.5,Clear,Winter,4,8,3.9,Dry Van,1,fast,slow,1,1392,60,2540.4,856.32,3396.72,49.8
"Miami, FL","Houston, TX",70,23.7,4.61,4.55,High,4.4,Rain,Fall,2,8,3.9,Tanker,0,slow,normal,2,1112,70,2413.04,1126.663736,3539.703736,70
"Houston, TX","Los Angeles, CA",65.4,25.9,4.72,5.26,High,9.1,Clear,Winter,4,8,6.2,Dry Van,1,normal,normal,2,1577,70,3406.32,1415.102662,4821.422662,65.4
"Chicago, IL","Seattle, WA",51.4,21.8,3.67,4.72,High,5.7,Storm,Summer,5,8,4.8,Tanker,1,normal,slow,1,1993,60,3691.04,1549.641949,5240.681949,51.4
"New York, NY","Phoenix, AZ",66.3,16.4,4.69,4.46,Medium,5.5,Fog,Fall,5,8,3.8,Flatbed,1,slow,normal,2,2461,70,5377.29,2587.912556,7965.202556,66.3
"Chicago, IL","Houston, TX",56.3,24.8,3.8,5.7,Medium,6.3,Rain,Spring,3,8,9.4,Dry Van,1,slow,slow,1,1083,60,1995.97,722,2717.97,56.3
"Miami, FL","Seattle, WA",43.5,14.8,4.23,7.44,Low,6.1,Snow,Spring,10,8,3.5,Dry Van,0,fast,slow,1,3141,60,5817.13,1785.810484,7602.940484,43.5
"Denver, CO","Miami, FL",71,10.8,3.81,7.97,High,9.2,Rain,Fall,4,8,6,Dry Van,1,slow,fast,3,1984,80,5406.4,948.4366374,6354.836637,71
"Atlanta, GA","Houston, TX",50,20.8,3.91,5.93,High,8.5,Rain,Fall,3,8,3.2,Refrigerated,0,slow,slow,1,806,60,1467.73,531.4435076,1999.173508,50
"Atlanta, GA","Houston, TX",42,17.1,4.83,6.44,Low,7.3,Rain,Spring,3,8,2.2,Dry Van,0,slow,slow,1,806,60,1467.73,604.5,2072.23,42
"Chicago, IL","New York, NY",43.6,23.8,4.81,6.97,High,7.2,Fog,Winter,3,8,6.9,Flatbed,1,slow,slow,1,818,60,1537.02,564.5021521,2101.522152,43.6
"Miami, FL","New York, NY",53.8,26.3,3.69,4.14,High,8.5,Snow,Fall,3,8,1.6,Refrigerated,1,normal,slow,1,1256,60,2360.02,1119.478261,3479.498261,53.8
"Denver, CO","Atlanta, GA",46.7,23,3.54,5.26,Low,9.1,Clear,Fall,4,8,6.7,Tanker,0,fast,slow,1,1392,60,2540.4,936.8212928,3477.221293,46.7
"Seattle, WA","Miami, FL",50.4,20.6,3.31,5.49,High,5.3,Rain,Fall,8,8,3.3,Flatbed,1,normal,slow,1,3141,60,5817.13,1893.754098,7710.884098,50.4
"Miami, FL","Dallas, TX",45.2,29.6,3.42,4.52,High,5.2,Rain,Fall,4,8,5.7,Flatbed,1,slow,slow,1,1277,60,2353.51,966.2256637,3319.735664,45.2
"Miami, FL","Houston, TX",41.2,16.1,4.63,7.54,High,4.5,Snow,Spring,4,8,6.3,Dry Van,1,slow,slow,1,1112,60,2049.42,682.8328912,2732.252891,41.2
"New York, NY","Miami, FL",44.2,29.4,3.37,5.78,Low,6.9,Fog,Fall,4,8,6.3,Refrigerated,1,normal,slow,1,1256,60,2360.02,732.3044983,3092.324498,44.2
"Miami, FL","New York, NY",62,28.1,5,4.13,Medium,5.4,Fog,Spring,3,8,3.9,Refrigerated,0,normal,normal,2,1256,70,2775.76,1520.581114,4296.341114,62
"Chicago, IL","Houston, TX",50.7,29.6,4.29,6.87,High,9.9,Fog,Fall,3,8,6.3,Refrigerated,0,slow,slow,1,1083,60,1995.97,676.2838428,2672.253843,50.7
"Los Angeles, CA","Phoenix, AZ",69.8,23.5,4.09,6.61,Low,5.6,Fog,Fall,1,8,6.1,Refrigerated,1,slow,normal,2,410,70,887.65,253.6913767,1141.341377,69.8
"Phoenix, AZ","Houston, TX",66,10.7,3.12,5.2,High,6.8,Storm,Winter,3,8,3.5,Tanker,0,normal,normal,2,1166,70,2501.07,699.6,3200.67,66
"Los Angeles, CA","Dallas, TX",42,19.6,4.77,4.61,Medium,7.6,Fog,Winter,5,8,4.2,Tanker,1,slow,slow,1,1423,60,2609.78,1472.388286,4082.168286,42
"Houston, TX","Miami, FL",54.4,17.6,3.01,6.77,High,8,Storm,Summer,3,8,4.2,Dry Van,0,normal,slow,1,1112,60,2049.42,494.4047267,2543.824727,54.4
"Denver, CO","Chicago, IL",71.8,22.9,4.16,7.19,High,9.2,Storm,Spring,2,8,4.8,Refrigerated,1,normal,fast,3,1056,80,2877.6,610.9819193,3488.581919,71.8
"Miami, FL","New York, NY",73.8,22.4,3.17,7.45,High,6.9,Fog,Fall,3,8,5.5,Flatbed,1,fast,fast,3,1256,80,3484.14,534.4322148,4018.572215,73.8
"New York, NY","Houston, TX",70.7,10.1,4.65,6.23,High,4.3,Rain,Spring,3,8,2.9,Dry Van,1,normal,fast,3,1630,80,4453.16,1216.613162,5669.773162,70.7
"New York, NY","Denver, CO",70,12.6,3.39,4.52,Low,5.8,Rain,Summer,4,8,4.7,Refrigerated,1,slow,normal,2,1872,70,4090.32,1404,5494.32,70
"Miami, FL","Houston, TX",45.8,13.3,4.88,5.37,Medium,9.9,Storm,Fall,4,8,0.5,Dry Van,1,fast,slow,1,1112,60,2049.42,1010.532588,3059.952588,45.8
"Miami, FL","Seattle, WA",48.9,13.8,4.41,6.09,Medium,4.7,Rain,Spring,9,8,6.4,Flatbed,0,normal,slow,1,3141,60,5817.13,2274.517241,8091.647241,48.9
"Atlanta, GA","Houston, TX",42.8,6.2,3.04,4.76,High,6.5,Clear,Spring,3,8,4.6,Refrigerated,1,fast,slow,1,806,60,1467.73,514.7563025,1982.486303,42.8
"Chicago, IL","New York, NY",59.7,7.8,4.22,6.27,Medium,8.8,Storm,Winter,2,8,2.5,Flatbed,1,slow,slow,1,818,60,1537.02,550.5518341,2087.571834,59.7
"Seattle, WA","Chicago, IL",71.8,24.6,3.97,7.78,Medium,4.3,Storm,Spring,4,8,4.5,Flatbed,1,slow,fast,3,1993,80,5444.88,1016.993573,6461.873573,71.8
"Houston, TX","Atlanta, GA",73.6,8.6,4.16,5.13,High,5.7,Snow,Fall,2,8,5.9,Refrigerated,0,slow,fast,3,806,80,2162.5,653.5984405,2816.098441,73.6
"Seattle, WA","Los Angeles, CA",53.7,16.2,4.46,5.43,Low,4.4,Snow,Summer,3,8,1.2,Tanker,1,slow,slow,1,1104,60,2034.67,906.7845304,2941.45453,53.7
"Seattle, WA","Houston, TX",56.5,22.8,3.79,5.03,Medium,6.1,Rain,Spring,5,8,6.3,Tanker,1,fast,slow,1,2173,60,3965.72,1637.310139,5603.030139,56.5
"Seattle, WA","New York, NY",63.8,19.3,4.22,7.77,Medium,8.7,Fog,Spring,6,8,6.9,Flatbed,1,normal,normal,2,2762,70,6048.78,1500.082368,7548.862368,63.8
"Houston, TX","Miami, FL",47.5,26.7,4.91,4.95,Medium,9.3,Rain,Summer,3,8,0.6,Flatbed,0,normal,slow,1,1112,60,2049.42,1103.014141,3152.434141,47.5
"Seattle, WA","Los Angeles, CA",42,26.1,3.12,5.09,Medium,4.6,Fog,Winter,4,8,0.9,Tanker,1,normal,slow,1,1104,60,2034.67,676.7151277,2711.385128,42
"Houston, TX","Dallas, TX",44.7,26.3,4.63,4.05,Medium,9.4,Storm,Spring,1,8,0.3,Flatbed,1,normal,slow,1,259,60,470.34,296.091358,766.431358,44.7
"Atlanta, GA","Denver, CO",58,24.9,3.68,6.82,Medium,5.1,Fog,Spring,3,8,2.6,Refrigerated,1,fast,slow,1,1392,60,2540.4,751.1085044,3291.508504,58
"Denver, CO","Atlanta, GA",62.7,17.8,3.89,7.87,Low,7.4,Fog,Spring,3,8,1.4,Dry Van,1,normal,normal,2,1392,70,2992.8,688.0406607,3680.840661,62.7
"Seattle, WA","Houston, TX",70.4,19.6,4.44,5.49,Low,4.6,Clear,Spring,4,8,3.9,Refrigerated,1,normal,fast,3,2173,80,5845.37,1757.398907,7602.768907,70.4
"Chicago, IL","Phoenix, AZ",48.5,29.2,4.92,4.99,Medium,6.1,Snow,Fall,5,8,9.7,Refrigerated,1,fast,slow,1,1670,60,3086.16,1646.573146,4732.733146,48.5
"Dallas, TX","Los Angeles, CA",51.2,18.2,4.38,5.09,High,8.4,Clear,Spring,4,8,0.5,Flatbed,1,slow,slow,1,1423,60,2609.78,1224.506876,3834.286876,51.2
"Houston, TX","Los Angeles, CA",52.4,12.9,3.98,5.28,Medium,5.2,Clear,Spring,4,8,9.7,Flatbed,0,fast,slow,1,1577,60,2892.22,1188.723485,4080.943485,52.4
"Dallas, TX","Phoenix, AZ",55.6,19.4,4.97,4.97,Medium,8.1,Fog,Summer,3,8,3.8,Tanker,1,slow,slow,1,1017,60,1851.96,1017,2868.96,55.6
"Phoenix, AZ","Dallas, TX",40.3,17.3,4.97,5.11,Low,6.4,Rain,Winter,4,8,4.2,Dry Van,1,normal,slow,1,1017,60,1851.96,989.1369863,2841.096986,40.3
"Chicago, IL","Seattle, WA",72.8,21.9,3.24,4.28,Low,6.9,Rain,Summer,4,8,2.5,Tanker,0,normal,fast,3,1993,80,5444.88,1508.719626,6953.599626,72.8
"Chicago, IL","Atlanta, GA",43.1,22.9,3.54,7.04,Medium,8.3,Rain,Winter,2,8,5.1,Refrigerated,1,normal,slow,1,677,60,1251.1,340.4232955,1591.523295,43.1
"Chicago, IL","Seattle, WA",70.3,26.8,3.84,5.78,Low,5.8,Fog,Fall,4,8,2.7,Dry Van,1,fast,fast,3,1993,80,5444.88,1324.069204,6768.949204,70.3
"Los Angeles, CA","Dallas, TX",67.2,26.5,4.69,5.44,High,8.1,Storm,Winter,3,8,0.6,Dry Van,1,fast,normal,2,1423,70,3073.68,1226.814338,4300.494338,67.2
"Houston, TX","Atlanta, GA",40.3,15.2,3.66,6.77,Low,8.6,Rain,Winter,3,8,2.9,Refrigerated,1,normal,slow,1,806,60,1467.73,435.7400295,1903.47003,40.3
"Miami, FL","Dallas, TX",65.4,22.3,4.97,4.9,Medium,8,Storm,Winter,3,8,1.6,Tanker,0,slow,normal,2,1277,70,2771.09,1295.242857,4066.332857,65.4
"Dallas, TX","New York, NY",59.9,11.9,3.95,5.34,High,7.5,Fog,Spring,4,8,5.7,Dry Van,0,fast,slow,1,1576,60,2918.75,1165.76779,4084.51779,59.9
"Atlanta, GA","Los Angeles, CA",58.2,6.3,3.47,5.97,Low,5.9,Storm,Summer,5,8,5,Flatbed,0,normal,slow,1,2223,60,4088.1,1292.095477,5380.195477,58.2
"Miami, FL","Los Angeles, CA",49,16.6,3.27,7.71,High,9.2,Clear,Spring,7,8,6.2,Tanker,0,fast,slow,1,2686,60,4998.65,1139.198444,6137.848444,49
"Miami, FL","Seattle, WA",71.5,20.7,3.88,4.16,Medium,7,Fog,Spring,6,8,2.7,Flatbed,1,fast,fast,3,3141,80,8581.21,2929.586538,11510.79654,71.5
"Miami, FL","Los Angeles, CA",48.8,25.6,3.17,7.46,Low,7,Fog,Fall,7,8,1.6,Dry Van,1,normal,slow,1,2686,60,4998.65,1141.369973,6140.019973,48.8
"Atlanta, GA","Los Angeles, CA",45.1,26.9,4.06,5.87,Medium,4.6,Snow,Fall,7,8,8.7,Dry Van,0,fast,slow,1,2223,60,4088.1,1537.543441,5625.643441,45.1
"Chicago, IL","Seattle, WA",61.9,6.9,3.22,4.2,Medium,5.5,Snow,Summer,5,8,3.9,Dry Van,1,slow,normal,2,1993,70,4344.74,1527.966667,5872.706667,61.9
"Dallas, TX","Seattle, WA",61.4,25.9,4.42,4.45,High,8.4,Rain,Winter,4,8,1.7,Dry Van,0,normal,normal,2,1932,70,4153.8,1918.975281,6072.775281,61.4
"Miami, FL","Chicago, IL",56.2,24.7,4.21,6.62,High,10,Fog,Spring,4,8,4.1,Tanker,0,fast,slow,1,1370,60,2561.9,871.2537764,3433.153776,56.2
"New York, NY","Houston, TX",40.8,7.3,4.36,7.52,Medium,7.1,Snow,Winter,5,8,2.6,Flatbed,0,normal,slow,1,1630,60,3018.76,945.0531915,3963.813191,40.8
"Dallas, TX","Los Angeles, CA",66.3,19.7,3.43,4.39,Low,4.4,Rain,Winter,3,8,4.3,Tanker,0,slow,normal,2,1423,70,3073.68,1111.820046,4185.500046,66.3
"Chicago, IL","Dallas, TX",72.5,21,3.62,6.1,High,4.4,Fog,Fall,2,8,3.6,Dry Van,0,fast,fast,3,925,80,2514.15,548.9344262,3063.084426,72.5
"Miami, FL","Atlanta, GA",52.4,22.1,4.32,6.86,High,5.6,Clear,Winter,2,8,1.3,Refrigerated,1,fast,slow,1,697,60,1288.06,438.9271137,1726.987114,52.4
"Chicago, IL","Phoenix, AZ",41.4,19.9,4.74,7.56,Low,6.7,Snow,Fall,6,8,0.8,Dry Van,0,fast,slow,1,1670,60,3086.16,1047.063492,4133.223492,41.4
"New York, NY","Houston, TX",68.7,11.1,3.84,7.36,Low,9.3,Clear,Summer,3,8,5.5,Flatbed,0,fast,normal,2,1630,70,3553.4,850.4347826,4403.834783,68.7
"Seattle, WA","Chicago, IL",43.6,27.8,4.64,7.04,High,4.3,Rain,Fall,6,8,5.3,Refrigerated,0,slow,slow,1,1993,60,3691.04,1313.568182,5004.608182,43.6
"Seattle, WA","Atlanta, GA",63.9,23.8,4.45,7.48,High,5.1,Rain,Fall,5,8,9.5,Flatbed,1,fast,normal,2,2505,70,5398.28,1490.274064,6888.554064,63.9
"Phoenix, AZ","Denver, CO",44.4,18.1,3.22,4.81,Low,10,Rain,Fall,2,8,2.8,Dry Van,0,slow,slow,1,673,60,1228.23,450.5322245,1678.762225,44.4
"Seattle, WA","Phoenix, AZ",73.8,16,3.52,7.35,Medium,8.3,Storm,Summer,3,8,2.1,Dry Van,1,normal,fast,3,1282,80,3457.55,613.9646259,4071.514626,73.8
"Denver, CO","Miami, FL",44.4,8.2,4.35,7.43,Low,9.8,Storm,Spring,6,8,1.1,Tanker,1,fast,slow,1,1984,60,3666.43,1161.561238,4827.991238,44.4
"Miami, FL","Phoenix, AZ",60.3,20.5,4.56,6.81,Medium,9,Clear,Winter,5,8,5,Dry Van,0,normal,normal,2,2276,70,4950.3,1524.017621,6474.317621,60.3
"Seattle, WA","Los Angeles, CA",50.5,5.5,3.86,4.13,Low,9.7,Snow,Spring,3,8,7.9,Refrigerated,1,normal,slow,1,1104,60,2034.67,1031.825666,3066.495666,50.5
"Dallas, TX","Houston, TX",47.6,20.5,3.1,5.93,High,4.1,Storm,Spring,1,8,5,Flatbed,0,fast,slow,1,259,60,470.34,135.3962901,605.7362901,47.6
"Phoenix, AZ","Miami, FL",45.1,21.1,3.47,4.63,Low,8.1,Snow,Summer,7,8,4.9,Refrigerated,0,slow,slow,1,2276,60,4206.05,1705.771058,5911.821058,45.1
"Houston, TX","New York, NY",72.5,9.1,3,7.94,High,9.4,Fog,Spring,3,8,8.3,Flatbed,1,slow,fast,3,1630,80,4453.16,615.8690176,5069.029018,72.5
"Phoenix, AZ","Los Angeles, CA",49.1,27,3.39,7.79,High,5.2,Storm,Winter,2,8,9.7,Dry Van,0,normal,slow,1,410,60,753.99,178.4210526,932.4110526,49.1
"New York, NY","Denver, CO",73.1,21.9,3.6,4.75,Low,5.8,Snow,Summer,4,8,1.4,Tanker,1,slow,fast,3,1872,80,5127.41,1418.778947,6546.188947,73.1
"Chicago, IL","Atlanta, GA",54.8,24.9,3.28,4.52,High,7.9,Storm,Winter,2,8,1,Tanker,0,fast,slow,1,677,60,1251.1,491.2743363,1742.374336,54.8
"Houston, TX","Seattle, WA",72.3,25.5,3.71,6.62,Medium,7.2,Storm,Spring,4,8,6.8,Dry Van,0,slow,fast,3,2173,80,5845.37,1217.799094,7063.169094,72.3
"Los Angeles, CA","Dallas, TX",49.3,6,3.91,7.56,High,7.4,Fog,Fall,4,8,9.9,Flatbed,0,fast,slow,1,1423,60,2609.78,735.9695767,3345.749577,49.3
"Denver, CO","Houston, TX",64.2,21.9,4.96,7.94,Low,8.1,Rain,Summer,2,8,2.8,Flatbed,1,normal,normal,2,1010,70,2166.45,630.9319899,2797.38199,64.2
"New York, NY","Dallas, TX",70,25.4,3.9,5.96,Medium,5.3,Snow,Winter,3,8,7.6,Tanker,1,fast,normal,2,1576,70,3435.68,1031.275168,4466.955168,70
"Los Angeles, CA","New York, NY",72.9,9.4,4.75,6.95,High,5.5,Rain,Fall,5,8,2.7,Tanker,0,normal,fast,3,2812,80,7761.12,1921.870504,9682.990504,72.9
"Seattle, WA","New York, NY",62.2,23,3.51,6.88,Low,4.2,Clear,Summer,6,8,4.6,Tanker,1,slow,normal,2,2762,70,6048.78,1409.101744,7457.881744,62.2
"New York, NY","Chicago, IL",71.4,28.4,4.96,7.47,High,5,Fog,Fall,2,8,5.8,Dry Van,1,slow,fast,3,818,80,2269.13,543.1432396,2812.27324,71.4
"Atlanta, GA","Miami, FL",46.2,5.2,4.61,4.31,High,6.5,Clear,Summer,2,8,2.4,Refrigerated,1,normal,slow,1,697,60,1288.06,745.5150812,2033.575081,46.2
"New York, NY","Phoenix, AZ",67,20.8,4.98,5.38,Low,4.4,Fog,Winter,5,8,5.2,Refrigerated,0,fast,normal,2,2461,70,5377.29,2278.026022,7655.316022,67
"Miami, FL","Los Angeles, CA",67.4,10.1,3.52,4.37,Low,6.4,Clear,Winter,5,8,5.1,Refrigerated,0,fast,normal,2,2686,70,5882.34,2163.551487,8045.891487,67.4
"Houston, TX","Dallas, TX",71.7,8.4,3.11,4.07,High,4.9,Clear,Summer,1,8,5,Tanker,1,normal,fast,3,259,80,693.08,197.9090909,890.9890909,71.7
"Dallas, TX","Miami, FL",55.6,22.7,4.46,4.7,High,6.2,Storm,Spring,3,8,0.7,Refrigerated,1,slow,slow,1,1277,60,2353.51,1211.791489,3565.301489,55.6
"Seattle, WA","Phoenix, AZ",58.7,29.9,3.95,7.26,High,6.6,Rain,Winter,3,8,8.1,Tanker,0,fast,slow,1,1282,60,2346.06,697.5068871,3043.566887,58.7
"Houston, TX","Los Angeles, CA",48.7,27.8,3.31,6.51,Medium,4.2,Rain,Summer,5,8,2.4,Flatbed,1,slow,slow,1,1577,60,2892.22,801.8233487,3694.043349,48.7
"Dallas, TX","Chicago, IL",65.8,13,4.01,4.65,High,9.8,Snow,Summer,2,8,8.6,Flatbed,0,normal,normal,2,925,70,2007.25,797.688172,2804.938172,65.8
"Houston, TX","Denver, CO",66.7,8.6,3.02,4.08,Medium,7.5,Storm,Winter,2,8,2,Dry Van,1,slow,normal,2,1010,70,2166.45,747.5980392,2914.048039,66.7
"New York, NY","Seattle, WA",66.1,8.6,4.76,5.08,Low,9.9,Rain,Fall,6,8,1.8,Flatbed,0,slow,normal,2,2762,70,6048.78,2588.015748,8636.795748,66.1
"Atlanta, GA","Seattle, WA",55.4,6.7,4.16,6.39,Medium,8.4,Fog,Fall,6,8,4.5,Refrigerated,0,normal,slow,1,2505,60,4584.15,1630.798122,6214.948122,55.4
"Miami, FL","New York, NY",47.1,20.7,3.72,7.98,High,6.9,Snow,Spring,4,8,5.7,Dry Van,0,normal,slow,1,1256,60,2360.02,585.5037594,2945.523759,47.1
"Houston, TX","Denver, CO",68,16.3,4.44,6.34,High,7,Snow,Spring,2,8,2.2,Refrigerated,1,slow,normal,2,1010,70,2166.45,707.318612,2873.768612,68
"Denver, CO","Los Angeles, CA",69.1,16.6,3.97,7.74,High,7.8,Fog,Spring,2,8,4.6,Tanker,0,slow,normal,2,954,70,2065.41,489.3255814,2554.735581,69.1
"New York, NY","Los Angeles, CA",72.5,16.5,3.36,5.21,Medium,4.3,Storm,Summer,5,8,8.5,Tanker,0,normal,fast,3,2812,80,7761.12,1813.497121,9574.617121,72.5
"Atlanta, GA","Los Angeles, CA",72.6,8.1,3.76,4.11,High,9.1,Rain,Spring,4,8,6.3,Dry Van,0,fast,fast,3,2223,80,6026.55,2033.693431,8060.243431,72.6
"Denver, CO","Los Angeles, CA",55,12.7,4.92,7.86,High,5.7,Rain,Summer,3,8,9.7,Flatbed,0,fast,slow,1,954,60,1754.41,597.1603053,2351.570305,55
"Los Angeles, CA","Miami, FL",54.4,7.5,4.02,4.1,High,6.4,Clear,Summer,7,8,5.3,Tanker,1,slow,slow,1,2686,60,4998.65,2633.590244,7632.240244,54.4
"Houston, TX","Phoenix, AZ",68,26.1,4.27,4.17,High,5.2,Snow,Spring,3,8,3.7,Refrigerated,0,fast,normal,2,1166,70,2501.07,1193.961631,3695.031631,68
"Los Angeles, CA","New York, NY",64.6,12.5,3.54,7.99,High,9.1,Storm,Summer,6,8,9.8,Refrigerated,0,slow,normal,2,2812,70,6186.4,1245.867334,7432.267334,64.6
"Atlanta, GA","Dallas, TX",66,5.8,3.24,6.53,Low,9.4,Fog,Spring,2,8,1.3,Tanker,1,normal,normal,2,828,70,1776.06,410.8300153,2186.890015,66
"Los Angeles, CA","Denver, CO",69.5,8.5,4.04,4.15,Medium,4.5,Rain,Spring,2,8,6.9,Refrigerated,0,normal,normal,2,954,70,2065.41,928.713253,2994.123253,69.5
"Dallas, TX","Denver, CO",47.5,25.3,3.43,6.17,Medium,9.8,Fog,Spring,3,8,9.4,Refrigerated,0,slow,slow,1,762,60,1387.6,423.6077796,1811.20778,47.5
"Chicago, IL","Los Angeles, CA",59.9,14.4,4.93,5.09,High,6.4,Fog,Summer,5,8,5.4,Tanker,0,normal,slow,1,2004,60,3729.44,1941.005894,5670.445894,59.9
"Denver, CO","New York, NY",49,22.5,3.03,4.2,High,7.6,Fog,Summer,5,8,5.4,Tanker,0,slow,slow,1,1872,60,3474.43,1350.514286,4824.944286,49
"Seattle, WA","Chicago, IL",57.5,6.8,4.37,6.01,Medium,8.6,Clear,Spring,5,8,1.5,Tanker,0,normal,slow,1,1993,60,3691.04,1449.153078,5140.193078,57.5
"Seattle, WA","Denver, CO",46,26.8,4.23,4.63,High,9.8,Clear,Spring,4,8,6.3,Dry Van,1,fast,slow,1,1172,60,2144.76,1070.7473,3215.5073,46
"Denver, CO","Houston, TX",68.1,25.4,4.96,6.01,Medium,6.7,Rain,Fall,2,8,1.3,Dry Van,0,normal,normal,2,1010,70,2166.45,833.5440932,2999.994093,68.1
"Seattle, WA","Los Angeles, CA",59.1,7.2,3.84,7.41,High,9.1,Fog,Winter,3,8,8.7,Flatbed,0,normal,slow,1,1104,60,2034.67,572.1133603,2606.78336,59.1
"New York, NY","Seattle, WA",65.2,7.5,4.25,5.42,Medium,8.7,Fog,Summer,6,8,6.4,Tanker,0,slow,normal,2,2762,70,6048.78,2165.774908,8214.554908,65.2
"Los Angeles, CA","Phoenix, AZ",65,26.8,3.25,7.47,High,7.6,Rain,Fall,1,8,4.5,Flatbed,1,fast,normal,2,410,70,887.65,178.3801874,1066.030187,65
"Miami, FL","Los Angeles, CA",55.9,26.3,4.16,4.32,High,5.2,Clear,Winter,7,8,3.6,Flatbed,1,fast,slow,1,2686,60,4998.65,2586.518519,7585.168519,55.9
"Miami, FL","Chicago, IL",58.5,19.6,4.59,5.36,High,8.8,Fog,Spring,3,8,5.5,Tanker,1,fast,slow,1,1370,60,2561.9,1173.190299,3735.090299,58.5
"Dallas, TX","Los Angeles, CA",72.7,23.2,4.84,7.63,High,7.6,Rain,Spring,3,8,5.6,Refrigerated,0,normal,fast,3,1423,80,3847.79,902.6631717,4750.453172,72.7
"Dallas, TX","Denver, CO",67.1,7.7,4.56,4.68,Medium,6.7,Fog,Summer,2,8,6.9,Refrigerated,0,normal,normal,2,762,70,1634.49,742.4615385,2376.951538,67.1
"Los Angeles, CA","Atlanta, GA",50.2,7.1,3.6,6.69,High,6,Snow,Winter,6,8,2.4,Tanker,1,slow,slow,1,2223,60,4088.1,1196.233184,5284.333184,50.2
"Phoenix, AZ","Seattle, WA",66.6,10.1,4.42,4.08,High,6.5,Fog,Spring,3,8,3.4,Refrigerated,1,slow,normal,2,1282,70,2762.71,1388.833333,4151.543333,66.6
"Phoenix, AZ","Denver, CO",47.2,23.5,3.1,7.41,Low,5.2,Storm,Winter,2,8,3.5,Refrigerated,1,normal,slow,1,673,60,1228.23,281.5519568,1509.781957,47.2
"New York, NY","Seattle, WA",51.2,27.6,3.25,4.71,Low,7,Rain,Spring,7,8,5.8,Flatbed,1,slow,slow,1,2762,60,5140.08,1905.838641,7045.918641,51.2
"Dallas, TX","Los Angeles, CA",51.3,5.9,3.25,7.66,High,7,Storm,Summer,4,8,0.4,Dry Van,0,slow,slow,1,1423,60,2609.78,603.7532637,3213.533264,51.3
"Dallas, TX","Chicago, IL",58.5,10.1,3.22,5.53,Low,9,Rain,Summer,2,8,6,Refrigerated,1,normal,slow,1,925,60,1704.77,538.6075949,2243.377595,58.5
"New York, NY","Miami, FL",44,19.7,4.33,4.8,Low,9.3,Snow,Summer,4,8,1,Dry Van,1,slow,slow,1,1256,60,2360.02,1133.016667,3493.036667,44
"Chicago, IL","Denver, CO",72.7,20.9,4.6,5.87,Low,6.2,Snow,Fall,2,8,1.2,Refrigerated,0,fast,fast,3,1056,80,2877.6,827.5298126,3705.129813,72.7
"Houston, TX","Miami, FL",43.3,5.7,3.81,7.97,Medium,5,Storm,Spring,4,8,7.2,Refrigerated,0,fast,slow,1,1112,60,2049.42,531.5834379,2581.003438,43.3
"Chicago, IL","Seattle, WA",63.8,10.1,4.49,7.98,Medium,8,Storm,Summer,4,8,9.2,Tanker,1,slow,normal,2,1993,70,4344.74,1121.374687,5466.114687,63.8
"Houston, TX","Seattle, WA",65.5,27.2,3.12,5.8,High,5.2,Snow,Spring,5,8,6.5,Tanker,1,fast,normal,2,2173,70,4671.95,1168.924138,5840.874138,65.5
"Phoenix, AZ","Los Angeles, CA",56.1,12,3.74,4.64,Low,9.3,Snow,Spring,1,8,1.7,Flatbed,0,fast,slow,1,410,60,753.99,330.4741379,1084.464138,56.1
"Dallas, TX","Phoenix, AZ",51.2,19.8,3.42,4.47,Low,9.8,Rain,Fall,3,8,7.9,Tanker,0,fast,slow,1,1017,60,1851.96,778.1073826,2630.067383,51.2
"Miami, FL","New York, NY",44.7,8.6,4.39,6.57,High,8.7,Rain,Winter,4,8,1.4,Refrigerated,1,fast,slow,1,1256,60,2360.02,839.2450533,3199.265053,44.7
"Houston, TX","Chicago, IL",43.3,28.9,4.22,4.01,Medium,9.4,Storm,Summer,4,8,0.9,Flatbed,0,normal,slow,1,1083,60,1995.97,1139.715711,3135.685711,43.3
"Miami, FL","New York, NY",49,13.4,3.8,4.2,High,7,Storm,Winter,4,8,2.4,Refrigerated,0,normal,slow,1,1256,60,2360.02,1136.380952,3496.400952,49
"Miami, FL","New York, NY",43.7,11.7,4.04,6.26,Medium,4.1,Fog,Winter,4,8,3.6,Refrigerated,1,fast,slow,1,1256,60,2360.02,810.5814696,3170.60147,43.7
"Los Angeles, CA","Phoenix, AZ",68.3,14.5,3.09,4.71,Medium,9.7,Fog,Fall,1,8,3.9,Flatbed,1,fast,normal,2,410,70,887.65,268.9808917,1156.630892,68.3
"New York, NY","Miami, FL",71.9,18.9,3.35,5.51,High,9.1,Clear,Spring,3,8,3.9,Dry Van,1,fast,fast,3,1256,80,3484.14,763.6297641,4247.769764,71.9
"Chicago, IL","Los Angeles, CA",47.5,10.5,4.46,6,Low,6.5,Snow,Fall,6,8,1.9,Refrigerated,1,normal,slow,1,2004,60,3729.44,1489.64,5219.08,47.5
"Los Angeles, CA","Chicago, IL",43.2,18.9,4.78,5.15,High,6,Snow,Winter,6,8,0.4,Dry Van,1,normal,slow,1,2004,60,3729.44,1860.023301,5589.463301,43.2
"Chicago, IL","Phoenix, AZ",63.6,29.8,4.77,5.89,Medium,7.1,Fog,Summer,4,8,4.6,Refrigerated,1,slow,normal,2,1670,70,3632.25,1352.444822,4984.694822,63.6
"Los Angeles, CA","Chicago, IL",41.8,26.6,3.68,7.6,Low,9.6,Rain,Winter,6,8,6.6,Tanker,0,normal,slow,1,2004,60,3729.44,970.3578947,4699.797895,41.8
"Phoenix, AZ","Seattle, WA",69.2,29,4.55,6.49,Low,7.6,Snow,Fall,3,8,5.4,Dry Van,1,slow,normal,2,1282,70,2762.71,898.7827427,3661.492743,69.2
"Los Angeles, CA","Chicago, IL",57.8,6.6,3.77,5.78,High,4.8,Rain,Spring,5,8,5.4,Flatbed,1,fast,slow,1,2004,60,3729.44,1307.107266,5036.547266,57.8
"Denver, CO","Seattle, WA",50.6,23.6,4.93,6.87,Low,10,Snow,Winter,3,8,2.9,Flatbed,1,slow,slow,1,1172,60,2144.76,841.0422125,2985.802213,50.6
"Phoenix, AZ","Dallas, TX",64.6,14.3,3.04,6.81,High,4.1,Snow,Winter,2,8,1.6,Dry Van,0,slow,normal,2,1017,70,2181.47,453.9911894,2635.461189,64.6
"Miami, FL","Atlanta, GA",57.6,5.3,3.73,6.4,Medium,9.1,Snow,Summer,2,8,4.8,Tanker,0,slow,slow,1,697,60,1288.06,406.2203125,1694.280313,57.6
"Houston, TX","Los Angeles, CA",51.1,13.6,3.39,6.25,Medium,5.9,Clear,Winter,4,8,6.9,Flatbed,0,slow,slow,1,1577,60,2892.22,855.3648,3747.5848,51.1
"Seattle, WA","Miami, FL",52.6,6.9,3.85,5.77,Medium,8,Snow,Spring,8,8,6.8,Dry Van,0,fast,slow,1,3141,60,5817.13,2095.814558,7912.944558,52.6
"Los Angeles, CA","Chicago, IL",48.3,29.5,3.77,5.07,High,6.5,Snow,Fall,6,8,1.7,Flatbed,0,normal,slow,1,2004,60,3729.44,1490.153846,5219.593846,48.3
"Dallas, TX","Phoenix, AZ",56.1,12.2,3.49,6.58,Low,7.9,Clear,Fall,3,8,8.3,Flatbed,0,fast,slow,1,1017,60,1851.96,539.4118541,2391.371854,56.1
"Denver, CO","New York, NY",54.5,22.4,3.54,8,High,5.1,Storm,Fall,5,8,1.5,Dry Van,1,slow,slow,1,1872,60,3474.43,828.36,4302.79,54.5
"Miami, FL","Atlanta, GA",55.6,16.2,4.91,7.68,High,5.9,Storm,Winter,2,8,8.5,Tanker,0,fast,slow,1,697,60,1288.06,445.6080729,1733.668073,55.6
"Chicago, IL","Phoenix, AZ",59,20.7,3.51,7.2,Medium,7.8,Snow,Fall,4,8,0.6,Tanker,0,slow,slow,1,1670,60,3086.16,814.125,3900.285,59
"Atlanta, GA","Los Angeles, CA",61.5,9.8,4.21,6.71,Medium,7.2,Snow,Fall,5,8,5.8,Refrigerated,1,fast,normal,2,2223,70,4812.8,1394.758569,6207.558569,61.5
"Miami, FL","Phoenix, AZ",41.9,7.7,3.35,6.76,Low,7.9,Clear,Fall,7,8,6.3,Flatbed,1,normal,slow,1,2276,60,4206.05,1127.899408,5333.949408,41.9
"Phoenix, AZ","New York, NY",66,12,4.13,4.35,Medium,6.5,Snow,Spring,5,8,1.4,Flatbed,1,slow,normal,2,2461,70,5377.29,2336.535632,7713.825632,66
"Chicago, IL","Miami, FL",59.7,26.2,3.89,7.67,High,6.6,Clear,Summer,3,8,9.6,Tanker,1,fast,slow,1,1370,60,2561.9,694.8239896,3256.72399,59.7
"New York, NY","Denver, CO",58.3,5.6,3.83,5.2,High,8.5,Rain,Spring,5,8,1.3,Tanker,1,slow,slow,1,1872,60,3474.43,1378.8,4853.23,58.3
"Chicago, IL","Miami, FL",71,24.4,4.47,7.19,High,5.6,Storm,Fall,3,8,3.4,Tanker,1,slow,fast,3,1370,80,3781.2,851.7246175,4632.924618,71
"Seattle, WA","Atlanta, GA",43.6,23.3,3.77,7.14,High,7,Clear,Fall,8,8,7.3,Flatbed,1,slow,slow,1,2505,60,4584.15,1322.668067,5906.818067,43.6
"Miami, FL","Seattle, WA",57.2,6.9,4.24,6.66,Medium,6.3,Rain,Summer,7,8,7.1,Tanker,0,slow,slow,1,3141,60,5817.13,1999.675676,7816.805676,57.2
"New York, NY","Chicago, IL",63,10,3.29,8,High,7.7,Fog,Summer,2,8,2.9,Tanker,0,fast,normal,2,818,70,1807.78,336.4025,2144.1825,63
"Chicago, IL","Atlanta, GA",41.7,7.4,3.07,6,High,7.6,Clear,Spring,3,8,7.2,Refrigerated,1,slow,slow,1,677,60,1251.1,346.3983333,1597.498333,41.7
"Seattle, WA","Houston, TX",64,29.5,4.38,7.53,High,9.7,Storm,Fall,5,8,7,Refrigerated,0,normal,normal,2,2173,70,4671.95,1263.976096,5935.926096,64
"Miami, FL","Houston, TX",52.5,11.5,4.89,6.91,High,5.3,Snow,Fall,3,8,9.7,Dry Van,0,fast,slow,1,1112,60,2049.42,786.9290883,2836.349088,52.5
"New York, NY","Dallas, TX",72.4,17.9,3.23,6.11,High,4.8,Fog,Spring,3,8,4.8,Dry Van,0,fast,fast,3,1576,80,4305.63,833.1391162,5138.769116,72.4
"Miami, FL","Seattle, WA",40.4,9.9,3.98,7.8,Low,6.3,Storm,Summer,10,8,7.1,Flatbed,1,slow,slow,1,3141,60,5817.13,1602.715385,7419.845385,40.4
"Dallas, TX","Atlanta, GA",50.5,15.3,3.44,7.86,High,4.8,Storm,Fall,3,8,0.3,Dry Van,1,normal,slow,1,828,60,1507.79,362.3816794,1870.171679,50.5
"Denver, CO","New York, NY",67.3,10,3.16,5.9,High,4.1,Rain,Spring,4,8,2.9,Tanker,0,normal,normal,2,1872,70,4090.32,1002.630508,5092.950508,67.3
"Atlanta, GA","Seattle, WA",49.8,13.7,4.85,4.83,Medium,9.2,Fog,Spring,7,8,0.9,Dry Van,0,normal,slow,1,2505,60,4584.15,2515.372671,7099.522671,49.8
"Los Angeles, CA","Dallas, TX",62.1,23.7,3.42,6.15,High,8.4,Clear,Spring,3,8,4.7,Tanker,1,slow,normal,2,1423,70,3073.68,791.3268293,3865.006829,62.1
"Los Angeles, CA","Chicago, IL",63.7,27.7,4.46,6.94,High,4.5,Fog,Fall,4,8,8.6,Tanker,0,slow,normal,2,2004,70,4388.76,1287.873199,5676.633199,63.7
"Phoenix, AZ","Seattle, WA",44,13.2,3.44,7.7,High,9.2,Fog,Fall,4,8,6.1,Dry Van,0,normal,slow,1,1282,60,2346.06,572.7376623,2918.797662,44
"Los Angeles, CA","Denver, CO",68.2,29.2,3.54,5.98,Low,4.5,Storm,Fall,2,8,2.4,Refrigerated,1,fast,normal,2,954,70,2065.41,564.7424749,2630.152475,68.2
"Denver, CO","Seattle, WA",66.3,12.9,3.97,5.18,Medium,5.6,Clear,Winter,3,8,2.9,Tanker,1,fast,normal,2,1172,70,2525.66,898.2316602,3423.89166,66.3
"Chicago, IL","Phoenix, AZ",40.1,12.1,4.76,6.37,Low,7.6,Rain,Summer,6,8,6.8,Tanker,0,fast,slow,1,1670,60,3086.16,1247.912088,4334.072088,40.1
"Seattle, WA","Chicago, IL",68.7,7.9,4.31,5.36,Medium,8.5,Clear,Summer,4,8,4.5,Flatbed,1,slow,normal,2,1993,70,4344.74,1602.580224,5947.320224,68.7
"Seattle, WA","Dallas, TX",62.3,29.4,4.65,4.24,Medium,6.3,Storm,Fall,4,8,5,Dry Van,1,normal,normal,2,1932,70,4153.8,2118.820755,6272.620755,62.3
"Miami, FL","Houston, TX",71.9,26.8,4,5.75,Low,6,Clear,Summer,2,8,1.9,Dry Van,0,normal,fast,3,1112,80,3022.42,773.5652174,3795.985217,71.9
"Phoenix, AZ","Los Angeles, CA",55.9,12.5,3.77,7.42,Low,8.5,Snow,Winter,1,8,5.3,Dry Van,1,fast,slow,1,410,60,753.99,208.3153639,962.3053639,55.9
"Chicago, IL","Los Angeles, CA",52.8,25.2,4.05,4.47,Low,4.8,Snow,Summer,5,8,9.4,Refrigerated,1,fast,slow,1,2004,60,3729.44,1815.704698,5545.144698,52.8
"Houston, TX","New York, NY",70.4,24.1,3.5,4.15,High,4.6,Clear,Spring,3,8,2,Refrigerated,1,slow,fast,3,1630,80,4453.16,1374.698795,5827.858795,70.4
"Miami, FL","Los Angeles, CA",57.6,23.1,3.23,5.63,High,6.9,Rain,Fall,6,8,9.7,Refrigerated,0,normal,slow,1,2686,60,4998.65,1540.991119,6539.641119,57.6
"Miami, FL","Chicago, IL",42.5,13.6,4.49,5.75,High,8.9,Rain,Fall,5,8,5.2,Tanker,1,slow,slow,1,1370,60,2561.9,1069.791304,3631.691304,42.5
"Atlanta, GA","Phoenix, AZ",51.8,27.7,4.17,4.34,High,6.7,Rain,Spring,5,8,7.9,Dry Van,0,fast,slow,1,1827,60,3334.28,1755.435484,5089.715484,51.8
"Houston, TX","Chicago, IL",71.3,11.7,3.82,7.59,Low,9.4,Fog,Fall,2,8,4.3,Tanker,1,slow,fast,3,1083,80,2943.59,545.0671937,3488.657194,71.3
"Phoenix, AZ","Seattle, WA",55.3,15.2,3.86,6.34,Medium,7.1,Fog,Fall,3,8,0.7,Dry Van,0,slow,slow,1,1282,60,2346.06,780.5236593,3126.583659,55.3
"Seattle, WA","Denver, CO",59.6,14,4.62,5.55,Medium,8.8,Fog,Fall,3,8,0.7,Dry Van,0,slow,slow,1,1172,60,2144.76,975.6108108,3120.370811,59.6
"Chicago, IL","Seattle, WA",53.8,24.8,3.56,6.59,Medium,9.2,Fog,Summer,5,8,1.3,Dry Van,1,fast,slow,1,1993,60,3691.04,1076.643399,4767.683399,53.8
"Houston, TX","Chicago, IL",62.2,11.3,4.11,6.11,High,7.9,Storm,Fall,3,8,8.6,Tanker,0,normal,normal,2,1083,70,2350.11,728.4991817,3078.609182,62.2
"New York, NY","Atlanta, GA",64.3,5.4,3.75,5.41,Medium,7.3,Rain,Summer,2,8,7.9,Flatbed,0,fast,normal,2,858,70,1874.73,594.7319778,2469.461978,64.3
"Chicago, IL","Dallas, TX",63.7,25.1,4.12,6.96,Low,8,Storm,Winter,2,8,8.1,Tanker,1,normal,normal,2,925,70,2007.25,547.5574713,2554.807471,63.7
"Atlanta, GA","Houston, TX",60,23.6,3.76,5.21,Low,6.8,Clear,Winter,2,8,9.3,Flatbed,0,normal,slow,1,806,60,1467.73,581.681382,2049.411382,60
"New York, NY","Atlanta, GA",63.2,27.6,3.2,4.93,High,8.3,Clear,Winter,2,8,1.5,Flatbed,0,fast,normal,2,858,70,1874.73,556.9168357,2431.646836,63.2
"Denver, CO","Los Angeles, CA",48.5,16.7,4.18,7.55,High,9.3,Rain,Summer,3,8,0.4,Dry Van,1,slow,slow,1,954,60,1754.41,528.1748344,2282.584834,48.5
"Chicago, IL","Phoenix, AZ",67.5,5.4,4.1,7.43,Medium,6.8,Snow,Summer,4,8,9.3,Refrigerated,0,normal,normal,2,1670,70,3632.25,921.5343203,4553.78432,67.5
"Houston, TX","Dallas, TX",45.6,19.1,4.89,4.02,Medium,5.4,Snow,Winter,1,8,1.7,Dry Van,1,normal,slow,1,259,60,470.34,315.0522388,785.3922388,45.6
"Los Angeles, CA","Phoenix, AZ",60,26.5,3.95,7.98,Medium,8.1,Rain,Fall,1,8,7.2,Refrigerated,1,slow,slow,1,410,60,753.99,202.9448622,956.9348622,60
"Chicago, IL","Los Angeles, CA",58.1,19.7,3.35,7.85,Medium,5.1,Rain,Winter,5,8,9.2,Tanker,1,fast,slow,1,2004,60,3729.44,855.2101911,4584.650191,58.1
"Chicago, IL","Dallas, TX",42.2,20,4.2,4.26,Low,9.8,Storm,Summer,3,8,6.1,Tanker,0,slow,slow,1,925,60,1704.77,911.971831,2616.741831,42.2
"Phoenix, AZ","Los Angeles, CA",50.1,17.8,4.61,4.2,High,7.6,Clear,Winter,2,8,1.6,Tanker,1,fast,slow,1,410,60,753.99,450.0238095,1204.01381,50.1
"Los Angeles, CA","Miami, FL",50.9,19.7,3.28,5.7,High,7.3,Clear,Fall,7,8,7.3,Tanker,1,normal,slow,1,2686,60,4998.65,1545.62807,6544.27807,50.9
"Denver, CO","Chicago, IL",72.9,25.1,4.7,6.2,Low,9,Clear,Fall,2,8,4,Tanker,0,fast,fast,3,1056,80,2877.6,800.516129,3678.116129,72.9
"New York, NY","Seattle, WA",56.4,12.1,4.92,5.25,Medium,4.6,Snow,Fall,7,8,0.6,Flatbed,0,normal,slow,1,2762,60,5140.08,2588.388571,7728.468571,56.4
"Miami, FL","Seattle, WA",47.7,16.6,3.87,7.2,Low,8.4,Fog,Summer,9,8,5.6,Refrigerated,0,normal,slow,1,3141,60,5817.13,1688.2875,7505.4175,47.7
"Seattle, WA","Dallas, TX",43.5,6.4,4.33,7.23,High,7.1,Rain,Summer,6,8,5.4,Tanker,0,normal,slow,1,1932,60,3525.9,1157.062241,4682.962241,43.5
"Miami, FL","Phoenix, AZ",60.9,25.2,4.6,7.73,High,8.6,Fog,Spring,5,8,2.3,Refrigerated,0,slow,normal,2,2276,70,4950.3,1354.411384,6304.711384,60.9
"Atlanta, GA","Dallas, TX",58.1,8.1,4.92,5.16,High,9.1,Rain,Fall,2,8,9.2,Tanker,0,fast,slow,1,828,60,1507.79,789.4883721,2297.278372,58.1
"Seattle, WA","Houston, TX",45.5,14.2,4.24,4.64,High,9.8,Fog,Winter,6,8,1.7,Flatbed,1,normal,slow,1,2173,60,3965.72,1985.672414,5951.392414,45.5
"Dallas, TX","Miami, FL",43,27.7,3.39,5.67,Low,6.7,Fog,Winter,4,8,8.6,Refrigerated,1,fast,slow,1,1277,60,2353.51,763.4973545,3117.007354,43
"Seattle, WA","Los Angeles, CA",53.5,22.2,4.2,4.43,High,7,Rain,Winter,3,8,6.3,Flatbed,0,fast,slow,1,1104,60,2034.67,1046.681716,3081.351716,53.5
"Phoenix, AZ","Dallas, TX",47.9,26.8,4.63,4.94,High,5.2,Clear,Spring,3,8,3.1,Refrigerated,0,normal,slow,1,1017,60,1851.96,953.1801619,2805.140162,47.9
"Los Angeles, CA","Dallas, TX",49.2,15.7,4.47,5.35,Low,6,Fog,Spring,4,8,1.9,Flatbed,0,normal,slow,1,1423,60,2609.78,1188.936449,3798.716449,49.2
"Chicago, IL","Phoenix, AZ",66.9,11.6,4.53,4.82,High,5.9,Rain,Winter,4,8,9.4,Refrigerated,1,fast,normal,2,1670,70,3632.25,1569.522822,5201.772822,66.9
"Miami, FL","Denver, CO",47.2,14,3.3,6.04,Low,6.8,Storm,Spring,6,8,9.3,Dry Van,0,normal,slow,1,1984,60,3666.43,1083.97351,4750.40351,47.2
"Dallas, TX","Los Angeles, CA",57.2,27.4,4.61,4.01,Low,5.9,Clear,Summer,4,8,6.8,Refrigerated,1,normal,slow,1,1423,60,2609.78,1635.917706,4245.697706,57.2
"Los Angeles, CA","Miami, FL",62,24.1,4.53,5.43,Low,5.6,Fog,Spring,6,8,4.8,Flatbed,0,fast,normal,2,2686,70,5882.34,2240.80663,8123.14663,62
"Chicago, IL","Denver, CO",74.2,10,3.43,5.17,Low,5,Fog,Winter,2,8,9.1,Flatbed,0,slow,fast,3,1056,80,2877.6,700.5957447,3578.195745,74.2
"Los Angeles, CA","Chicago, IL",54.4,28.4,3.1,4.84,High,7.4,Storm,Summer,5,8,0.4,Tanker,1,fast,slow,1,2004,60,3729.44,1283.553719,5012.993719,54.4
"Los Angeles, CA","Atlanta, GA",62.7,22.5,4.28,5.28,High,4.6,Snow,Fall,5,8,9.5,Tanker,0,slow,normal,2,2223,70,4812.8,1801.977273,6614.777273,62.7
"Los Angeles, CA","Dallas, TX",51.1,24.2,4,5.24,Low,8.9,Fog,Winter,4,8,6.7,Dry Van,1,fast,slow,1,1423,60,2609.78,1086.259542,3696.039542,51.1
"Denver, CO","Dallas, TX",59.8,24.1,3.27,4.91,Low,9.3,Rain,Winter,2,8,4.7,Flatbed,1,fast,slow,1,762,60,1387.6,507.4826884,1895.082688,59.8
"Seattle, WA","New York, NY",40.2,25.5,3.72,6.16,Medium,8.1,Rain,Summer,9,8,3.2,Flatbed,0,slow,slow,1,2762,60,5140.08,1667.961039,6808.041039,40.2
"Chicago, IL","Los Angeles, CA",72.7,26.8,3.84,6.77,Medium,9.4,Fog,Spring,4,8,2,Refrigerated,0,fast,fast,3,2004,80,5502.98,1136.685377,6639.665377,72.7
"Dallas, TX","Miami, FL",42.1,15.3,4.09,5.74,Low,8.5,Fog,Summer,4,8,7.7,Dry Van,1,normal,slow,1,1277,60,2353.51,909.9181185,3263.428118,42.1
"Dallas, TX","Chicago, IL",46.8,18.4,4.87,7.34,Low,9.1,Storm,Spring,3,8,4.3,Refrigerated,0,fast,slow,1,925,60,1704.77,613.726158,2318.496158,46.8
"Phoenix, AZ","Seattle, WA",45.5,5.8,4.89,4.96,Low,5.4,Rain,Fall,4,8,9.3,Dry Van,1,slow,slow,1,1282,60,2346.06,1263.907258,3609.967258,45.5
"Atlanta, GA","Miami, FL",63.3,27.8,3.69,6.49,Low,4.2,Snow,Spring,2,8,7.7,Flatbed,0,slow,normal,2,697,70,1515.97,396.2912173,1912.261217,63.3
"Denver, CO","Atlanta, GA",53.2,18.3,3,4.96,Low,5.2,Clear,Fall,4,8,8.1,Tanker,0,normal,slow,1,1392,60,2540.4,841.9354839,3382.335484,53.2
"Denver, CO","Los Angeles, CA",46.7,17.6,4.73,4.97,High,4.5,Fog,Spring,3,8,7.5,Tanker,1,slow,slow,1,954,60,1754.41,907.9315895,2662.34159,46.7
"Los Angeles, CA","Phoenix, AZ",68.6,29,4.59,6.42,Low,7,Snow,Summer,1,8,0,Refrigerated,1,fast,normal,2,410,70,887.65,293.1308411,1180.780841,68.6
"Los Angeles, CA","Dallas, TX",68.3,11.5,4.27,5.82,High,9.2,Clear,Summer,3,8,4.5,Refrigerated,0,fast,normal,2,1423,70,3073.68,1044.022337,4117.702337,68.3
"Phoenix, AZ","New York, NY",63.2,24.6,3.79,6.58,Low,4.9,Snow,Spring,5,8,7.3,Dry Van,0,normal,normal,2,2461,70,5377.29,1417.506079,6794.796079,63.2
"New York, NY","Los Angeles, CA",47.2,17.2,4.76,6.11,High,9.6,Rain,Winter,8,8,4.9,Tanker,1,fast,slow,1,2812,60,5258.44,2190.690671,7449.130671,47.2
"Atlanta, GA","Phoenix, AZ",68.1,11.2,4.8,7.64,Medium,9.7,Clear,Fall,4,8,6,Refrigerated,0,normal,normal,2,1827,70,3928.05,1147.853403,5075.903403,68.1
"Miami, FL","Denver, CO",57.4,8.9,3.37,5.46,Low,6.6,Storm,Spring,5,8,0.7,Flatbed,1,fast,slow,1,1984,60,3666.43,1224.556777,4890.986777,57.4
"Dallas, TX","New York, NY",46.4,19.3,4.27,6.23,High,8.4,Storm,Winter,5,8,7.7,Tanker,1,normal,slow,1,1576,60,2918.75,1080.179775,3998.929775,46.4
"Phoenix, AZ","Chicago, IL",56.9,21.2,3.04,6.62,Medium,7.7,Rain,Winter,4,8,0.9,Flatbed,1,normal,slow,1,1670,60,3086.16,766.8882175,3853.048218,56.9
"Atlanta, GA","Los Angeles, CA",64.1,8.2,3.71,6.37,Medium,9,Rain,Winter,5,8,2.4,Flatbed,1,normal,normal,2,2223,70,4812.8,1294.714286,6107.514286,64.1
"Houston, TX","Los Angeles, CA",40.3,10,4.92,6.45,Medium,5.6,Storm,Winter,5,8,6.6,Tanker,1,fast,slow,1,1577,60,2892.22,1202.92093,4095.14093,40.3
"Los Angeles, CA","Denver, CO",73.9,23.1,3.42,4.42,Medium,8.1,Fog,Winter,2,8,7.9,Flatbed,1,slow,fast,3,954,80,2586.29,738.1628959,3324.452896,73.9
"Miami, FL","Seattle, WA",51.4,5.3,4.4,4.45,Medium,8.6,Fog,Summer,8,8,7.8,Refrigerated,0,slow,slow,1,3141,60,5817.13,3105.707865,8922.837865,51.4
"New York, NY","Miami, FL",42.9,24.1,3.14,5.91,Low,5,Storm,Summer,4,8,9.1,Flatbed,0,fast,slow,1,1256,60,2360.02,667.3164129,3027.336413,42.9
"Denver, CO","Miami, FL",58.5,24.1,3.01,7.67,High,5.2,Clear,Summer,5,8,1.3,Dry Van,0,normal,slow,1,1984,60,3666.43,778.5971317,4445.027132,58.5
"Seattle, WA","Chicago, IL",44.6,24.4,3.53,7.73,High,8.3,Rain,Spring,6,8,2.2,Dry Van,0,fast,slow,1,1993,60,3691.04,910.1280724,4601.168072,44.6
"Seattle, WA","Chicago, IL",61.6,24.2,3.21,7.85,Medium,9.3,Storm,Spring,5,8,3.2,Refrigerated,1,fast,normal,2,1993,70,4344.74,814.9719745,5159.711975,61.6
"Miami, FL","Houston, TX",50.1,23.4,3.14,7.46,High,7,Fog,Summer,3,8,6.1,Flatbed,0,fast,slow,1,1112,60,2049.42,468.0536193,2517.473619,50.1
"Miami, FL","New York, NY",44.6,23.9,3.55,7.62,Medium,8.9,Storm,Winter,4,8,8.1,Tanker,1,normal,slow,1,1256,60,2360.02,585.144357,2945.164357,44.6
"Phoenix, AZ","Miami, FL",43.5,29,4.31,5.82,High,6.4,Clear,Spring,7,8,4.1,Tanker,0,fast,slow,1,2276,60,4206.05,1685.491409,5891.541409,43.5
"Chicago, IL","Denver, CO",67,10.7,4.84,6.37,Medium,6.3,Clear,Winter,2,8,6.1,Refrigerated,1,slow,normal,2,1056,70,2296.8,802.3610675,3099.161068,67
"Chicago, IL","Los Angeles, CA",57,17.6,3.35,7.25,Low,7.3,Rain,Winter,5,8,7.7,Dry Van,1,normal,slow,1,2004,60,3729.44,925.9862069,4655.426207,57
"Seattle, WA","Los Angeles, CA",73.2,14.2,3.27,6.07,Medium,4.7,Fog,Fall,2,8,1.8,Flatbed,1,normal,fast,3,1104,80,3000.67,594.7413509,3595.411351,73.2
"Atlanta, GA","Chicago, IL",54.2,14.6,4.59,5.83,Low,5,Storm,Summer,2,8,1.5,Tanker,1,slow,slow,1,677,60,1251.1,533.0068611,1784.106861,54.2
"Miami, FL","Phoenix, AZ",59.8,22.9,4.88,7.65,High,9.7,Storm,Fall,5,8,9.7,Tanker,1,fast,slow,1,2276,60,4206.05,1451.879739,5657.929739,59.8
"New York, NY","Los Angeles, CA",43.9,28.7,3.85,4.04,Low,6.7,Snow,Spring,9,8,3.4,Tanker,1,normal,slow,1,2812,60,5258.44,2679.752475,7938.192475,43.9
"Houston, TX","Dallas, TX",61.5,26.7,4.32,5.74,Medium,8.9,Snow,Fall,1,8,5.3,Refrigerated,0,slow,normal,2,259,70,554.26,194.9268293,749.1868293,61.5
"Seattle, WA","Houston, TX",41.6,21.7,4.73,4.65,Low,8.9,Rain,Spring,7,8,8.3,Refrigerated,0,slow,slow,1,2173,60,3965.72,2210.384946,6176.104946,41.6
"Dallas, TX","Miami, FL",62,14.9,3.51,7.93,Low,9.9,Fog,Summer,3,8,7.9,Dry Van,0,fast,normal,2,1277,70,2771.09,565.2295082,3336.319508,62
"Atlanta, GA","Seattle, WA",68.6,15.2,3.65,6.98,Low,4.5,Snow,Summer,5,8,4.8,Refrigerated,1,fast,normal,2,2505,70,5398.28,1309.921203,6708.201203,68.6
"Phoenix, AZ","Seattle, WA",51.2,29.1,4.28,4.09,High,6.6,Snow,Winter,4,8,3,Flatbed,1,slow,slow,1,1282,60,2346.06,1341.555012,3687.615012,51.2
"Phoenix, AZ","Los Angeles, CA",66.5,20.2,4.14,4.21,Medium,4.8,Rain,Winter,1,8,2.1,Dry Van,1,normal,normal,2,410,70,887.65,403.1828979,1290.832898,66.5
"Phoenix, AZ","Houston, TX",59.1,12.1,4.9,7.37,High,8.3,Rain,Fall,3,8,0.6,Dry Van,0,fast,slow,1,1166,60,2123.29,775.2238806,2898.513881,59.1
"Phoenix, AZ","Dallas, TX",60.6,27.4,4.31,5.4,High,9.8,Storm,Winter,3,8,6.3,Dry Van,0,slow,normal,2,1017,70,2181.47,811.7166667,2993.186667,60.6
"Denver, CO","Atlanta, GA",53.1,21.7,3.14,5.03,Medium,8.3,Clear,Summer,4,8,4,Flatbed,0,normal,slow,1,1392,60,2540.4,868.9622266,3409.362227,53.1
"New York, NY","Seattle, WA",55.5,24.3,3.53,4.02,Medium,8,Rain,Winter,7,8,6.5,Flatbed,1,slow,slow,1,2762,60,5140.08,2425.338308,7565.418308,55.5
"Chicago, IL","Seattle, WA",73.2,11.1,4.06,5.93,Low,8.2,Fog,Summer,4,8,7.4,Flatbed,1,normal,fast,3,1993,80,5444.88,1364.51602,6809.39602,73.2
"Denver, CO","Los Angeles, CA",48.3,7.4,4.15,6.21,Medium,5.1,Snow,Fall,3,8,0.8,Dry Van,0,fast,slow,1,954,60,1754.41,637.5362319,2391.946232,48.3
"Houston, TX","Miami, FL",67.4,28,3.39,7.84,Medium,4.9,Fog,Winter,3,8,8.3,Refrigerated,1,normal,normal,2,1112,70,2413.04,480.8265306,2893.866531,67.4
"Denver, CO","Phoenix, AZ",54.9,8.2,3.25,6.48,Low,8.1,Fog,Fall,2,8,3.3,Refrigerated,0,normal,slow,1,673,60,1228.23,337.5385802,1565.76858,54.9
"Los Angeles, CA","Atlanta, GA",57.4,18.6,3.34,7.04,Medium,9.9,Storm,Summer,5,8,8.8,Flatbed,1,normal,slow,1,2223,60,4088.1,1054.661932,5142.761932,57.4
"Chicago, IL","Dallas, TX",55.9,18.5,4.7,5.92,High,6.2,Snow,Fall,3,8,5.1,Refrigerated,1,normal,slow,1,925,60,1704.77,734.375,2439.145,55.9
"New York, NY","Los Angeles, CA",64.3,18,3.6,5.69,Low,5.8,Fog,Summer,6,8,1.6,Tanker,0,slow,normal,2,2812,70,6186.4,1779.121265,7965.521265,64.3
"Houston, TX","New York, NY",48.8,22.1,4.37,6.01,High,8.7,Fog,Spring,5,8,6.9,Flatbed,0,normal,slow,1,1630,60,3018.76,1185.207987,4203.967987,48.8
"Los Angeles, CA","Houston, TX",43.3,29.4,3.57,5.7,High,7.9,Fog,Winter,5,8,8.1,Dry Van,1,normal,slow,1,1577,60,2892.22,987.7,3879.92,43.3
"Los Angeles, CA","Phoenix, AZ",40.6,22.2,3.6,6.5,High,4.9,Rain,Winter,2,8,5,Flatbed,1,fast,slow,1,410,60,753.99,227.0769231,981.0669231,40.6
"Phoenix, AZ","Chicago, IL",58,17.4,3.67,4.28,High,4.5,Snow,Fall,4,8,3.6,Tanker,1,fast,slow,1,1670,60,3086.16,1431.985981,4518.145981,58
"Phoenix, AZ","Chicago, IL",50.7,22.2,4.73,5.2,High,5.2,Storm,Winter,5,8,6.9,Dry Van,0,normal,slow,1,1670,60,3086.16,1519.057692,4605.217692,50.7
"New York, NY","Dallas, TX",54.6,16.7,3.74,4.4,Medium,5.9,Fog,Spring,4,8,2.9,Dry Van,0,slow,slow,1,1576,60,2918.75,1339.6,4258.35,54.6
"Dallas, TX","Houston, TX",46.8,10.3,3.05,7.59,Medium,5.3,Snow,Winter,1,8,0.4,Dry Van,1,normal,slow,1,259,60,470.34,104.0777339,574.4177339,46.8
"Seattle, WA","Chicago, IL",67.1,16.3,4.51,7.82,Low,8.6,Rain,Winter,4,8,7.6,Refrigerated,1,fast,normal,2,1993,70,4344.74,1149.415601,5494.155601,67.1
"Miami, FL","Houston, TX",69.2,9.9,4.79,5.83,High,8.1,Snow,Winter,3,8,10,Dry Van,0,normal,normal,2,1112,70,2413.04,913.6329331,3326.672933,69.2
"Dallas, TX","Los Angeles, CA",54.2,10.6,3.51,5.92,Medium,6.2,Snow,Fall,4,8,3.7,Tanker,1,fast,slow,1,1423,60,2609.78,843.7043919,3453.484392,54.2
"Los Angeles, CA","Chicago, IL",53.4,25.9,4.3,6.46,Low,6,Storm,Spring,5,8,3.1,Refrigerated,0,slow,slow,1,2004,60,3729.44,1333.931889,5063.371889,53.4
"Denver, CO","Phoenix, AZ",60.4,22.5,4.71,4.56,Low,7.3,Rain,Winter,2,8,3.4,Tanker,1,slow,normal,2,673,70,1446.95,695.1381579,2142.088158,60.4
"Houston, TX","Miami, FL",55.4,17.4,3.81,6.71,Medium,6.5,Storm,Summer,3,8,6,Refrigerated,1,slow,slow,1,1112,60,2049.42,631.4038748,2680.823875,55.4
"Dallas, TX","Chicago, IL",43.8,14.9,3.67,6.28,Low,9.2,Rain,Spring,3,8,0.7,Dry Van,0,slow,slow,1,925,60,1704.77,540.5652866,2245.335287,43.8
"Atlanta, GA","Los Angeles, CA",47.4,21.7,4.09,7.33,Medium,4.8,Clear,Winter,6,8,5.6,Flatbed,1,slow,slow,1,2223,60,4088.1,1240.391542,5328.491542,47.4
"Denver, CO","Dallas, TX",54.5,13.2,4.21,7.72,Low,9,Clear,Winter,2,8,0.2,Tanker,0,slow,slow,1,762,60,1387.6,415.5466321,1803.146632,54.5
"Houston, TX","Dallas, TX",61.3,25.5,3.57,4.96,Medium,8.7,Clear,Winter,1,8,3.7,Flatbed,0,slow,normal,2,259,70,554.26,186.4173387,740.6773387,61.3
"New York, NY","Atlanta, GA",59.6,23.2,3.71,6.45,High,7.5,Snow,Winter,2,8,6.4,Flatbed,0,slow,slow,1,858,60,1592.45,493.5162791,2085.966279,59.6
"Houston, TX","Miami, FL",43,8,3.45,6,Low,9,Storm,Spring,4,8,2,Flatbed,0,normal,slow,1,1112,60,2049.42,639.4,2688.82,43
"New York, NY","Dallas, TX",69.1,12.3,4.75,7.09,Low,6.5,Rain,Summer,3,8,9.6,Refrigerated,0,fast,normal,2,1576,70,3435.68,1055.853315,4491.533315,69.1
"Chicago, IL","Atlanta, GA",48.3,28.5,4.21,4.42,High,7.4,Fog,Summer,2,8,8.6,Refrigerated,1,fast,slow,1,677,60,1251.1,644.8348416,1895.934842,48.3
"Chicago, IL","Los Angeles, CA",48.9,21.9,4.09,4.93,Medium,7.4,Fog,Spring,6,8,6.6,Refrigerated,1,normal,slow,1,2004,60,3729.44,1662.547667,5391.987667,48.9
"Chicago, IL","Miami, FL",65.2,17.5,4.79,7.68,Medium,4.3,Clear,Spring,3,8,0.4,Tanker,1,slow,normal,2,1370,70,3014,854.4661458,3868.466146,65.2
"Houston, TX","Seattle, WA",59,8.7,4.49,4.03,Low,5,Clear,Summer,5,8,6.7,Tanker,0,fast,slow,1,2173,60,3965.72,2421.034739,6386.754739,59
"Denver, CO","Houston, TX",40,8,4.07,6.7,High,6.5,Snow,Fall,4,8,5.2,Refrigerated,1,normal,slow,1,1010,60,1839.21,613.5373134,2452.747313,40
"Houston, TX","Denver, CO",46.7,26,4.45,7.58,Low,4.7,Fog,Summer,3,8,2.1,Refrigerated,0,slow,slow,1,1010,60,1839.21,592.9419525,2432.151953,46.7
"Phoenix, AZ","Chicago, IL",74.9,12,4.34,4.71,Medium,7.5,Storm,Winter,3,8,3.2,Flatbed,0,normal,fast,3,1670,80,4550.75,1538.81104,6089.56104,74.9
"Denver, CO","New York, NY",46.6,20.6,3.67,4.84,High,5.9,Clear,Spring,6,8,4,Flatbed,1,fast,slow,1,1872,60,3474.43,1419.471074,4893.901074,46.6
"Atlanta, GA","Miami, FL",55.7,13,4.49,7.88,High,6.6,Fog,Winter,2,8,5.7,Refrigerated,1,slow,slow,1,697,60,1288.06,397.1484772,1685.208477,55.7
"Phoenix, AZ","Houston, TX",64.2,17.8,4.3,7.56,High,6.6,Storm,Summer,3,8,7.5,Tanker,1,fast,normal,2,1166,70,2501.07,663.2010582,3164.271058,64.2
"Phoenix, AZ","Denver, CO",61.1,13.1,4.97,6.67,High,4.3,Snow,Spring,2,8,1.3,Tanker,0,normal,normal,2,673,70,1446.95,501.4707646,1948.420765,61.1
"Chicago, IL","Houston, TX",71.3,29.4,3.09,5.42,Medium,5.3,Rain,Spring,2,8,6.4,Flatbed,0,normal,fast,3,1083,80,2943.59,617.4298893,3561.019889,71.3
"Dallas, TX","Chicago, IL",56.9,22.1,4.56,4.08,High,9.3,Clear,Spring,3,8,8.1,Tanker,1,normal,slow,1,925,60,1704.77,1033.823529,2738.593529,56.9
"Los Angeles, CA","Houston, TX",43.9,23,3.31,7.4,High,8.4,Clear,Winter,5,8,5,Tanker,1,fast,slow,1,1577,60,2892.22,705.3878378,3597.607838,43.9
"Atlanta, GA","Houston, TX",49.7,21.1,4.39,7.48,Medium,6.1,Fog,Summer,3,8,9.9,Dry Van,0,fast,slow,1,806,60,1467.73,473.040107,1940.770107,49.7
"Dallas, TX","Denver, CO",72.7,18.1,3.58,5.07,Medium,9.6,Fog,Summer,2,8,5.8,Tanker,1,slow,fast,3,762,80,2044.45,538.0591716,2582.509172,72.7
"Phoenix, AZ","Dallas, TX",65.9,17.5,3.54,4.68,Low,7.7,Storm,Summer,2,8,5.7,Refrigerated,1,slow,normal,2,1017,70,2181.47,769.2692308,2950.739231,65.9
"Denver, CO","Los Angeles, CA",45,27.1,4.16,4.51,High,6.8,Fog,Fall,3,8,2.8,Flatbed,1,normal,slow,1,954,60,1754.41,879.9645233,2634.374523,45
"Seattle, WA","New York, NY",66.3,21.1,3.71,4.2,Medium,4.2,Fog,Spring,6,8,4.8,Flatbed,1,fast,normal,2,2762,70,6048.78,2439.766667,8488.546667,66.3
"Houston, TX","Phoenix, AZ",43.2,13.2,3.87,5.12,Medium,7.5,Storm,Summer,4,8,2.2,Dry Van,1,fast,slow,1,1166,60,2123.29,881.3320313,3004.622031,43.2
"Dallas, TX","New York, NY",54.9,29.6,4.11,7.72,Low,4,Rain,Summer,4,8,9,Dry Van,0,fast,slow,1,1576,60,2918.75,839.0362694,3757.786269,54.9
"Miami, FL","Denver, CO",43.4,15.6,4.87,6.17,Medium,7.2,Snow,Summer,6,8,0,Tanker,1,slow,slow,1,1984,60,3666.43,1565.97731,5232.40731,43.4
"Dallas, TX","Atlanta, GA",43.1,20.8,4.83,4.83,Low,8,Snow,Winter,3,8,6.7,Flatbed,1,slow,slow,1,828,60,1507.79,828,2335.79,43.1
"Chicago, IL","Miami, FL",68.2,29.7,3.75,5.78,Low,4.3,Storm,Summer,3,8,6.6,Flatbed,1,slow,normal,2,1370,70,3014,888.8408304,3902.84083,68.2
"Denver, CO","Seattle, WA",64.1,8.2,3.85,4.99,Medium,8.5,Clear,Fall,3,8,8.8,Flatbed,1,normal,normal,2,1172,70,2525.66,904.248497,3429.908497,64.1
"Denver, CO","New York, NY",46.9,20.3,3.18,5.57,High,8.3,Clear,Fall,5,8,6.2,Flatbed,0,normal,slow,1,1872,60,3474.43,1068.754039,4543.184039,46.9
"Miami, FL","Phoenix, AZ",53.2,7.6,4.44,6.02,High,8.3,Snow,Spring,6,8,3.2,Dry Van,1,fast,slow,1,2276,60,4206.05,1678.644518,5884.694518,53.2
"Denver, CO","Atlanta, GA",40.9,13.5,4.61,7.59,High,7.1,Clear,Spring,5,8,0.3,Dry Van,1,normal,slow,1,1392,60,2540.4,845.4703557,3385.870356,40.9
"Dallas, TX","Houston, TX",40.5,28.6,3.98,5.37,Medium,9.5,Rain,Winter,1,8,3.9,Flatbed,1,fast,slow,1,259,60,470.34,191.9590317,662.2990317,40.5
"Houston, TX","Chicago, IL",73.4,20.1,4.87,4.81,High,4.9,Fog,Fall,2,8,6.8,Refrigerated,1,fast,fast,3,1083,80,2943.59,1096.509356,4040.099356,73.4
"Chicago, IL","Houston, TX",49.4,25,3.91,6.68,Medium,5.9,Fog,Summer,3,8,9.9,Refrigerated,1,fast,slow,1,1083,60,1995.97,633.9116766,2629.881677,49.4
"Denver, CO","Houston, TX",57.7,26.1,3.48,5.66,High,7.7,Fog,Spring,3,8,4.6,Flatbed,0,fast,slow,1,1010,60,1839.21,620.9893993,2460.199399,57.7
"New York, NY","Phoenix, AZ",60.5,20.6,4.31,4.28,High,7.8,Fog,Summer,6,8,5.4,Tanker,0,slow,normal,2,2461,70,5377.29,2478.25,7855.54,60.5
"Seattle, WA","Atlanta, GA",59.5,26.4,4.86,4.74,Medium,6.6,Rain,Spring,6,8,4.1,Refrigerated,1,normal,slow,1,2505,60,4584.15,2568.417722,7152.567722,59.5
"Denver, CO","New York, NY",68.5,5.9,4.06,6.65,Low,5.2,Rain,Fall,4,8,8.4,Dry Van,1,normal,normal,2,1872,70,4090.32,1142.905263,5233.225263,68.5
"Los Angeles, CA","Houston, TX",54.4,10.9,4.46,4.53,High,8.1,Rain,Fall,4,8,4.9,Refrigerated,0,fast,slow,1,1577,60,2892.22,1552.631347,4444.851347,54.4
"Los Angeles, CA","Atlanta, GA",40.5,12.6,4.4,7.16,Low,5.8,Snow,Fall,7,8,5.7,Tanker,1,slow,slow,1,2223,60,4088.1,1366.089385,5454.189385,40.5
"Denver, CO","Dallas, TX",63.2,27,3.82,5.16,Low,4.1,Snow,Spring,2,8,4,Flatbed,1,slow,normal,2,762,70,1634.49,564.1162791,2198.606279,63.2
"Houston, TX","Seattle, WA",46.4,15.8,4.97,5.19,High,7.6,Clear,Fall,6,8,3.3,Flatbed,0,slow,slow,1,2173,60,3965.72,2080.888247,6046.608247,46.4
"Chicago, IL","Miami, FL",70.5,5.4,3.87,4.9,Medium,6.3,Clear,Fall,3,8,7.5,Dry Van,0,fast,fast,3,1370,80,3781.2,1082.020408,4863.220408,70.5
"Denver, CO","Los Angeles, CA",57.9,19.1,3.99,6.93,Low,6.3,Storm,Winter,3,8,4.8,Dry Van,1,slow,slow,1,954,60,1754.41,549.2727273,2303.682727,57.9
"Chicago, IL","Atlanta, GA",68.9,11.9,3.15,6.83,Low,6.9,Snow,Summer,2,8,9.8,Tanker,0,fast,normal,2,677,70,1472.47,312.2327965,1784.702796,68.9
"Denver, CO","Atlanta, GA",54.5,15.2,3.65,7.13,Low,8.6,Rain,Spring,4,8,3.1,Dry Van,1,slow,slow,1,1392,60,2540.4,712.5946704,3252.99467,54.5
"Denver, CO","Houston, TX",68.4,7.2,4.61,6.68,Low,8.4,Fog,Summer,2,8,0,Flatbed,1,fast,normal,2,1010,70,2166.45,697.0209581,2863.470958,68.4
"Seattle, WA","Denver, CO",63.8,8,3.23,5.64,High,7.9,Rain,Summer,3,8,3.2,Refrigerated,1,normal,normal,2,1172,70,2525.66,671.1985816,3196.858582,63.8
"Phoenix, AZ","Miami, FL",62.2,7.6,4.26,4.38,Low,4.6,Storm,Winter,5,8,3.2,Flatbed,0,normal,normal,2,2276,70,4950.3,2213.643836,7163.943836,62.2
"Houston, TX","Seattle, WA",41.3,16.1,3.23,5.41,Medium,10,Snow,Winter,7,8,5.6,Refrigerated,1,normal,slow,1,2173,60,3965.72,1297.373383,5263.093383,41.3
"Denver, CO","Dallas, TX",47.3,8.6,4.81,7.88,Medium,10,Snow,Winter,3,8,2.8,Refrigerated,1,normal,slow,1,762,60,1387.6,465.1294416,1852.729442,47.3
"Atlanta, GA","Los Angeles, CA",42.2,20.1,3.11,7.58,High,7.2,Snow,Fall,7,8,8.3,Flatbed,1,normal,slow,1,2223,60,4088.1,912.0751979,5000.175198,42.2
"Chicago, IL","Phoenix, AZ",41.4,27,3.63,4.52,High,6.8,Fog,Summer,6,8,2.7,Tanker,0,normal,slow,1,1670,60,3086.16,1341.172566,4427.332566,41.4
"Los Angeles, CA","Houston, TX",54.7,27.4,4.97,6.55,Low,5,Snow,Fall,4,8,3.5,Dry Van,1,fast,slow,1,1577,60,2892.22,1196.593893,4088.813893,54.7
"Dallas, TX","New York, NY",40.6,11.8,4.61,6.46,High,8.5,Rain,Fall,5,8,4.4,Refrigerated,0,fast,slow,1,1576,60,2918.75,1124.668731,4043.418731,40.6
"Denver, CO","Atlanta, GA",67.4,16.3,4.58,7.35,Medium,7.9,Snow,Winter,3,8,2.7,Flatbed,0,fast,normal,2,1392,70,2992.8,867.3959184,3860.195918,67.4
"Atlanta, GA","Seattle, WA",44.1,11.8,3.42,5.82,High,9.5,Rain,Fall,8,8,7.2,Dry Van,1,fast,slow,1,2505,60,4584.15,1472.010309,6056.160309,44.1
"Phoenix, AZ","Los Angeles, CA",43.4,28.1,4.14,5.45,Low,8.5,Storm,Summer,2,8,6.7,Dry Van,0,normal,slow,1,410,60,753.99,311.4495413,1065.439541,43.4
"Chicago, IL","Denver, CO",63.5,26.1,3.8,6.09,Low,6.4,Fog,Fall,3,8,8,Refrigerated,0,normal,normal,2,1056,70,2296.8,658.9162562,2955.716256,63.5
"Dallas, TX","Seattle, WA",65.3,10.2,3.5,5.35,High,7.5,Rain,Winter,4,8,7.5,Tanker,0,fast,normal,2,1932,70,4153.8,1263.925234,5417.725234,65.3
"Houston, TX","Los Angeles, CA",40.4,24.4,4.64,4.24,Medium,7.7,Storm,Fall,5,8,7.9,Dry Van,0,slow,slow,1,1577,60,2892.22,1725.773585,4617.993585,40.4
"Chicago, IL","Miami, FL",69.8,24.4,3.54,7.25,High,7.2,Clear,Winter,3,8,4.6,Tanker,1,slow,normal,2,1370,70,3014,668.937931,3682.937931,69.8
"Phoenix, AZ","Chicago, IL",71.1,7.6,4.49,7.22,High,5.6,Rain,Spring,3,8,7.1,Dry Van,1,slow,fast,3,1670,80,4550.75,1038.545706,5589.295706,71.1
"Phoenix, AZ","Denver, CO",43.9,22.6,4.82,6.61,Medium,8.6,Rain,Spring,2,8,1.8,Dry Van,0,slow,slow,1,673,60,1228.23,490.7503782,1718.980378,43.9
"Denver, CO","Los Angeles, CA",51.5,26.5,3.25,5.73,Low,6.4,Clear,Summer,3,8,1.5,Dry Van,0,normal,slow,1,954,60,1754.41,541.0994764,2295.509476,51.5
"New York, NY","Phoenix, AZ",48.3,25.5,3.42,4.96,Medium,4.8,Storm,Fall,7,8,0.7,Flatbed,0,slow,slow,1,2461,60,4567.62,1696.899194,6264.519194,48.3
"Phoenix, AZ","Los Angeles, CA",49.9,18.9,4.46,6.13,High,9.6,Fog,Spring,2,8,3.6,Tanker,1,normal,slow,1,410,60,753.99,298.3034258,1052.293426,49.9
"New York, NY","Houston, TX",65.9,27.3,3.9,6.12,Low,6.5,Storm,Winter,4,8,2.3,Flatbed,1,slow,normal,2,1630,70,3553.4,1038.72549,4592.12549,65.9
"Atlanta, GA","Phoenix, AZ",53,10.8,4.12,4.54,High,5.9,Storm,Winter,5,8,4.1,Flatbed,1,normal,slow,1,1827,60,3334.28,1657.982379,4992.262379,53
"Seattle, WA","Denver, CO",44,11.2,4.61,7.05,Medium,6.3,Snow,Spring,4,8,6,Flatbed,0,normal,slow,1,1172,60,2144.76,766.3716312,2911.131631,44
"Houston, TX","Los Angeles, CA",57.3,23.6,4.54,6,Medium,5.8,Snow,Fall,4,8,4.1,Refrigerated,0,fast,slow,1,1577,60,2892.22,1193.263333,4085.483333,57.3
"Miami, FL","Seattle, WA",65.6,11.1,3.34,6.12,Low,5.7,Snow,Winter,6,8,1.2,Dry Van,0,normal,normal,2,3141,70,6847.38,1714.205882,8561.585882,65.6
"Los Angeles, CA","Phoenix, AZ",49.9,5,3.25,7.73,High,9.2,Snow,Fall,2,8,7.8,Dry Van,1,normal,slow,1,410,60,753.99,172.3803364,926.3703364,49.9
"New York, NY","Houston, TX",74,14.3,4.36,4.25,Medium,6.4,Fog,Spring,3,8,5.4,Dry Van,1,fast,fast,3,1630,80,4453.16,1672.188235,6125.348235,74
"Los Angeles, CA","Seattle, WA",44.2,22.6,4.29,5.5,High,9.7,Fog,Winter,4,8,3.1,Refrigerated,0,fast,slow,1,1104,60,2034.67,861.12,2895.79,44.2
"Dallas, TX","Atlanta, GA",52.8,11,4.34,4.79,Low,9.4,Fog,Summer,2,8,1.8,Refrigerated,1,slow,slow,1,828,60,1507.79,750.2129436,2258.002944,52.8
"Denver, CO","Chicago, IL",53.5,15.1,4.57,7.85,Low,4.8,Fog,Summer,3,8,9.4,Tanker,1,normal,slow,1,1056,60,1951.49,614.766879,2566.256879,53.5
"Phoenix, AZ","Chicago, IL",40.7,25.1,3.22,7.95,Low,7.7,Clear,Summer,6,8,4.9,Flatbed,0,fast,slow,1,1670,60,3086.16,676.4025157,3762.562516,40.7
"Houston, TX","Los Angeles, CA",62.3,12.2,3.47,6.92,High,4.2,Storm,Summer,4,8,0.1,Refrigerated,0,slow,normal,2,1577,70,3406.32,790.7789017,4197.098902,62.3
"Seattle, WA","Los Angeles, CA",42.4,29.9,3.58,4.6,Low,5.4,Rain,Fall,4,8,7,Flatbed,1,normal,slow,1,1104,60,2034.67,859.2,2893.87,42.4
"Dallas, TX","Houston, TX",48.1,13.8,4.52,6.33,High,8.1,Clear,Fall,1,8,4.1,Dry Van,0,fast,slow,1,259,60,470.34,184.9415482,655.2815482,48.1
"Miami, FL","Los Angeles, CA",53.2,21.6,3.51,4.51,Low,4.4,Fog,Fall,7,8,1.6,Tanker,1,slow,slow,1,2686,60,4998.65,2090.43459,7089.08459,53.2
"New York, NY","Dallas, TX",66.6,5.4,4.12,5.52,Low,7,Storm,Fall,3,8,9.8,Dry Van,0,normal,normal,2,1576,70,3435.68,1176.289855,4611.969855,66.6
"Atlanta, GA","Dallas, TX",72.5,25.1,3.33,5,Medium,6.1,Snow,Winter,2,8,3.6,Flatbed,1,fast,fast,3,828,80,2221.52,551.448,2772.968,72.5
"Chicago, IL","Denver, CO",60.6,18.1,3.41,5.81,Low,8.8,Rain,Fall,3,8,9.1,Flatbed,0,normal,normal,2,1056,70,2296.8,619.7865749,2916.586575,60.6
"Atlanta, GA","Los Angeles, CA",41.7,5.1,3.66,6.64,Medium,8.4,Snow,Spring,7,8,6.7,Flatbed,1,normal,slow,1,2223,60,4088.1,1225.328313,5313.428313,41.7
"Phoenix, AZ","Denver, CO",60.7,27.8,4.6,7.69,Medium,9.9,Storm,Spring,2,8,6.2,Dry Van,0,fast,normal,2,673,70,1446.95,402.5747724,1849.524772,60.7
"Miami, FL","Seattle, WA",70.1,11.3,4.96,6.45,Medium,8.8,Fog,Fall,6,8,1.8,Tanker,1,slow,fast,3,3141,80,8581.21,2415.404651,10996.61465,70.1
"New York, NY","Denver, CO",40.8,25.4,3.03,6.63,Medium,6.2,Snow,Spring,6,8,0.6,Tanker,1,slow,slow,1,1872,60,3474.43,855.5294118,4329.959412,40.8
"Chicago, IL","Dallas, TX",57.3,8.3,4.77,6.6,Medium,5,Fog,Spring,3,8,1.4,Refrigerated,1,fast,slow,1,925,60,1704.77,668.5227273,2373.292727,57.3
"Seattle, WA","New York, NY",46.3,10.6,3.05,6.89,Medium,8.9,Fog,Fall,8,8,1.3,Flatbed,1,slow,slow,1,2762,60,5140.08,1222.656023,6362.736023,46.3
"Houston, TX","Los Angeles, CA",63.5,27.4,3.89,5.75,High,8.7,Snow,Spring,4,8,5.2,Tanker,1,slow,normal,2,1577,70,3406.32,1066.874783,4473.194783,63.5
"New York, NY","Dallas, TX",69.1,28.9,4.4,4.83,Low,4.1,Clear,Winter,3,8,7.1,Tanker,1,fast,normal,2,1576,70,3435.68,1435.693582,4871.373582,69.1
"Chicago, IL","Phoenix, AZ",41.4,10,3.36,5.35,High,6.5,Storm,Summer,6,8,4.8,Dry Van,1,fast,slow,1,1670,60,3086.16,1048.82243,4134.98243,41.4
"New York, NY","Chicago, IL",41,20.1,3.79,5.19,Low,9.2,Clear,Fall,3,8,1.8,Refrigerated,0,fast,slow,1,818,60,1537.02,597.344894,2134.364894,41
"Denver, CO","Dallas, TX",59,22.8,3.42,6.69,Medium,8.2,Snow,Summer,2,8,9,Tanker,1,slow,slow,1,762,60,1387.6,389.5426009,1777.142601,59
"New York, NY","Houston, TX",46.2,15.7,3.25,6.27,Low,6.4,Rain,Spring,5,8,1.7,Flatbed,1,normal,slow,1,1630,60,3018.76,844.8963317,3863.656332,46.2
"Chicago, IL","Denver, CO",61.3,19.4,3.33,4.5,Low,4.2,Clear,Fall,3,8,7.5,Flatbed,0,fast,normal,2,1056,70,2296.8,781.44,3078.24,61.3
"Los Angeles, CA","Phoenix, AZ",41.1,16.7,4.29,7.32,High,4.3,Fog,Fall,2,8,5.5,Dry Van,1,normal,slow,1,410,60,753.99,240.2868852,994.2768852,41.1
"Denver, CO","Houston, TX",51.1,12,4.06,4.21,Low,5,Rain,Winter,3,8,3.6,Refrigerated,0,slow,slow,1,1010,60,1839.21,974.0142518,2813.224252,51.1
"Dallas, TX","Atlanta, GA",61.9,22.6,4.3,7.87,Low,9.2,Fog,Spring,2,8,0.6,Refrigerated,1,slow,normal,2,828,70,1776.06,452.4015248,2228.461525,61.9
"Seattle, WA","Atlanta, GA",64.1,20.2,4.08,5.88,Medium,5.8,Fog,Spring,5,8,1.6,Tanker,1,slow,normal,2,2505,70,5398.28,1738.163265,7136.443265,64.1
"Dallas, TX","Chicago, IL",51.3,19.7,3.13,7.32,Low,7.4,Fog,Fall,3,8,7,Tanker,0,slow,slow,1,925,60,1704.77,395.5259563,2100.295956,51.3
"Phoenix, AZ","Atlanta, GA",56.5,28.9,4.53,7.88,Medium,8.5,Storm,Fall,5,8,0.6,Flatbed,1,slow,slow,1,1827,60,3334.28,1050.293147,4384.573147,56.5
"Dallas, TX","Chicago, IL",52.5,11.9,4.61,5.47,High,5.9,Fog,Fall,3,8,8.5,Tanker,1,fast,slow,1,925,60,1704.77,779.5703839,2484.340384,52.5
"Dallas, TX","Phoenix, AZ",69.1,26.3,3.85,4.27,Medium,4,Storm,Fall,2,8,9.8,Refrigerated,0,normal,normal,2,1017,70,2181.47,916.9672131,3098.437213,69.1
"Seattle, WA","Dallas, TX",55.8,8.3,3.1,7.1,High,7.4,Snow,Winter,5,8,3.8,Dry Van,1,normal,slow,1,1932,60,3525.9,843.5492958,4369.449296,55.8
"Phoenix, AZ","Chicago, IL",62.1,27.7,3.84,7.13,High,5.6,Snow,Fall,4,8,3.1,Tanker,0,normal,normal,2,1670,70,3632.25,899.4109397,4531.66094,62.1
"Los Angeles, CA","Houston, TX",47,19.7,3.13,7.45,Low,9.8,Fog,Summer,5,8,0.2,Tanker,0,fast,slow,1,1577,60,2892.22,662.5516779,3554.771678,47
"Seattle, WA","Atlanta, GA",54.5,11.8,3.41,6.62,High,6.5,Snow,Fall,6,8,9.8,Refrigerated,1,fast,slow,1,2505,60,4584.15,1290.339879,5874.489879,54.5
"Denver, CO","New York, NY",48.5,12,4.79,6.54,High,8.4,Snow,Fall,5,8,1.4,Refrigerated,0,fast,slow,1,1872,60,3474.43,1371.082569,4845.512569,48.5
"Houston, TX","Chicago, IL",53.4,28.9,3.66,7.85,Medium,9.4,Rain,Spring,3,8,8,Refrigerated,0,fast,slow,1,1083,60,1995.97,504.9401274,2500.910127,53.4
"New York, NY","Phoenix, AZ",48.8,15.9,4.04,5.18,Medium,4.1,Fog,Summer,7,8,2.8,Refrigerated,0,slow,slow,1,2461,60,4567.62,1919.389961,6487.009961,48.8
"Seattle, WA","Dallas, TX",46,26.8,4.41,4.34,Medium,7.9,Snow,Summer,6,8,9.6,Refrigerated,0,slow,slow,1,1932,60,3525.9,1963.16129,5489.06129,46
"Seattle, WA","Dallas, TX",48.7,28.2,4.86,6.88,Medium,8.6,Fog,Winter,5,8,5.1,Refrigerated,0,slow,slow,1,1932,60,3525.9,1364.755814,4890.655814,48.7
"Seattle, WA","Atlanta, GA",46.3,25.3,3.27,5.87,Medium,9.6,Snow,Summer,7,8,3.3,Flatbed,1,normal,slow,1,2505,60,4584.15,1395.459966,5979.609966,46.3
"Los Angeles, CA","Seattle, WA",44.9,5.6,4.74,6.22,High,7.7,Clear,Winter,4,8,6.9,Tanker,1,fast,slow,1,1104,60,2034.67,841.3118971,2875.981897,44.9
"Chicago, IL","New York, NY",44.1,14,4.94,7.69,High,9.3,Clear,Winter,3,8,6.9,Flatbed,0,fast,slow,1,818,60,1537.02,525.4772432,2062.497243,44.1
"Chicago, IL","Atlanta, GA",48.8,28.9,4.85,5.83,Low,9.1,Snow,Fall,2,8,4.2,Tanker,0,normal,slow,1,677,60,1251.1,563.1989708,1814.298971,48.8
"Los Angeles, CA","Miami, FL",54.9,18.4,3.05,5.78,Low,8.7,Clear,Spring,7,8,9.7,Tanker,1,normal,slow,1,2686,60,4998.65,1417.352941,6416.002941,54.9
"Dallas, TX","Atlanta, GA",53.7,15.2,4.15,4.61,Medium,5.1,Snow,Spring,2,8,4.7,Flatbed,1,normal,slow,1,828,60,1507.79,745.3796095,2253.16961,53.7
"Miami, FL","Denver, CO",60.5,21.9,4.61,6.64,High,6.4,Rain,Spring,5,8,8,Tanker,0,normal,normal,2,1984,70,4315.2,1377.445783,5692.645783,60.5
"Los Angeles, CA","Denver, CO",53.6,7.4,4.83,4.36,Medium,7.9,Fog,Summer,3,8,4.1,Flatbed,1,normal,slow,1,954,60,1754.41,1056.83945,2811.24945,53.6
"Los Angeles, CA","Dallas, TX",42.3,19.8,4.54,7.31,High,5,Clear,Winter,5,8,6.8,Dry Van,1,fast,slow,1,1423,60,2609.78,883.7783858,3493.558386,42.3
"Denver, CO","Los Angeles, CA",50.2,7,3.98,5.26,Low,5.2,Fog,Winter,3,8,1.7,Refrigerated,0,normal,slow,1,954,60,1754.41,721.8479087,2476.257909,50.2
"Seattle, WA","Houston, TX",49.8,30,3.54,5.32,Medium,8,Storm,Summer,6,8,2.2,Dry Van,1,normal,slow,1,2173,60,3965.72,1445.943609,5411.663609,49.8
"Dallas, TX","Houston, TX",50.9,7.6,3.04,7.22,High,4.8,Rain,Fall,1,8,8,Tanker,0,fast,slow,1,259,60,470.34,109.0526316,579.3926316,50.9
"Seattle, WA","Phoenix, AZ",50.8,8.6,4.47,6.41,Medium,7.9,Fog,Spring,4,8,3.5,Dry Van,0,fast,slow,1,1282,60,2346.06,894,3240.06,50.8
"Dallas, TX","Seattle, WA",62.9,15.5,4.43,7.44,Medium,4.9,Rain,Summer,4,8,6.3,Refrigerated,0,normal,normal,2,1932,70,4153.8,1150.370968,5304.170968,62.9
"Seattle, WA","New York, NY",57.1,8.9,3.74,5.32,High,6.5,Snow,Spring,7,8,9,Flatbed,0,normal,slow,1,2762,60,5140.08,1941.706767,7081.786767,57.1
"Seattle, WA","Houston, TX",74.3,24,4.02,6.58,Medium,4.6,Fog,Winter,4,8,8.5,Flatbed,1,slow,fast,3,2173,80,5845.37,1327.577508,7172.947508,74.3
"Houston, TX","Seattle, WA",61.2,11.9,4.72,5.13,Low,8.1,Clear,Winter,5,8,0.3,Tanker,1,normal,normal,2,2173,70,4671.95,1999.329435,6671.279435,61.2
"New York, NY","Dallas, TX",50.1,25.2,4.6,5.83,Medium,7.6,Rain,Spring,4,8,4.2,Dry Van,1,normal,slow,1,1576,60,2918.75,1243.499142,4162.249142,50.1
"Houston, TX","Los Angeles, CA",59.4,17.4,3.61,7.71,Medium,7.5,Storm,Spring,4,8,7.7,Flatbed,1,fast,slow,1,1577,60,2892.22,738.387808,3630.607808,59.4
"Seattle, WA","Atlanta, GA",57.5,7.8,3.88,5.92,Medium,9.4,Clear,Spring,6,8,9.7,Tanker,1,normal,slow,1,2505,60,4584.15,1641.790541,6225.940541,57.5
"Chicago, IL","New York, NY",71.5,28.3,4.92,4.05,Medium,5,Rain,Fall,2,8,0.3,Refrigerated,1,slow,fast,3,818,80,2269.13,993.7185185,3262.848519,71.5
"Chicago, IL","Miami, FL",47.7,17.8,4.09,4.14,High,5,Fog,Fall,4,8,1.5,Dry Van,1,fast,slow,1,1370,60,2561.9,1353.454106,3915.354106,47.7
"Denver, CO","Phoenix, AZ",71.7,30,4.97,7.53,Medium,6.4,Fog,Spring,2,8,4.2,Refrigerated,0,fast,fast,3,673,80,1810.37,444.1978752,2254.567875,71.7
"Phoenix, AZ","New York, NY",50.8,20.2,4.05,4.1,High,8.7,Storm,Winter,7,8,2.9,Refrigerated,1,slow,slow,1,2461,60,4567.62,2430.987805,6998.607805,50.8
"Phoenix, AZ","Dallas, TX",53.2,6.6,4.83,5.66,Low,6.8,Storm,Summer,3,8,6.3,Flatbed,1,fast,slow,1,1017,60,1851.96,867.8639576,2719.823958,53.2
"Chicago, IL","New York, NY",62.7,23.7,4.81,7.45,High,8,Snow,Winter,2,8,8.1,Refrigerated,0,normal,normal,2,818,70,1807.78,528.1315436,2335.911544,62.7
"Miami, FL","Houston, TX",63.2,15.7,4.78,7.38,Medium,7.2,Snow,Fall,3,8,5,Flatbed,0,normal,normal,2,1112,70,2413.04,720.2384824,3133.278482,63.2
"Los Angeles, CA","Denver, CO",66.4,10.5,3.78,7.46,Medium,8.3,Snow,Spring,2,8,2.1,Refrigerated,1,slow,normal,2,954,70,2065.41,483.3941019,2548.804102,66.4
"Dallas, TX","Chicago, IL",49.9,9.4,4.49,5.01,Medium,6.7,Clear,Winter,3,8,9.8,Tanker,1,fast,slow,1,925,60,1704.77,828.992016,2533.762016,49.9
"New York, NY","Houston, TX",42.8,7.2,4.18,6.4,Medium,6.5,Snow,Fall,5,8,5.2,Tanker,0,fast,slow,1,1630,60,3018.76,1064.59375,4083.35375,42.8
"Los Angeles, CA","Seattle, WA",45.2,7.6,3.25,4.4,Medium,7.7,Fog,Fall,4,8,2.5,Refrigerated,1,fast,slow,1,1104,60,2034.67,815.4545455,2850.124545,45.2
"Chicago, IL","Denver, CO",73.5,26.4,3.46,5.31,Low,5.3,Fog,Summer,2,8,1.1,Flatbed,1,normal,fast,3,1056,80,2877.6,688.0903955,3565.690395,73.5
"Houston, TX","Chicago, IL",48.9,11.2,4.18,4.28,High,4.2,Clear,Summer,3,8,5.4,Flatbed,0,slow,slow,1,1083,60,1995.97,1057.696262,3053.666262,48.9
"Atlanta, GA","Seattle, WA",69.6,17.3,3.07,6.14,Low,8.2,Storm,Spring,5,8,2.8,Tanker,0,fast,normal,2,2505,70,5398.28,1252.5,6650.78,69.6
"Chicago, IL","Seattle, WA",52.3,25.3,3.64,4.65,Low,6.6,Snow,Spring,5,8,5,Refrigerated,1,slow,slow,1,1993,60,3691.04,1560.111828,5251.151828,52.3
"Chicago, IL","Seattle, WA",43.1,21.7,4.79,4.23,Medium,4.8,Fog,Winter,6,8,4,Tanker,0,fast,slow,1,1993,60,3691.04,2256.8487,5947.8887,43.1
"Miami, FL","Denver, CO",57.7,8.2,3.95,7.05,Medium,5.5,Clear,Summer,5,8,5.5,Tanker,1,slow,slow,1,1984,60,3666.43,1111.602837,4778.032837,57.7
"Chicago, IL","New York, NY",49.9,10.5,4.04,4.62,High,8,Rain,Summer,3,8,0.9,Refrigerated,0,slow,slow,1,818,60,1537.02,715.3073593,2252.327359,49.9
"Houston, TX","Chicago, IL",61.7,12.4,3.17,7.04,Medium,5.9,Fog,Spring,3,8,0.8,Flatbed,1,slow,normal,2,1083,70,2350.11,487.6576705,2837.76767,61.7
"Los Angeles, CA","Dallas, TX",44.5,6.8,4.76,5.21,Low,7.9,Snow,Fall,4,8,2.6,Flatbed,1,fast,slow,1,1423,60,2609.78,1300.092131,3909.872131,44.5
"Los Angeles, CA","Denver, CO",54.4,23,4.02,7.77,Medium,4.3,Fog,Winter,3,8,5.8,Flatbed,0,normal,slow,1,954,60,1754.41,493.5752896,2247.98529,54.4
"Atlanta, GA","New York, NY",41.7,19.3,4.71,4.97,High,9.3,Storm,Fall,3,8,1.9,Flatbed,1,normal,slow,1,858,60,1592.45,813.1146881,2405.564688,41.7
"Dallas, TX","Miami, FL",74.7,21.3,3.12,6.1,High,7,Fog,Winter,3,8,9.2,Tanker,0,normal,fast,3,1277,80,3470.89,653.1540984,4124.044098,74.7
"Denver, CO","Atlanta, GA",74.8,15.5,4.22,4.42,Medium,6.7,Storm,Winter,3,8,6.2,Refrigerated,0,slow,fast,3,1392,80,3744.48,1329.013575,5073.493575,74.8
"Houston, TX","Denver, CO",64.3,15.4,4.13,6.6,Low,6.1,Storm,Spring,2,8,1.3,Refrigerated,1,normal,normal,2,1010,70,2166.45,632.0151515,2798.465152,64.3
"Seattle, WA","Los Angeles, CA",40.2,28.1,3.23,4.38,High,6,Fog,Fall,4,8,4.4,Flatbed,0,slow,slow,1,1104,60,2034.67,814.1369863,2848.806986,40.2
"Phoenix, AZ","Houston, TX",51.2,25.3,4.38,6.9,Low,8.2,Clear,Winter,3,8,1.8,Tanker,1,fast,slow,1,1166,60,2123.29,740.1565217,2863.446522,51.2
"New York, NY","Houston, TX",46.1,26.2,3.6,6.39,Medium,7,Snow,Spring,5,8,9.4,Dry Van,0,fast,slow,1,1630,60,3018.76,918.3098592,3937.069859,46.1
"Los Angeles, CA","Seattle, WA",51.4,9,3.68,4.08,Low,6.2,Snow,Winter,3,8,5.5,Tanker,0,fast,slow,1,1104,60,2034.67,995.7647059,3030.434706,51.4
"Los Angeles, CA","Seattle, WA",65.6,24.4,4.74,4.86,Medium,4.5,Rain,Summer,3,8,9.7,Dry Van,1,normal,normal,2,1104,70,2395.68,1076.740741,3472.420741,65.6
"Phoenix, AZ","Houston, TX",65.7,7.8,4.72,7.36,High,7.9,Snow,Summer,3,8,7.2,Refrigerated,1,slow,normal,2,1166,70,2501.07,747.7608696,3248.83087,65.7
"New York, NY","Miami, FL",60.7,26.2,3.71,4.43,High,6.5,Rain,Winter,3,8,1.1,Tanker,0,slow,normal,2,1256,70,2775.76,1051.86456,3827.62456,60.7
"Dallas, TX","Los Angeles, CA",45.2,24.9,3.13,6.75,High,6.2,Fog,Fall,4,8,1.1,Flatbed,0,normal,slow,1,1423,60,2609.78,659.8503704,3269.63037,45.2
"Seattle, WA","Dallas, TX",68.4,11.7,3.43,7.3,Medium,9.9,Clear,Summer,4,8,2.7,Tanker,1,fast,normal,2,1932,70,4153.8,907.7753425,5061.575342,68.4
"Denver, CO","Los Angeles, CA",40.2,19.1,3.68,5.29,Low,7.9,Clear,Fall,3,8,6.1,Dry Van,0,fast,slow,1,954,60,1754.41,663.6521739,2418.062174,40.2
"Phoenix, AZ","Dallas, TX",49.3,18,3.9,4.05,High,7.3,Clear,Summer,3,8,5.3,Dry Van,0,slow,slow,1,1017,60,1851.96,979.3333333,2831.293333,49.3
"Chicago, IL","Houston, TX",54.9,18.7,4.36,6.43,Low,6.4,Rain,Fall,3,8,5.5,Dry Van,0,fast,slow,1,1083,60,1995.97,734.3514774,2730.321477,54.9
"Houston, TX","Phoenix, AZ",65.2,21.1,3.67,7.02,High,7.9,Storm,Spring,3,8,6.9,Flatbed,0,fast,normal,2,1166,70,2501.07,609.5754986,3110.645499,65.2
"Denver, CO","Chicago, IL",56.1,21.1,4.36,6.23,High,7.7,Storm,Fall,3,8,7.9,Refrigerated,0,normal,slow,1,1056,60,1951.49,739.0304976,2690.520498,56.1
"New York, NY","Los Angeles, CA",59.7,6.2,3.08,5,High,8.1,Rain,Winter,6,8,3.4,Refrigerated,1,slow,slow,1,2812,60,5258.44,1732.192,6990.632,59.7
"New York, NY","Atlanta, GA",60.2,17.5,4.16,5.15,High,6.2,Snow,Spring,2,8,0.5,Flatbed,1,fast,normal,2,858,70,1874.73,693.0640777,2567.794078,60.2
"Seattle, WA","Phoenix, AZ",42.6,7.6,4.63,4.16,Medium,8,Clear,Summer,4,8,8.7,Tanker,1,slow,slow,1,1282,60,2346.06,1426.841346,3772.901346,42.6
"Houston, TX","Chicago, IL",50.7,17.9,3.76,6.26,High,4.7,Fog,Fall,3,8,4.3,Dry Van,0,fast,slow,1,1083,60,1995.97,650.4920128,2646.462013,50.7
"Atlanta, GA","Dallas, TX",64.9,14.1,4.67,5.82,Medium,8.3,Storm,Fall,2,8,7,Dry Van,0,normal,normal,2,828,70,1776.06,664.3917526,2440.451753,64.9
"Denver, CO","Atlanta, GA",74.5,8.5,3.86,5.7,Low,6.5,Storm,Winter,3,8,4.9,Refrigerated,1,normal,fast,3,1392,80,3744.48,942.6526316,4687.132632,74.5
"Chicago, IL","Atlanta, GA",55.1,29.8,4.86,5.23,Low,4.7,Snow,Summer,2,8,10,Flatbed,0,slow,slow,1,677,60,1251.1,629.1051625,1880.205163,55.1
"Dallas, TX","Phoenix, AZ",52.5,28.5,4.42,5.18,Low,7.5,Storm,Summer,3,8,7.7,Dry Van,0,normal,slow,1,1017,60,1851.96,867.7876448,2719.747645,52.5
"Chicago, IL","Phoenix, AZ",57.7,16.6,3.51,6.02,Medium,4.2,Clear,Summer,4,8,8.9,Refrigerated,0,slow,slow,1,1670,60,3086.16,973.7043189,4059.864319,57.7
"New York, NY","Phoenix, AZ",54.8,17.9,3.74,6.96,High,8.7,Fog,Winter,6,8,7.2,Flatbed,0,slow,slow,1,2461,60,4567.62,1322.433908,5890.053908,54.8
"Dallas, TX","Denver, CO",51.8,16.7,3.66,7.02,High,6,Clear,Spring,2,8,4,Flatbed,1,normal,slow,1,762,60,1387.6,397.2820513,1784.882051,51.8
"Dallas, TX","Houston, TX",47.9,20.3,3.87,4.28,High,6.9,Fog,Winter,1,8,5.1,Flatbed,0,fast,slow,1,259,60,470.34,234.1892523,704.5292523,47.9
"Seattle, WA","Dallas, TX",50.1,7.2,4.87,5.51,Medium,7.5,Fog,Winter,5,8,7.2,Tanker,0,normal,slow,1,1932,60,3525.9,1707.593466,5233.493466,50.1
"New York, NY","Dallas, TX",50.2,8.6,4.62,4.89,Medium,8.3,Fog,Fall,4,8,5.3,Flatbed,1,normal,slow,1,1576,60,2918.75,1488.981595,4407.731595,50.2
"Dallas, TX","Phoenix, AZ",56.1,13.1,3.95,6.41,Medium,9.9,Storm,Spring,3,8,8.6,Flatbed,0,fast,slow,1,1017,60,1851.96,626.700468,2478.660468,56.1
"Dallas, TX","Chicago, IL",56.4,21.4,4.79,5.57,Low,9.8,Storm,Spring,3,8,9.5,Dry Van,1,fast,slow,1,925,60,1704.77,795.4667864,2500.236786,56.4
"Denver, CO","Phoenix, AZ",66.1,18,3.54,7.11,High,7.3,Fog,Spring,2,8,7.9,Refrigerated,0,fast,normal,2,673,70,1446.95,335.0801688,1782.030169,66.1
"Dallas, TX","New York, NY",72.9,18.3,4.19,4.13,Medium,5,Storm,Fall,3,8,4.2,Dry Van,1,slow,fast,3,1576,80,4305.63,1598.895884,5904.525884,72.9
"New York, NY","Seattle, WA",42.2,25.9,4.57,4.74,Low,7.8,Fog,Summer,9,8,6.4,Dry Van,1,slow,slow,1,2762,60,5140.08,2662.940928,7803.020928,42.2
"Miami, FL","Dallas, TX",63,10.3,3.64,4.96,High,7.3,Rain,Winter,3,8,9.3,Refrigerated,0,fast,normal,2,1277,70,2771.09,937.1532258,3708.243226,63
"Denver, CO","Miami, FL",47.7,17.4,3.55,6.14,Low,6.1,Rain,Winter,6,8,2.7,Dry Van,0,slow,slow,1,1984,60,3666.43,1147.100977,4813.530977,47.7
"Phoenix, AZ","New York, NY",41.1,6.9,3.55,4.8,High,5.4,Snow,Summer,8,8,5.6,Dry Van,1,fast,slow,1,2461,60,4567.62,1820.114583,6387.734583,41.1
"Miami, FL","Los Angeles, CA",55,15.2,3.23,6.7,Medium,8.2,Clear,Fall,7,8,2.3,Refrigerated,0,slow,slow,1,2686,60,4998.65,1294.892537,6293.542537,55
"Atlanta, GA","New York, NY",74.4,25.8,3.94,6.22,High,9.1,Rain,Spring,2,8,2.1,Tanker,1,normal,fast,3,858,80,2350.06,543.4919614,2893.551961,74.4
"Denver, CO","Atlanta, GA",58.8,8.8,4.01,5.65,Low,9.3,Clear,Summer,3,8,8.8,Flatbed,0,normal,slow,1,1392,60,2540.4,987.9504425,3528.350442,58.8
"Miami, FL","Dallas, TX",54.2,9,4.4,7.71,Low,6.3,Rain,Summer,3,8,5.5,Tanker,0,fast,slow,1,1277,60,2353.51,728.767834,3082.277834,54.2
"New York, NY","Miami, FL",40.1,20.8,4.19,5.27,Low,6.7,Rain,Spring,4,8,7.9,Dry Van,0,slow,slow,1,1256,60,2360.02,998.6034156,3358.623416,40.1
"Atlanta, GA","Houston, TX",58.6,14.8,3.58,7.29,Low,6.7,Snow,Spring,2,8,3.8,Refrigerated,0,fast,slow,1,806,60,1467.73,395.8134431,1863.543443,58.6
"Dallas, TX","Los Angeles, CA",56.7,8.1,4.86,5.82,Low,8.4,Clear,Spring,4,8,6.3,Tanker,0,normal,slow,1,1423,60,2609.78,1188.278351,3798.058351,56.7
"Miami, FL","Atlanta, GA",44.4,15.4,3.03,7.36,Medium,7.1,Rain,Summer,2,8,9.1,Dry Van,0,normal,slow,1,697,60,1288.06,286.9442935,1575.004293,44.4
"Seattle, WA","Denver, CO",55.8,10,3.62,4.17,Low,7.8,Clear,Spring,3,8,2.4,Refrigerated,0,fast,slow,1,1172,60,2144.76,1017.419664,3162.179664,55.8
"Atlanta, GA","Seattle, WA",67.1,8.2,3.91,6.03,High,8.1,Snow,Summer,5,8,7.7,Tanker,0,normal,normal,2,2505,70,5398.28,1624.303483,7022.583483,67.1
"Dallas, TX","Atlanta, GA",59.8,28.9,3.64,4.88,Medium,8.1,Rain,Summer,2,8,2.2,Refrigerated,0,fast,slow,1,828,60,1507.79,617.6065574,2125.396557,59.8
"Houston, TX","Los Angeles, CA",68.4,29.4,4.29,5.11,High,10,Fog,Spring,3,8,8.3,Flatbed,1,fast,normal,2,1577,70,3406.32,1323.939335,4730.259335,68.4
"New York, NY","Chicago, IL",72.7,26,4.29,6.44,High,6.8,Fog,Summer,2,8,5.1,Tanker,1,slow,fast,3,818,80,2269.13,544.9099379,2814.039938,72.7
"Los Angeles, CA","Miami, FL",58.8,19.1,4.9,7.61,Medium,9.3,Storm,Fall,6,8,9.4,Tanker,1,fast,slow,1,2686,60,4998.65,1729.487516,6728.137516,58.8
"Houston, TX","Denver, CO",49.3,17.4,4.69,6.02,High,8.5,Clear,Spring,3,8,8.8,Refrigerated,0,fast,slow,1,1010,60,1839.21,786.8604651,2626.070465,49.3
"Phoenix, AZ","Atlanta, GA",49.4,13.7,4.43,6.22,Low,9.4,Snow,Fall,5,8,4.9,Tanker,0,normal,slow,1,1827,60,3334.28,1301.223473,4635.503473,49.4
"Miami, FL","Houston, TX",73.2,13.9,3.5,6.46,Low,7,Rain,Winter,2,8,4.6,Dry Van,1,fast,fast,3,1112,80,3022.42,602.4767802,3624.89678,73.2
"Seattle, WA","Miami, FL",74.2,26.1,3.36,7.62,High,6,Clear,Fall,6,8,5.3,Dry Van,1,slow,fast,3,3141,80,8581.21,1385.007874,9966.217874,74.2
"Phoenix, AZ","New York, NY",52.9,23.1,3.35,6.36,Medium,8.2,Snow,Fall,6,8,5.4,Dry Van,1,normal,slow,1,2461,60,4567.62,1296.281447,5863.901447,52.9
"Denver, CO","Dallas, TX",66.7,6.5,5,7.01,Medium,9.2,Rain,Summer,2,8,8.6,Flatbed,1,slow,normal,2,762,70,1634.49,543.5092725,2177.999272,66.7
"Chicago, IL","Houston, TX",52.2,26.9,3.4,4.31,High,8.7,Storm,Winter,3,8,7.4,Dry Van,0,fast,slow,1,1083,60,1995.97,854.3387471,2850.308747,52.2
"Chicago, IL","New York, NY",44,18.7,4.42,4.2,Medium,4.4,Clear,Spring,3,8,8.1,Dry Van,0,slow,slow,1,818,60,1537.02,860.847619,2397.867619,44
"Miami, FL","Houston, TX",61.5,16.1,4.27,7.45,High,4.5,Snow,Spring,3,8,2.5,Refrigerated,1,normal,normal,2,1112,70,2413.04,637.347651,3050.387651,61.5
"Dallas, TX","Houston, TX",54.3,26.9,3.6,4.05,Medium,5.8,Fog,Fall,1,8,3.8,Flatbed,1,normal,slow,1,259,60,470.34,230.2222222,700.5622222,54.3
"Seattle, WA","Los Angeles, CA",70.7,27.8,3.53,5.85,Low,7.3,Rain,Spring,2,8,10,Tanker,0,normal,fast,3,1104,80,3000.67,666.174359,3666.844359,70.7
"Seattle, WA","New York, NY",65.4,14.5,3.02,4.04,High,6.8,Fog,Summer,6,8,0.2,Flatbed,1,normal,normal,2,2762,70,6048.78,2064.663366,8113.443366,65.4
"Atlanta, GA","Denver, CO",50.3,19,3.6,4.67,Medium,6.4,Rain,Fall,4,8,0.5,Tanker,0,fast,slow,1,1392,60,2540.4,1073.062099,3613.462099,50.3
"Miami, FL","Los Angeles, CA",43,22.5,3.11,4.24,Low,5.8,Snow,Winter,8,8,2.6,Tanker,1,fast,slow,1,2686,60,4998.65,1970.15566,6968.80566,43
"Miami, FL","Atlanta, GA",58.1,28.1,4.1,6.33,Medium,6.4,Fog,Summer,2,8,10,Dry Van,0,normal,slow,1,697,60,1288.06,451.4533965,1739.513397,58.1
"New York, NY","Dallas, TX",59.6,6.5,3.55,7.7,Low,6.1,Snow,Fall,4,8,10,Tanker,0,slow,slow,1,1576,60,2918.75,726.5974026,3645.347403,59.6
"Denver, CO","Chicago, IL",60.2,22.4,3.33,4.59,Medium,6.7,Rain,Fall,3,8,7.1,Flatbed,1,fast,normal,2,1056,70,2296.8,766.1176471,3062.917647,60.2
"New York, NY","Phoenix, AZ",74,5.4,4.2,6.25,Medium,4.8,Clear,Spring,5,8,4.5,Flatbed,0,fast,fast,3,2461,80,6740.68,1653.792,8394.472,74
"Dallas, TX","Phoenix, AZ",45.1,9.7,4.72,5.03,Low,6.3,Rain,Winter,3,8,6.6,Tanker,1,slow,slow,1,1017,60,1851.96,954.3220676,2806.282068,45.1
"Atlanta, GA","New York, NY",63.9,5.5,4.47,5.95,High,8.9,Storm,Winter,2,8,9.3,Tanker,0,normal,normal,2,858,70,1874.73,644.5815126,2519.311513,63.9
"Miami, FL","Seattle, WA",57.9,14,3.93,6.76,Low,9.3,Snow,Fall,7,8,9.2,Tanker,0,slow,slow,1,3141,60,5817.13,1826.054734,7643.184734,57.9
"Chicago, IL","Los Angeles, CA",74.3,27,3.56,4.42,Medium,4.7,Fog,Winter,4,8,6.1,Tanker,0,fast,fast,3,2004,80,5502.98,1614.081448,7117.061448,74.3
"Los Angeles, CA","Atlanta, GA",71.5,20.6,3.01,4.75,Medium,4.6,Fog,Spring,4,8,5,Dry Van,0,normal,fast,3,2223,80,6026.55,1408.68,7435.23,71.5
"Seattle, WA","Phoenix, AZ",52.2,9.5,4.29,5.86,Low,7,Clear,Spring,4,8,9.6,Tanker,0,normal,slow,1,1282,60,2346.06,938.5290102,3284.58901,52.2
"Denver, CO","Atlanta, GA",58.1,23.4,4.11,7.72,Medium,6.3,Storm,Fall,3,8,0.9,Tanker,1,fast,slow,1,1392,60,2540.4,741.0777202,3281.47772,58.1
"New York, NY","Dallas, TX",50.1,9,4.09,6.13,Low,4.5,Snow,Fall,4,8,2.2,Dry Van,1,fast,slow,1,1576,60,2918.75,1051.523654,3970.273654,50.1
"Denver, CO","Los Angeles, CA",62.5,11.9,3.43,5.02,Low,6.9,Rain,Fall,2,8,6.7,Tanker,1,normal,normal,2,954,70,2065.41,651.8366534,2717.246653,62.5
"Los Angeles, CA","Chicago, IL",56.1,27.3,3.19,7.96,High,9.7,Clear,Spring,5,8,9.3,Refrigerated,1,normal,slow,1,2004,60,3729.44,803.1105528,4532.550553,56.1
"Seattle, WA","Houston, TX",69.6,15.5,3.88,6.54,Low,8.6,Rain,Fall,4,8,5.9,Tanker,0,fast,normal,2,2173,70,4671.95,1289.180428,5961.130428,69.6
"Miami, FL","Chicago, IL",52.1,13.7,3.94,5.34,High,4.6,Snow,Fall,4,8,0.3,Tanker,0,slow,slow,1,1370,60,2561.9,1010.82397,3572.72397,52.1
"Houston, TX","Atlanta, GA",73.4,7.9,4.89,6.93,Low,7.8,Fog,Winter,2,8,8.3,Flatbed,1,fast,fast,3,806,80,2162.5,568.7359307,2731.235931,73.4
"Denver, CO","Miami, FL",57.7,22.4,4.17,7.33,Medium,4.4,Rain,Fall,5,8,3.8,Flatbed,0,fast,slow,1,1984,60,3666.43,1128.687585,4795.117585,57.7
"Houston, TX","Chicago, IL",61.7,27.3,3.99,7.3,Low,6.4,Snow,Fall,3,8,2.1,Tanker,1,fast,normal,2,1083,70,2350.11,591.9410959,2942.051096,61.7
"Chicago, IL","New York, NY",52.3,22.8,3.32,5.01,High,4.9,Rain,Fall,2,8,5.5,Refrigerated,1,fast,slow,1,818,60,1537.02,542.0678643,2079.087864,52.3
"Houston, TX","Los Angeles, CA",44.7,28.6,4.61,4.72,Low,6.4,Storm,Winter,5,8,7.9,Refrigerated,1,slow,slow,1,1577,60,2892.22,1540.247881,4432.467881,44.7
"Chicago, IL","Seattle, WA",44.5,23.5,3.79,5.05,Medium,6.3,Rain,Winter,6,8,0.6,Flatbed,1,fast,slow,1,1993,60,3691.04,1495.736634,5186.776634,44.5
"Los Angeles, CA","Phoenix, AZ",71.8,18,4.58,4.91,Low,6.9,Rain,Winter,1,8,8.3,Refrigerated,1,normal,fast,3,410,80,1111.51,382.4439919,1493.953992,71.8
"Dallas, TX","Seattle, WA",48.5,8.8,4.72,5.87,High,6.4,Clear,Fall,5,8,9.7,Dry Van,1,fast,slow,1,1932,60,3525.9,1553.499148,5079.399148,48.5
"Dallas, TX","New York, NY",64.7,12.3,3.33,7.69,Medium,6.5,Rain,Spring,4,8,9.2,Dry Van,0,slow,normal,2,1576,70,3435.68,682.4551365,4118.135137,64.7
"Atlanta, GA","Chicago, IL",59.7,25.1,3.85,4.93,Medium,10,Clear,Winter,2,8,8.4,Dry Van,0,slow,slow,1,677,60,1251.1,528.6916836,1779.791684,59.7
"Chicago, IL","Atlanta, GA",50.3,27.8,3.55,7.2,High,9.5,Rain,Spring,2,8,0.2,Flatbed,1,slow,slow,1,677,60,1251.1,333.7986111,1584.898611,50.3
"Seattle, WA","Chicago, IL",57.5,13,3.26,5.51,Medium,8,Storm,Spring,5,8,5.3,Refrigerated,1,normal,slow,1,1993,60,3691.04,1179.161525,4870.201525,57.5
"Denver, CO","Chicago, IL",47,12.2,3.32,5,Low,5.3,Clear,Summer,3,8,5.6,Dry Van,0,slow,slow,1,1056,60,1951.49,701.184,2652.674,47
"Dallas, TX","Denver, CO",46.8,21,4.63,6.24,Medium,5.5,Clear,Fall,3,8,6,Refrigerated,1,fast,slow,1,762,60,1387.6,565.3942308,1952.994231,46.8
"Atlanta, GA","Chicago, IL",42,15.3,4.16,5.57,Medium,7.5,Storm,Summer,3,8,6.9,Flatbed,0,fast,slow,1,677,60,1251.1,505.6229803,1756.72298,42
"Atlanta, GA","Denver, CO",54.8,15.6,3.28,6.05,High,7.5,Fog,Winter,4,8,3.3,Refrigerated,1,normal,slow,1,1392,60,2540.4,754.6710744,3295.071074,54.8
"Chicago, IL","Miami, FL",42.6,27.9,3.04,7.85,High,6.8,Fog,Spring,5,8,8.4,Dry Van,0,fast,slow,1,1370,60,2561.9,530.5477707,3092.447771,42.6
"Miami, FL","Phoenix, AZ",55.4,14.8,4.69,5.71,Medium,7.3,Clear,Fall,6,8,7.4,Tanker,0,slow,slow,1,2276,60,4206.05,1869.429072,6075.479072,55.4
"Seattle, WA","Dallas, TX",68.3,24.5,3.43,6.86,Low,8.8,Storm,Winter,4,8,0,Dry Van,0,slow,normal,2,1932,70,4153.8,966,5119.8,68.3
"Denver, CO","Atlanta, GA",52.3,18.9,3.38,7.44,Low,5.5,Clear,Spring,4,8,4.8,Dry Van,1,fast,slow,1,1392,60,2540.4,632.3870968,3172.787097,52.3
"Houston, TX","Atlanta, GA",47.5,11.8,3.34,6.87,Medium,8.6,Rain,Winter,3,8,7.4,Refrigerated,1,slow,slow,1,806,60,1467.73,391.8544396,1859.58444,47.5
"Miami, FL","Los Angeles, CA",73.8,25.5,3.41,4.74,Medium,4.8,Clear,Fall,5,8,4.7,Dry Van,0,normal,fast,3,2686,80,7375.76,1932.333333,9308.093333,73.8
"Atlanta, GA","Miami, FL",66.1,20.1,4.37,4.07,Low,5.9,Rain,Winter,2,8,0.3,Refrigerated,0,normal,normal,2,697,70,1515.97,748.3759214,2264.345921,66.1
"New York, NY","Denver, CO",63.9,11.6,4.38,7.17,Medium,5.8,Rain,Fall,4,8,8.4,Flatbed,0,fast,normal,2,1872,70,4090.32,1143.564854,5233.884854,63.9
"Phoenix, AZ","Chicago, IL",52,24.5,4.15,7.94,Low,5.5,Rain,Spring,5,8,2,Refrigerated,0,slow,slow,1,1670,60,3086.16,872.8589421,3959.018942,52
"Los Angeles, CA","Seattle, WA",72.4,8.7,4.94,7.79,Low,9.3,Storm,Winter,2,8,0.4,Tanker,1,slow,fast,3,1104,80,3000.67,700.097561,3700.767561,72.4
"Houston, TX","Los Angeles, CA",49.3,16.9,4.65,5.09,Low,5.1,Rain,Fall,4,8,5.3,Refrigerated,0,fast,slow,1,1577,60,2892.22,1440.6778,4332.8978,49.3
"Houston, TX","New York, NY",49,5.9,3.82,4.43,Medium,9.4,Rain,Summer,5,8,4.3,Tanker,0,fast,slow,1,1630,60,3018.76,1405.553047,4424.313047,49
"Miami, FL","Denver, CO",43.3,21.5,4.29,4.13,Low,4,Fog,Fall,6,8,7.6,Tanker,1,normal,slow,1,1984,60,3666.43,2060.861985,5727.291985,43.3
"Los Angeles, CA","Phoenix, AZ",41.3,17.2,4.42,7.48,Medium,9.6,Fog,Winter,2,8,1.4,Dry Van,0,slow,slow,1,410,60,753.99,242.2727273,996.2627273,41.3
"Seattle, WA","Los Angeles, CA",67.2,29.3,3.93,5.22,Medium,6.6,Fog,Summer,3,8,2.6,Tanker,1,normal,normal,2,1104,70,2395.68,831.1724138,3226.852414,67.2
"Denver, CO","Seattle, WA",40.6,11.5,4.32,4.13,Medium,4.5,Clear,Summer,4,8,7.6,Refrigerated,1,fast,slow,1,1172,60,2144.76,1225.917676,3370.677676,40.6
"Atlanta, GA","Los Angeles, CA",57.6,11.9,4.3,6.89,Low,9.2,Clear,Summer,5,8,9.9,Tanker,1,slow,slow,1,2223,60,4088.1,1387.358491,5475.458491,57.6
"Denver, CO","New York, NY",70.9,19.4,3.8,5.46,Medium,4.1,Fog,Fall,4,8,1.6,Dry Van,0,fast,fast,3,1872,80,5127.41,1302.857143,6430.267143,70.9
"Denver, CO","Dallas, TX",44.2,5.4,4.78,4.98,Medium,8.4,Storm,Spring,3,8,9.9,Refrigerated,1,slow,slow,1,762,60,1387.6,731.3975904,2118.99759,44.2
"Houston, TX","Miami, FL",64.9,7.9,3.81,7.39,High,6.2,Fog,Summer,3,8,5,Flatbed,1,fast,normal,2,1112,70,2413.04,573.3044655,2986.344465,64.9
"Denver, CO","Atlanta, GA",74.1,6.4,4.15,7.45,Medium,6.9,Clear,Summer,3,8,3.4,Flatbed,0,slow,fast,3,1392,80,3744.48,775.409396,4519.889396,74.1
"Houston, TX","Phoenix, AZ",54,14.2,4.12,6.66,Low,9.9,Snow,Spring,3,8,6.4,Refrigerated,0,fast,slow,1,1166,60,2123.29,721.3093093,2844.599309,54
"Chicago, IL","New York, NY",41.2,12.2,4.54,4.82,High,8.3,Fog,Fall,3,8,1.7,Flatbed,0,fast,slow,1,818,60,1537.02,770.4813278,2307.501328,41.2
"Denver, CO","Los Angeles, CA",57.4,15.5,4.56,6.94,Medium,7.4,Snow,Fall,3,8,5.6,Dry Van,1,normal,slow,1,954,60,1754.41,626.8357349,2381.245735,57.4
"Chicago, IL","New York, NY",47.6,22.9,3.74,5.12,High,5.1,Snow,Spring,3,8,7.2,Dry Van,0,fast,slow,1,818,60,1537.02,597.5234375,2134.543438,47.6
"Denver, CO","Houston, TX",68.4,23,4.46,4.4,Low,8.3,Fog,Winter,2,8,8.3,Flatbed,0,slow,normal,2,1010,70,2166.45,1023.772727,3190.222727,68.4
"Denver, CO","Seattle, WA",40.8,14.3,3.3,6.23,High,9.5,Snow,Fall,4,8,8.4,Refrigerated,0,normal,slow,1,1172,60,2144.76,620.8025682,2765.562568,40.8
"Miami, FL","Los Angeles, CA",45.9,5.8,3.66,7.63,Low,4.6,Rain,Fall,8,8,4.5,Refrigerated,0,fast,slow,1,2686,60,4998.65,1288.435125,6287.085125,45.9
"Phoenix, AZ","Atlanta, GA",44.3,10.3,3.06,5.74,Low,5.7,Clear,Spring,6,8,6,Refrigerated,1,slow,slow,1,1827,60,3334.28,973.9756098,4308.25561,44.3
"Denver, CO","Phoenix, AZ",58.6,7.3,3.89,8,High,9,Clear,Spring,2,8,5.7,Flatbed,1,fast,slow,1,673,60,1228.23,327.24625,1555.47625,58.6
"Chicago, IL","Denver, CO",71.4,28.8,3.77,7.15,Medium,7.7,Clear,Summer,2,8,7.5,Flatbed,0,slow,fast,3,1056,80,2877.6,556.8,3434.4,71.4
"Phoenix, AZ","New York, NY",41.9,5.3,4.32,5.16,Low,5.5,Clear,Winter,8,8,2.7,Dry Van,0,fast,slow,1,2461,60,4567.62,2060.372093,6627.992093,41.9
"New York, NY","Dallas, TX",55.4,17.8,4.35,5.55,Low,5.5,Storm,Winter,4,8,3.2,Tanker,1,slow,slow,1,1576,60,2918.75,1235.243243,4153.993243,55.4
"Phoenix, AZ","New York, NY",68.1,24.8,4.96,7.15,High,8.6,Fog,Summer,5,8,4.9,Dry Van,1,normal,normal,2,2461,70,5377.29,1707.211189,7084.501189,68.1
"Miami, FL","Atlanta, GA",65,7.7,4.5,4.54,High,4.4,Fog,Fall,2,8,0.6,Flatbed,1,normal,normal,2,697,70,1515.97,690.8590308,2206.829031,65
"Miami, FL","Chicago, IL",46.5,17.1,4.66,7.8,Medium,7.8,Fog,Spring,4,8,6,Flatbed,0,slow,slow,1,1370,60,2561.9,818.4871795,3380.387179,46.5
"Seattle, WA","Houston, TX",71.8,26.8,4.12,5.3,Low,5.8,Snow,Fall,4,8,5.8,Tanker,1,fast,fast,3,2173,80,5845.37,1689.2,7534.57,71.8
"Atlanta, GA","Dallas, TX",57,27.7,4.67,4.59,Medium,8.2,Clear,Summer,2,8,2.5,Flatbed,1,fast,slow,1,828,60,1507.79,842.4313725,2350.221373,57
"Phoenix, AZ","Atlanta, GA",66,9.5,4.83,7,Medium,9.6,Fog,Winter,4,8,6.4,Dry Van,1,fast,normal,2,1827,70,3928.05,1260.63,5188.68,66
"Phoenix, AZ","Chicago, IL",66.6,27.2,4.46,7.71,Medium,6,Snow,Spring,4,8,5.6,Refrigerated,0,fast,normal,2,1670,70,3632.25,966.0440986,4598.294099,66.6
"Los Angeles, CA","Phoenix, AZ",73.8,20.1,4.5,7.75,Medium,7.5,Storm,Fall,1,8,0.3,Refrigerated,1,slow,fast,3,410,80,1111.51,238.0645161,1349.574516,73.8
"Chicago, IL","Phoenix, AZ",49.8,19.5,3.4,5.08,High,7,Rain,Spring,5,8,9.4,Refrigerated,0,fast,slow,1,1670,60,3086.16,1117.716535,4203.876535,49.8
"Chicago, IL","New York, NY",47.3,12.8,4.54,7.47,High,7.1,Clear,Spring,3,8,0.1,Dry Van,1,normal,slow,1,818,60,1537.02,497.1512718,2034.171272,47.3
"Houston, TX","Atlanta, GA",61.8,16.7,3.23,5.47,Medium,4.2,Fog,Winter,2,8,8.9,Refrigerated,1,fast,normal,2,806,70,1728.87,475.9378428,2204.807843,61.8
"Chicago, IL","Miami, FL",64.5,16.6,4.02,4.55,High,6,Storm,Winter,3,8,9.1,Dry Van,1,slow,normal,2,1370,70,3014,1210.417582,4224.417582,64.5
"Denver, CO","Seattle, WA",65.5,8,4.22,6.81,Low,6.7,Rain,Summer,3,8,7.5,Flatbed,1,normal,normal,2,1172,70,2525.66,726.2613803,3251.92138,65.5
"Chicago, IL","New York, NY",71.3,28.4,4.61,6.54,Medium,5.8,Storm,Spring,2,8,2.7,Flatbed,1,slow,fast,3,818,80,2269.13,576.6024465,2845.732446,71.3
"Los Angeles, CA","Miami, FL",55.5,6.4,4.96,6.35,High,7.3,Clear,Summer,7,8,7.7,Flatbed,0,normal,slow,1,2686,60,4998.65,2098.040945,7096.690945,55.5
"Denver, CO","New York, NY",40.6,20.5,3.13,4.43,Medium,7.9,Rain,Spring,6,8,3.5,Flatbed,1,normal,slow,1,1872,60,3474.43,1322.654628,4797.084628,40.6
"Dallas, TX","Seattle, WA",74.3,29.1,3.83,5.06,Medium,5.8,Rain,Summer,4,8,5.3,Refrigerated,1,normal,fast,3,1932,80,5197.08,1462.363636,6659.443636,74.3
"Phoenix, AZ","Los Angeles, CA",57.1,15.2,3.42,5.93,Medium,6,Rain,Winter,1,8,6.8,Dry Van,1,fast,slow,1,410,60,753.99,236.4586847,990.4486847,57.1
"Seattle, WA","Chicago, IL",56.2,18.9,3.57,4.1,High,7.8,Storm,Fall,5,8,6.7,Refrigerated,1,normal,slow,1,1993,60,3691.04,1735.368293,5426.408293,56.2
"Houston, TX","Denver, CO",72.1,29,3.02,7.96,Medium,8.1,Rain,Spring,2,8,0.2,Refrigerated,0,slow,fast,3,1010,80,2709.83,383.1909548,3093.020955,72.1
"Los Angeles, CA","Phoenix, AZ",45.1,25.9,3.03,6.58,Medium,6.6,Snow,Spring,2,8,1.1,Flatbed,1,fast,slow,1,410,60,753.99,188.7993921,942.7893921,45.1
"Miami, FL","Denver, CO",44.3,17.2,4.25,7.31,Medium,8.1,Snow,Fall,6,8,0.3,Tanker,0,fast,slow,1,1984,60,3666.43,1153.488372,4819.918372,44.3
"Seattle, WA","Houston, TX",72.4,14.9,4.25,7.12,High,8.7,Rain,Fall,4,8,8.5,Flatbed,0,normal,fast,3,2173,80,5845.37,1297.085674,7142.455674,72.4
"Miami, FL","Dallas, TX",46.2,16.9,3.99,5.96,Medium,7.2,Fog,Spring,4,8,4.3,Refrigerated,1,fast,slow,1,1277,60,2353.51,854.9043624,3208.414362,46.2
"Phoenix, AZ","Houston, TX",55.9,25.3,4.66,5.65,Low,7.1,Rain,Spring,3,8,6.7,Flatbed,1,slow,slow,1,1166,60,2123.29,961.6920354,3084.982035,55.9
"New York, NY","Chicago, IL",55.6,26.8,3.92,4.08,Low,5.4,Fog,Fall,2,8,1.8,Refrigerated,0,fast,slow,1,818,60,1537.02,785.9215686,2322.941569,55.6
"Chicago, IL","Miami, FL",66.7,15.7,4.25,6.91,Low,8.1,Clear,Winter,3,8,3.9,Dry Van,1,normal,normal,2,1370,70,3014,842.6193922,3856.619392,66.7
"Los Angeles, CA","Denver, CO",62.4,17.4,4.7,7.5,Low,5,Clear,Spring,2,8,6.3,Tanker,1,slow,normal,2,954,70,2065.41,597.84,2663.25,62.4
"Houston, TX","Los Angeles, CA",40.6,27.2,3.45,7.72,High,8.3,Fog,Winter,5,8,2,Tanker,1,fast,slow,1,1577,60,2892.22,704.7474093,3596.967409,40.6
"Houston, TX","Phoenix, AZ",58.2,9.3,3.61,5.29,Low,5,Clear,Winter,3,8,7.9,Flatbed,0,normal,slow,1,1166,60,2123.29,795.7013233,2918.991323,58.2
"Phoenix, AZ","Seattle, WA",41,20.7,4.95,5.32,Low,4.7,Storm,Fall,4,8,9.1,Dry Van,0,slow,slow,1,1282,60,2346.06,1192.838346,3538.898346,41
"New York, NY","Los Angeles, CA",61.8,12.9,4.08,4.36,Medium,8.1,Fog,Summer,6,8,9.7,Refrigerated,0,normal,normal,2,2812,70,6186.4,2631.412844,8817.812844,61.8
"Miami, FL","Chicago, IL",40.6,18.6,4.41,7.16,High,5.2,Rain,Fall,5,8,3.8,Flatbed,1,fast,slow,1,1370,60,2561.9,843.8128492,3405.712849,40.6
"Seattle, WA","New York, NY",62.7,16.3,4.94,4.34,Medium,6.1,Clear,Winter,6,8,0.2,Refrigerated,0,fast,normal,2,2762,70,6048.78,3143.843318,9192.623318,62.7
"Los Angeles, CA","New York, NY",49.6,17.7,3.67,6.9,High,7.1,Fog,Summer,8,8,7.5,Flatbed,0,slow,slow,1,2812,60,5258.44,1495.657971,6754.097971,49.6
"Los Angeles, CA","Atlanta, GA",69.4,28.3,3.64,7.7,Low,8.8,Clear,Summer,5,8,6.7,Flatbed,0,fast,normal,2,2223,70,4812.8,1050.872727,5863.672727,69.4
"Chicago, IL","Seattle, WA",71.3,9.6,3.43,5.08,Medium,5.8,Storm,Spring,4,8,9.4,Tanker,0,normal,fast,3,1993,80,5444.88,1345.667323,6790.547323,71.3
"Atlanta, GA","Houston, TX",41.5,16.8,3.8,5.24,High,6.7,Snow,Fall,3,8,7.2,Refrigerated,1,slow,slow,1,806,60,1467.73,584.5038168,2052.233817,41.5
"Miami, FL","Seattle, WA",41.4,19.6,3.1,6.41,High,8.8,Storm,Spring,10,8,7.5,Flatbed,0,normal,slow,1,3141,60,5817.13,1519.048362,7336.178362,41.4
"Atlanta, GA","Dallas, TX",74.7,22.8,3.33,7.82,Low,8,Snow,Spring,2,8,6.6,Refrigerated,0,slow,fast,3,828,80,2221.52,352.5882353,2574.108235,74.7
"New York, NY","Miami, FL",60.2,13.9,4.64,7.13,Low,7.3,Storm,Fall,3,8,8.5,Flatbed,1,normal,normal,2,1256,70,2775.76,817.368864,3593.128864,60.2
"Houston, TX","Denver, CO",68.7,8.2,5,5.03,Low,8.3,Fog,Fall,2,8,2.4,Flatbed,1,fast,normal,2,1010,70,2166.45,1003.976143,3170.426143,68.7
"Denver, CO","Los Angeles, CA",50.8,29.4,3.56,7.81,Low,4.3,Clear,Summer,3,8,5.3,Refrigerated,1,fast,slow,1,954,60,1754.41,434.8578745,2189.267875,50.8
"New York, NY","Seattle, WA",47.8,22.6,3.38,6.21,Low,5.5,Fog,Spring,8,8,2,Dry Van,1,fast,slow,1,2762,60,5140.08,1503.310789,6643.390789,47.8
"Denver, CO","Dallas, TX",54.5,10.8,3.98,7.49,Low,8.3,Clear,Summer,2,8,6.9,Flatbed,0,fast,slow,1,762,60,1387.6,404.9078772,1792.507877,54.5
"Seattle, WA","Denver, CO",67.5,11.3,3.83,5.4,Medium,9.2,Clear,Summer,3,8,5.7,Dry Van,1,slow,normal,2,1172,70,2525.66,831.2518519,3356.911852,67.5
"Los Angeles, CA","Atlanta, GA",64.7,27.6,3.87,5.95,Low,9.6,Clear,Fall,5,8,5.8,Refrigerated,1,normal,normal,2,2223,70,4812.8,1445.884034,6258.684034,64.7
"Chicago, IL","New York, NY",43.7,25.5,3.87,4.29,High,8.7,Snow,Fall,3,8,1.6,Flatbed,1,slow,slow,1,818,60,1537.02,737.9160839,2274.936084,43.7
"New York, NY","Houston, TX",61,6.4,4.55,5.53,Medium,6,Storm,Winter,4,8,3.7,Flatbed,0,fast,normal,2,1630,70,3553.4,1341.139241,4894.539241,61
"Miami, FL","Denver, CO",61.2,14.1,4.81,6.01,Medium,6.8,Storm,Fall,5,8,4.9,Tanker,0,slow,normal,2,1984,70,4315.2,1587.860233,5903.060233,61.2
"Houston, TX","Dallas, TX",58,25.4,4.55,7.15,High,8.2,Rain,Spring,1,8,3.5,Refrigerated,1,fast,slow,1,259,60,470.34,164.8181818,635.1581818,58
"New York, NY","Houston, TX",68.9,8.6,3.62,6.28,High,5.5,Snow,Spring,3,8,8.1,Tanker,1,slow,normal,2,1630,70,3553.4,939.5859873,4492.985987,68.9
"Los Angeles, CA","Phoenix, AZ",73.2,26.2,3.67,5.6,Medium,6.5,Storm,Summer,1,8,2.9,Dry Van,1,normal,fast,3,410,80,1111.51,268.6964286,1380.206429,73.2
"Seattle, WA","Atlanta, GA",61.3,15,4.29,5.58,High,8.9,Clear,Summer,6,8,6.1,Tanker,1,normal,normal,2,2505,70,5398.28,1925.887097,7324.167097,61.3
"Chicago, IL","New York, NY",67.8,24.6,3.47,5.15,High,9.6,Rain,Winter,2,8,7,Refrigerated,0,slow,normal,2,818,70,1807.78,551.1572816,2358.937282,67.8
"Chicago, IL","Houston, TX",54.6,19,3.37,5.79,Medium,7.6,Clear,Fall,3,8,2.9,Refrigerated,1,fast,slow,1,1083,60,1995.97,630.3471503,2626.31715,54.6
"Phoenix, AZ","Seattle, WA",66.1,26.2,3.75,5.19,High,9.3,Storm,Winter,3,8,4.7,Tanker,0,fast,normal,2,1282,70,2762.71,926.300578,3689.010578,66.1
"New York, NY","Atlanta, GA",52.7,12.2,4,5.82,Low,6.1,Fog,Summer,3,8,8.5,Refrigerated,0,fast,slow,1,858,60,1592.45,589.6907216,2182.140722,52.7
"New York, NY","Phoenix, AZ",49.3,22.9,3.79,6.71,High,6.9,Storm,Spring,7,8,7.3,Refrigerated,0,slow,slow,1,2461,60,4567.62,1390.043219,5957.663219,49.3
"Miami, FL","Los Angeles, CA",69.2,27.6,4.63,5.84,Medium,5.5,Clear,Fall,5,8,1.7,Tanker,1,fast,normal,2,2686,70,5882.34,2129.482877,8011.822877,69.2
"Los Angeles, CA","Miami, FL",56.1,5.5,3.03,6.08,Medium,8.2,Rain,Winter,6,8,1.8,Dry Van,1,slow,slow,1,2686,60,4998.65,1338.582237,6337.232237,56.1
"Phoenix, AZ","Houston, TX",41.8,15.9,4.25,7.36,Low,8.1,Clear,Fall,4,8,4.4,Refrigerated,1,normal,slow,1,1166,60,2123.29,673.3016304,2796.59163,41.8
"Seattle, WA","Dallas, TX",41.8,17.2,3.71,5.01,High,8.2,Fog,Winter,6,8,0.8,Dry Van,0,normal,slow,1,1932,60,3525.9,1430.682635,4956.582635,41.8
"New York, NY","Phoenix, AZ",43.6,25.9,4.63,6.13,Medium,4.8,Snow,Winter,8,8,8,Flatbed,1,normal,slow,1,2461,60,4567.62,1858.797716,6426.417716,43.6
"Los Angeles, CA","Denver, CO",64.9,12.6,4.02,6.99,Low,6.8,Clear,Fall,2,8,7.9,Tanker,0,normal,normal,2,954,70,2065.41,548.6523605,2614.062361,64.9
"Chicago, IL","Seattle, WA",42.3,18.3,3.12,7.07,Low,8.3,Fog,Winter,6,8,7.1,Tanker,0,fast,slow,1,1993,60,3691.04,879.5134371,4570.553437,42.3
"Los Angeles, CA","Houston, TX",44.3,18.9,3.65,5.77,Medium,7.9,Fog,Summer,5,8,6.2,Dry Van,1,slow,slow,1,1577,60,2892.22,997.5823224,3889.802322,44.3
"Denver, CO","Los Angeles, CA",65.9,22.6,4.07,6.72,Medium,9.2,Clear,Fall,2,8,8.3,Tanker,0,fast,normal,2,954,70,2065.41,577.7946429,2643.204643,65.9
"Los Angeles, CA","Miami, FL",55.6,22.9,4.74,4.17,Medium,7.4,Clear,Summer,7,8,4,Refrigerated,0,fast,slow,1,2686,60,4998.65,3053.151079,8051.801079,55.6
"Atlanta, GA","Houston, TX",67.8,13.4,3.01,7.84,Low,7.6,Fog,Fall,2,8,6.1,Dry Van,0,slow,normal,2,806,70,1728.87,309.4464286,2038.316429,67.8
"Los Angeles, CA","Atlanta, GA",66.9,27.6,3.82,7.81,High,9.2,Snow,Winter,5,8,1.6,Tanker,1,normal,normal,2,2223,70,4812.8,1087.306018,5900.106018,66.9
"Seattle, WA","Phoenix, AZ",54.1,19.4,4.17,7,High,7.1,Rain,Summer,3,8,3.1,Tanker,1,fast,slow,1,1282,60,2346.06,763.7057143,3109.765714,54.1
"Los Angeles, CA","Chicago, IL",44.1,29,3.18,4.92,Low,4.3,Rain,Spring,6,8,8.5,Dry Van,0,slow,slow,1,2004,60,3729.44,1295.268293,5024.708293,44.1
"Atlanta, GA","Dallas, TX",72.5,19.8,4.26,7.38,Medium,5.8,Fog,Winter,2,8,9.1,Tanker,1,fast,fast,3,828,80,2221.52,477.9512195,2699.47122,72.5
"Houston, TX","New York, NY",74.2,27.5,3.25,7.29,Low,6.5,Fog,Spring,3,8,4.7,Refrigerated,0,normal,fast,3,1630,80,4453.16,726.6803841,5179.840384,74.2
"Atlanta, GA","Houston, TX",58.5,13,3.15,7.58,Medium,8.8,Rain,Fall,2,8,7.8,Refrigerated,1,slow,slow,1,806,60,1467.73,334.9472296,1802.67723,58.5
"Chicago, IL","Seattle, WA",54.3,11.4,4.72,6.8,Low,7.3,Rain,Spring,5,8,0.9,Refrigerated,0,fast,slow,1,1993,60,3691.04,1383.376471,5074.416471,54.3
"Los Angeles, CA","Denver, CO",46.8,10.2,4.32,7.65,Medium,6.4,Rain,Spring,3,8,6.5,Tanker,0,slow,slow,1,954,60,1754.41,538.7294118,2293.139412,46.8
"New York, NY","Atlanta, GA",66.2,26.7,4.07,7.01,Low,4.8,Fog,Fall,2,8,3.9,Dry Van,0,slow,normal,2,858,70,1874.73,498.1540656,2372.884066,66.2
"Atlanta, GA","Miami, FL",72.5,26.9,3.27,4.69,Medium,6.1,Clear,Fall,2,8,6.1,Flatbed,1,normal,fast,3,697,80,1899.33,485.9680171,2385.298017,72.5
"Chicago, IL","Houston, TX",73.7,21.3,4.68,6.1,Medium,5.2,Snow,Fall,2,8,5.6,Refrigerated,1,normal,fast,3,1083,80,2943.59,830.8918033,3774.481803,73.7
"Dallas, TX","Los Angeles, CA",47.7,14.2,3.73,7.84,Low,6.7,Clear,Summer,4,8,2.7,Refrigerated,1,slow,slow,1,1423,60,2609.78,677.0140306,3286.794031,47.7
"Phoenix, AZ","Houston, TX",71.3,16.9,4.89,4.86,Low,4.4,Fog,Spring,3,8,8.5,Dry Van,1,fast,fast,3,1166,80,3128.38,1173.197531,4301.577531,71.3
"Miami, FL","New York, NY",63.8,28.4,4.65,7.38,Low,7.4,Clear,Winter,3,8,9.3,Refrigerated,1,normal,normal,2,1256,70,2775.76,791.3821138,3567.142114,63.8
"Miami, FL","New York, NY",58.9,16.2,4.13,5.88,High,4.3,Storm,Summer,3,8,4.4,Refrigerated,1,fast,slow,1,1256,60,2360.02,882.1904762,3242.210476,58.9
"Atlanta, GA","Denver, CO",44.9,5.1,3.49,6.82,Low,4.6,Rain,Winter,4,8,7.3,Flatbed,0,slow,slow,1,1392,60,2540.4,712.3284457,3252.728446,44.9
"Atlanta, GA","Phoenix, AZ",47.8,23.7,3.87,6.82,Low,7.4,Storm,Summer,5,8,6,Dry Van,1,slow,slow,1,1827,60,3334.28,1036.728739,4371.008739,47.8
"Atlanta, GA","Seattle, WA",52.4,8.6,4.85,4.42,Low,6.3,Clear,Spring,6,8,8.5,Refrigerated,1,fast,slow,1,2505,60,4584.15,2748.699095,7332.849095,52.4
"Seattle, WA","Houston, TX",74.7,6,3.26,4.9,Medium,8.9,Snow,Fall,4,8,0.7,Flatbed,1,fast,fast,3,2173,80,5845.37,1445.710204,7291.080204,74.7
"Chicago, IL","Phoenix, AZ",66.1,8.3,3.27,4.09,High,4.3,Storm,Winter,4,8,0.7,Refrigerated,1,normal,normal,2,1670,70,3632.25,1335.183374,4967.433374,66.1
"Los Angeles, CA","Houston, TX",69.1,13.2,4.46,4.38,High,8,Clear,Spring,3,8,7.5,Tanker,1,slow,normal,2,1577,70,3406.32,1605.803653,5012.123653,69.1
"Seattle, WA","New York, NY",71.4,11.1,3.71,7.8,Low,7.5,Fog,Fall,5,8,3.3,Tanker,1,slow,fast,3,2762,80,7584.45,1313.720513,8898.170513,71.4
"New York, NY","Houston, TX",74.9,11.7,4.7,4.66,Low,8.4,Clear,Spring,3,8,9.8,Refrigerated,0,slow,fast,3,1630,80,4453.16,1643.991416,6097.151416,74.9
"Seattle, WA","Phoenix, AZ",40.9,20.1,3.29,7.19,High,9.1,Storm,Summer,4,8,1.5,Dry Van,0,fast,slow,1,1282,60,2346.06,586.6175243,2932.677524,40.9
"Houston, TX","New York, NY",53.8,20.3,3.09,7.01,Low,4.5,Rain,Spring,4,8,0.2,Flatbed,0,fast,slow,1,1630,60,3018.76,718.5021398,3737.26214,53.8
"Houston, TX","Dallas, TX",46.1,17.9,3.52,6.89,Low,5.9,Snow,Spring,1,8,2.8,Dry Van,0,fast,slow,1,259,60,470.34,132.3193033,602.6593033,46.1
"Atlanta, GA","New York, NY",41.1,12.1,4,4.18,Low,5.1,Clear,Summer,3,8,9.8,Dry Van,1,fast,slow,1,858,60,1592.45,821.0526316,2413.502632,41.1
"Chicago, IL","Seattle, WA",48.8,11.5,4.29,4.47,High,9.7,Rain,Fall,6,8,10,Dry Van,1,normal,slow,1,1993,60,3691.04,1912.744966,5603.784966,48.8
"Dallas, TX","New York, NY",67,5.1,4.78,5.08,Low,8,Snow,Spring,3,8,4.4,Dry Van,0,normal,normal,2,1576,70,3435.68,1482.929134,4918.609134,67
"Seattle, WA","Chicago, IL",50.9,17,3.64,5.44,High,8,Fog,Summer,5,8,9,Refrigerated,1,fast,slow,1,1993,60,3691.04,1333.551471,5024.591471,50.9
"Atlanta, GA","Miami, FL",57.8,15.8,3.75,6.83,Low,8,Storm,Fall,2,8,4.1,Refrigerated,1,normal,slow,1,697,60,1288.06,382.6866764,1670.746676,57.8
"Atlanta, GA","Denver, CO",66.7,7.4,3.7,7.35,Low,4.4,Fog,Winter,3,8,0.9,Tanker,0,normal,normal,2,1392,70,2992.8,700.7346939,3693.534694,66.7
"Phoenix, AZ","Los Angeles, CA",53,24.4,4.19,6.58,Low,8.5,Storm,Fall,1,8,8.3,Refrigerated,1,slow,slow,1,410,60,753.99,261.0790274,1015.069027,53
"Dallas, TX","Houston, TX",60.2,27.2,4.4,4.81,Low,6.6,Fog,Spring,1,8,0.6,Flatbed,0,slow,normal,2,259,70,554.26,236.9230769,791.1830769,60.2
"Chicago, IL","Denver, CO",44.5,22.4,4.01,4.1,Medium,9.5,Fog,Winter,3,8,5.2,Refrigerated,0,slow,slow,1,1056,60,1951.49,1032.819512,2984.309512,44.5
"New York, NY","Chicago, IL",44.3,14.1,3.51,6.03,Medium,9.8,Clear,Winter,3,8,4,Flatbed,0,normal,slow,1,818,60,1537.02,476.1492537,2013.169254,44.3
"Los Angeles, CA","Atlanta, GA",41.3,15,4.6,6.09,Medium,7.3,Rain,Winter,7,8,1.3,Flatbed,0,slow,slow,1,2223,60,4088.1,1679.1133,5767.2133,41.3
"Seattle, WA","Miami, FL",63.6,29.5,4.42,5.97,Low,9.1,Rain,Spring,7,8,2.8,Tanker,1,fast,normal,2,3141,70,6847.38,2325.497487,9172.877487,63.6
"Los Angeles, CA","Houston, TX",64.8,8.4,4.63,6.42,Medium,9.7,Rain,Spring,4,8,1.1,Flatbed,1,normal,normal,2,1577,70,3406.32,1137.306854,4543.626854,64.8
"Seattle, WA","Chicago, IL",43,29.2,3.08,7.01,Low,7.2,Clear,Summer,6,8,7.3,Flatbed,1,slow,slow,1,1993,60,3691.04,875.6690442,4566.709044,43
"Los Angeles, CA","Dallas, TX",74.7,23.6,4.48,4.99,Low,9,Rain,Fall,3,8,9.6,Tanker,0,slow,fast,3,1423,80,3847.79,1277.563126,5125.353126,74.7
"Miami, FL","Houston, TX",55.3,18.9,3.81,4.84,High,7.6,Fog,Winter,3,8,6.4,Tanker,0,slow,slow,1,1112,60,2049.42,875.3553719,2924.775372,55.3
"Chicago, IL","Atlanta, GA",65.6,11.4,3.35,6.76,Medium,9.1,Snow,Winter,2,8,5.3,Dry Van,0,slow,normal,2,677,70,1472.47,335.4955621,1807.965562,65.6
"Miami, FL","Chicago, IL",57.3,8.3,4.91,7.2,High,8,Rain,Spring,3,8,6.6,Tanker,1,slow,slow,1,1370,60,2561.9,934.2638889,3496.163889,57.3
"New York, NY","Los Angeles, CA",54.4,16.8,3.83,7.37,Medium,5.4,Rain,Summer,7,8,8.9,Dry Van,1,fast,slow,1,2812,60,5258.44,1461.324288,6719.764288,54.4
"Chicago, IL","Houston, TX",42.7,7.7,3.99,6.44,High,5.6,Snow,Summer,4,8,6.8,Flatbed,0,normal,slow,1,1083,60,1995.97,670.9891304,2666.95913,42.7
"Los Angeles, CA","New York, NY",56.8,15.4,3.21,7.69,Low,8.8,Fog,Fall,7,8,2.6,Tanker,0,normal,slow,1,2812,60,5258.44,1173.79974,6432.23974,56.8
"Chicago, IL","Denver, CO",50.4,19.6,3.84,7.88,Medium,4.3,Rain,Winter,3,8,8.6,Dry Van,0,fast,slow,1,1056,60,1951.49,514.5989848,2466.088985,50.4
"Los Angeles, CA","Denver, CO",40.1,11.1,3.65,7.86,Medium,9.5,Fog,Fall,3,8,8.3,Tanker,1,normal,slow,1,954,60,1754.41,443.0152672,2197.425267,40.1
"New York, NY","Miami, FL",71.7,29.5,3.7,5.04,High,7.3,Rain,Fall,3,8,0.3,Tanker,1,slow,fast,3,1256,80,3484.14,922.0634921,4406.203492,71.7
"Seattle, WA","New York, NY",72.4,9.1,3.82,7.32,High,8,Storm,Spring,5,8,4.9,Tanker,0,normal,fast,3,2762,80,7584.45,1441.371585,9025.821585,72.4
"New York, NY","Denver, CO",71.2,9.1,3.3,6.31,High,7.9,Rain,Winter,4,8,3.9,Refrigerated,1,fast,fast,3,1872,80,5127.41,979.0174326,6106.427433,71.2
"Dallas, TX","Atlanta, GA",45.6,28.1,3.01,7.58,Medium,9.3,Storm,Fall,3,8,7,Refrigerated,0,slow,slow,1,828,60,1507.79,328.7968338,1836.586834,45.6
"Dallas, TX","Miami, FL",66.6,19,3.6,5.6,Low,8.1,Snow,Fall,3,8,1.3,Refrigerated,1,normal,normal,2,1277,70,2771.09,820.9285714,3592.018571,66.6
"Atlanta, GA","New York, NY",48.9,25,3.14,6.76,Low,5,Rain,Winter,3,8,8.4,Refrigerated,1,slow,slow,1,858,60,1592.45,398.5384615,1990.988462,48.9
"Dallas, TX","Denver, CO",66.4,17.9,4.78,6.35,Low,9.5,Clear,Winter,2,8,5.1,Tanker,0,normal,normal,2,762,70,1634.49,573.6,2208.09,66.4
"Dallas, TX","Los Angeles, CA",59.1,8.5,4.74,6.7,Low,10,Clear,Spring,4,8,6.8,Flatbed,0,normal,slow,1,1423,60,2609.78,1006.719403,3616.499403,59.1
"New York, NY","Denver, CO",48.9,26.9,4.85,6.68,Low,9.6,Fog,Spring,5,8,0.5,Dry Van,1,slow,slow,1,1872,60,3474.43,1359.161677,4833.591677,48.9
"Denver, CO","Miami, FL",42.5,22.7,3.07,7.37,High,6.8,Clear,Summer,6,8,7.1,Flatbed,0,normal,slow,1,1984,60,3666.43,826.4423338,4492.872334,42.5
"Dallas, TX","New York, NY",46.7,5.4,3.84,4.34,Low,4.6,Storm,Spring,5,8,2.5,Flatbed,1,fast,slow,1,1576,60,2918.75,1394.43318,4313.18318,46.7
"Denver, CO","Phoenix, AZ",67.1,19.4,4.39,7.7,High,8.3,Snow,Summer,2,8,7.1,Refrigerated,1,fast,normal,2,673,70,1446.95,383.6974026,1830.647403,67.1
"Los Angeles, CA","Houston, TX",53.5,15.2,3.33,4.09,High,4.8,Fog,Spring,4,8,8,Refrigerated,1,slow,slow,1,1577,60,2892.22,1283.963325,4176.183325,53.5
"New York, NY","Dallas, TX",52.1,20,4.87,4.67,Medium,8.3,Rain,Winter,4,8,2.7,Tanker,1,slow,slow,1,1576,60,2918.75,1643.494647,4562.244647,52.1
"Miami, FL","Denver, CO",41.7,21.3,3.44,4.33,Low,5.8,Clear,Summer,6,8,5.5,Tanker,0,normal,slow,1,1984,60,3666.43,1576.203233,5242.633233,41.7
"Houston, TX","Chicago, IL",73.8,29.1,3.89,7.18,Low,4.1,Snow,Summer,2,8,7.4,Flatbed,0,slow,fast,3,1083,80,2943.59,586.7506964,3530.340696,73.8
"Houston, TX","Los Angeles, CA",42.1,8.9,3.88,6.03,Low,6.3,Clear,Spring,5,8,4.7,Flatbed,1,fast,slow,1,1577,60,2892.22,1014.719735,3906.939735,42.1
"Atlanta, GA","Seattle, WA",43.7,24.2,4.38,6.97,High,8.4,Clear,Spring,8,8,3.1,Dry Van,0,slow,slow,1,2505,60,4584.15,1574.160689,6158.310689,43.7
"New York, NY","Dallas, TX",68.9,23.3,4.98,5.09,Medium,9.2,Clear,Winter,3,8,3.6,Dry Van,0,fast,normal,2,1576,70,3435.68,1541.941061,4977.621061,68.9
"Houston, TX","Dallas, TX",43.6,24.7,4.06,5.17,Medium,7.9,Fog,Spring,1,8,9.5,Dry Van,1,normal,slow,1,259,60,470.34,203.3926499,673.7326499,43.6
"Miami, FL","Los Angeles, CA",46,25.4,3.81,7.74,High,9.7,Clear,Summer,8,8,9.6,Tanker,0,fast,slow,1,2686,60,4998.65,1322.178295,6320.828295,46
"Seattle, WA","Los Angeles, CA",62.6,5.9,4.78,6.57,High,7.9,Fog,Fall,3,8,7.8,Flatbed,1,slow,normal,2,1104,70,2395.68,803.2146119,3198.894612,62.6
"Los Angeles, CA","New York, NY",51.3,22,4.13,4.65,Medium,5.9,Clear,Winter,7,8,9.9,Refrigerated,0,fast,slow,1,2812,60,5258.44,2497.539785,7755.979785,51.3
"Los Angeles, CA","New York, NY",73,10.4,4.54,4.08,High,8,Storm,Summer,5,8,3.5,Tanker,0,fast,fast,3,2812,80,7761.12,3129.039216,10890.15922,73
"Miami, FL","Houston, TX",69.9,5.6,4.22,5.47,High,6.5,Fog,Winter,2,8,7.6,Tanker,0,normal,normal,2,1112,70,2413.04,857.8866545,3270.926654,69.9
"Atlanta, GA","Chicago, IL",73.6,6.8,4.16,7.61,High,4.1,Fog,Winter,2,8,5.3,Flatbed,0,slow,fast,3,677,80,1844.82,370.0814717,2214.901472,73.6
"Houston, TX","Seattle, WA",47.3,17.1,3.17,7.37,Medium,8.3,Clear,Fall,6,8,6.9,Dry Van,0,slow,slow,1,2173,60,3965.72,934.6553596,4900.37536,47.3
"Houston, TX","Los Angeles, CA",59.4,20,4.95,6.57,Medium,4.2,Storm,Summer,4,8,9.1,Dry Van,0,slow,slow,1,1577,60,2892.22,1188.150685,4080.370685,59.4
"Chicago, IL","Los Angeles, CA",60.4,21.8,4.98,4.36,Medium,8,Snow,Fall,5,8,6.4,Dry Van,1,fast,normal,2,2004,70,4388.76,2288.972477,6677.732477,60.4
"Los Angeles, CA","Chicago, IL",45.4,10.2,4.24,4.51,Medium,5.6,Clear,Summer,6,8,3.3,Dry Van,1,fast,slow,1,2004,60,3729.44,1884.026608,5613.466608,45.4
"Denver, CO","Los Angeles, CA",72.9,10.7,3.78,6.43,Medium,8.5,Storm,Summer,2,8,4.4,Dry Van,0,normal,fast,3,954,80,2586.29,560.8273717,3147.117372,72.9
"Denver, CO","Seattle, WA",44.2,27.8,5,4.72,Medium,4.2,Clear,Winter,4,8,8.3,Refrigerated,0,normal,slow,1,1172,60,2144.76,1241.525424,3386.285424,44.2
"Los Angeles, CA","Chicago, IL",42,6.3,3.85,7.73,Medium,5.7,Rain,Fall,6,8,7.6,Flatbed,0,normal,slow,1,2004,60,3729.44,998.1112549,4727.551255,42
"Denver, CO","Phoenix, AZ",54.5,15.6,4.41,7.77,Low,5.6,Snow,Fall,2,8,1.1,Tanker,1,fast,slow,1,673,60,1228.23,381.972973,1610.202973,54.5
"Chicago, IL","New York, NY",46.5,17.8,4.06,7.5,High,6.8,Clear,Fall,3,8,2.3,Tanker,0,slow,slow,1,818,60,1537.02,442.8106667,1979.830667,46.5
"Denver, CO","Miami, FL",46,15.6,3.37,7.09,Medium,6.8,Snow,Fall,6,8,3.6,Refrigerated,1,slow,slow,1,1984,60,3666.43,943.0296192,4609.459619,46
"Chicago, IL","Houston, TX",59.4,22.9,4.79,7.61,Low,6,Storm,Spring,3,8,3.7,Tanker,0,normal,slow,1,1083,60,1995.97,681.6780552,2677.648055,59.4
"Atlanta, GA","Miami, FL",54,5.9,4.64,6.18,Low,6,Storm,Fall,2,8,2.1,Flatbed,1,fast,slow,1,697,60,1288.06,523.3139159,1811.373916,54
"Denver, CO","Phoenix, AZ",62.3,27,4.07,7.04,Low,8.6,Rain,Winter,2,8,2.5,Tanker,1,slow,normal,2,673,70,1446.95,389.078125,1836.028125,62.3
"Houston, TX","Los Angeles, CA",55.3,6.1,3.49,7.06,Low,4.4,Clear,Summer,4,8,6.9,Tanker,0,slow,slow,1,1577,60,2892.22,779.5651558,3671.785156,55.3
"Houston, TX","Phoenix, AZ",62.2,10.6,3.11,6.46,High,4.3,Rain,Summer,3,8,2.3,Refrigerated,0,normal,normal,2,1166,70,2501.07,561.3405573,3062.410557,62.2
"Chicago, IL","Denver, CO",56.6,10.6,4.71,5.02,Medium,5.8,Rain,Spring,3,8,3.1,Dry Van,1,normal,slow,1,1056,60,1951.49,990.7888446,2942.278845,56.6
"Phoenix, AZ","New York, NY",52.2,7.9,3.08,6.9,High,7.9,Rain,Fall,6,8,9.5,Dry Van,1,fast,slow,1,2461,60,4567.62,1098.533333,5666.153333,52.2
"Dallas, TX","Seattle, WA",64.8,6.7,3.22,6.04,Low,6.8,Clear,Spring,4,8,7.8,Dry Van,1,fast,normal,2,1932,70,4153.8,1029.97351,5183.77351,64.8
"Dallas, TX","Los Angeles, CA",55.9,13.9,4.89,6.41,Low,7.5,Fog,Summer,4,8,9.5,Flatbed,1,normal,slow,1,1423,60,2609.78,1085.564743,3695.344743,55.9
"Houston, TX","Seattle, WA",55.5,7.9,4.67,4.11,Low,9,Fog,Spring,5,8,3.4,Tanker,0,fast,slow,1,2173,60,3965.72,2469.077859,6434.797859,55.5
"Dallas, TX","Atlanta, GA",56.2,8.9,4.18,6.97,Low,9.5,Fog,Spring,2,8,3.8,Tanker,0,fast,slow,1,828,60,1507.79,496.5624103,2004.35241,56.2
"Miami, FL","Atlanta, GA",52.7,28.8,4.89,4.58,High,5.1,Storm,Winter,2,8,3.9,Dry Van,1,slow,slow,1,697,60,1288.06,744.1768559,2032.236856,52.7
"Dallas, TX","Houston, TX",49.6,19.9,4.6,4.53,High,4.7,Clear,Fall,1,8,3.2,Tanker,1,normal,slow,1,259,60,470.34,263.0022075,733.3422075,49.6
"Denver, CO","Miami, FL",52.6,5.4,3.38,7.01,High,9.6,Fog,Summer,5,8,5.6,Flatbed,0,normal,slow,1,1984,60,3666.43,956.6219686,4623.051969,52.6
"Phoenix, AZ","Denver, CO",44.9,10.5,4.16,4.26,Low,6.6,Storm,Spring,2,8,1.9,Tanker,1,normal,slow,1,673,60,1228.23,657.2018779,1885.431878,44.9
"Houston, TX","Denver, CO",64.8,26.7,3.77,5.25,Medium,6.3,Storm,Winter,2,8,7.2,Flatbed,0,fast,normal,2,1010,70,2166.45,725.2761905,2891.72619,64.8
"Chicago, IL","Dallas, TX",51,20,3.87,7.92,Medium,6.1,Clear,Fall,3,8,3.1,Flatbed,1,fast,slow,1,925,60,1704.77,451.9886364,2156.758636,51
"Seattle, WA","Dallas, TX",55.6,20.9,3.25,6.93,Medium,5.6,Fog,Spring,5,8,9.7,Refrigerated,1,fast,slow,1,1932,60,3525.9,906.0606061,4431.960606,55.6
"Seattle, WA","Denver, CO",69.2,6.3,4.7,6.52,Low,6.9,Fog,Winter,3,8,8.5,Dry Van,1,slow,normal,2,1172,70,2525.66,844.8466258,3370.506626,69.2
"Denver, CO","New York, NY",67.7,7.5,4.65,6.7,Medium,4.5,Rain,Summer,4,8,3.8,Dry Van,1,slow,normal,2,1872,70,4090.32,1299.223881,5389.543881,67.7
"Houston, TX","Denver, CO",58.6,22.6,3.52,7.77,Low,7.2,Clear,Fall,3,8,3.7,Flatbed,0,fast,slow,1,1010,60,1839.21,457.5546976,2296.764698,58.6
"Dallas, TX","Los Angeles, CA",63.6,5.2,3.95,4.77,High,7.8,Storm,Summer,3,8,4.6,Dry Van,0,normal,normal,2,1423,70,3073.68,1178.375262,4252.055262,63.6
"New York, NY","Denver, CO",57.8,17.4,4.86,7.56,High,8.7,Fog,Spring,5,8,3,Tanker,0,slow,slow,1,1872,60,3474.43,1203.428571,4677.858571,57.8
"New York, NY","Denver, CO",62.2,18.9,4.41,5.67,High,8.5,Fog,Spring,4,8,2.7,Tanker,1,slow,normal,2,1872,70,4090.32,1456,5546.32,62.2
"Seattle, WA","Los Angeles, CA",58.3,15.8,4.3,5.46,Low,5.4,Clear,Spring,3,8,8.7,Flatbed,1,normal,slow,1,1104,60,2034.67,869.4505495,2904.120549,58.3
"Houston, TX","Seattle, WA",42.8,20.7,3.67,6.69,Medium,4.2,Rain,Winter,7,8,6.9,Flatbed,0,slow,slow,1,2173,60,3965.72,1192.064275,5157.784275,42.8
"Denver, CO","Dallas, TX",70,6.5,3.43,7.99,High,6.6,Rain,Winter,2,8,6.1,Flatbed,1,fast,normal,2,762,70,1634.49,327.1163955,1961.606395,70
"Dallas, TX","Los Angeles, CA",51,25.7,4.21,5.56,High,7.3,Snow,Spring,4,8,8.9,Refrigerated,0,normal,slow,1,1423,60,2609.78,1077.48741,3687.26741,51
"Houston, TX","Atlanta, GA",48.7,19.3,4.89,6.89,Low,8.1,Fog,Summer,3,8,8,Flatbed,1,fast,slow,1,806,60,1467.73,572.0377358,2039.767736,48.7
"Chicago, IL","Los Angeles, CA",52.2,29.1,3.98,4.45,Low,6.8,Storm,Winter,5,8,10,Flatbed,1,fast,slow,1,2004,60,3729.44,1792.341573,5521.781573,52.2
"New York, NY","Chicago, IL",58,27,3.71,4.44,Low,9.7,Snow,Summer,2,8,3.4,Refrigerated,0,slow,slow,1,818,60,1537.02,683.509009,2220.529009,58
"Chicago, IL","Phoenix, AZ",60.9,26.4,3.76,6.96,Low,7.8,Fog,Winter,4,8,1.4,Tanker,0,normal,normal,2,1670,70,3632.25,902.183908,4534.433908,60.9
"Denver, CO","Chicago, IL",69.9,22.1,3.04,4.86,High,4.4,Clear,Spring,2,8,7.6,Tanker,1,normal,normal,2,1056,70,2296.8,660.5432099,2957.34321,69.9
"Miami, FL","Phoenix, AZ",69.3,18.9,4.38,7.89,Low,4.5,Snow,Winter,5,8,1.3,Refrigerated,0,slow,normal,2,2276,70,4950.3,1263.48289,6213.78289,69.3
"Chicago, IL","Miami, FL",69.8,27.7,4.01,6.38,Medium,8.2,Storm,Winter,3,8,1,Refrigerated,1,normal,normal,2,1370,70,3014,861.0815047,3875.081505,69.8
"Chicago, IL","Atlanta, GA",56.2,12.5,4.23,4.17,Low,4.7,Storm,Winter,2,8,1.8,Refrigerated,0,fast,slow,1,677,60,1251.1,686.7410072,1937.841007,56.2
"Miami, FL","Chicago, IL",68.4,22,4.21,6.26,Low,9.2,Snow,Spring,3,8,1.2,Refrigerated,0,slow,normal,2,1370,70,3014,921.3578275,3935.357827,68.4
"Los Angeles, CA","Houston, TX",54.5,11.3,4.74,5.73,Medium,8.9,Rain,Winter,4,8,5,Dry Van,1,normal,slow,1,1577,60,2892.22,1304.534031,4196.754031,54.5
"Phoenix, AZ","New York, NY",66.4,11.9,3.89,4.35,High,5.7,Fog,Spring,5,8,1.5,Dry Van,0,normal,normal,2,2461,70,5377.29,2200.756322,7578.046322,66.4
"Atlanta, GA","Houston, TX",72.1,22,4.62,4.44,Low,5.5,Storm,Summer,2,8,7.2,Refrigerated,0,normal,fast,3,806,80,2162.5,838.6756757,3001.175676,72.1
"Phoenix, AZ","Denver, CO",63.2,15.4,3.09,7.14,Medium,8.1,Storm,Summer,2,8,3.2,Dry Van,0,normal,normal,2,673,70,1446.95,291.2563025,1738.206303,63.2
"New York, NY","Denver, CO",68.4,24,3.53,4.6,Low,8.2,Storm,Summer,4,8,9.2,Dry Van,0,normal,normal,2,1872,70,4090.32,1436.556522,5526.876522,68.4
"Phoenix, AZ","Los Angeles, CA",51.1,6.4,4.41,7.57,High,7.8,Snow,Fall,2,8,1.3,Dry Van,1,slow,slow,1,410,60,753.99,238.8507266,992.8407266,51.1
"Denver, CO","Dallas, TX",69.3,26.4,4.66,7.2,Low,6.2,Snow,Fall,2,8,9.3,Refrigerated,1,slow,normal,2,762,70,1634.49,493.1833333,2127.673333,69.3
"Atlanta, GA","Chicago, IL",53.9,22.5,3.59,7.28,High,4.4,Snow,Summer,2,8,6,Refrigerated,1,slow,slow,1,677,60,1251.1,333.8502747,1584.950275,53.9
"Chicago, IL","Dallas, TX",56,11.9,3.93,5.8,High,7.5,Clear,Summer,3,8,0.8,Refrigerated,1,normal,slow,1,925,60,1704.77,626.7672414,2331.537241,56
"New York, NY","Miami, FL",64.5,5.6,4.71,6.78,High,8.6,Clear,Fall,3,8,9.9,Dry Van,0,slow,normal,2,1256,70,2775.76,872.5309735,3648.290973,64.5
"Seattle, WA","Atlanta, GA",55.2,23.2,3.54,4.4,High,6.1,Snow,Winter,6,8,0.2,Tanker,1,slow,slow,1,2505,60,4584.15,2015.386364,6599.536364,55.2
"Miami, FL","New York, NY",52.6,19.5,3.15,4.7,Low,9.3,Clear,Fall,3,8,9.5,Tanker,0,slow,slow,1,1256,60,2360.02,841.787234,3201.807234,52.6
"Houston, TX","Denver, CO",53,12.5,4.72,7.99,Low,7.8,Fog,Spring,3,8,7.8,Dry Van,1,slow,slow,1,1010,60,1839.21,596.6458073,2435.855807,53
"Atlanta, GA","Dallas, TX",60.1,25.8,4.38,4.08,Low,6,Storm,Winter,2,8,2.3,Tanker,1,normal,normal,2,828,70,1776.06,888.8823529,2664.942353,60.1
"Los Angeles, CA","Denver, CO",41.3,10.5,3.62,6.47,High,7.2,Storm,Winter,3,8,1.6,Dry Van,0,slow,slow,1,954,60,1754.41,533.7681607,2288.178161,41.3
"Chicago, IL","Phoenix, AZ",57.6,11.8,4.9,5.86,Medium,4.4,Snow,Summer,4,8,3.3,Dry Van,1,slow,slow,1,1670,60,3086.16,1396.416382,4482.576382,57.6
"Denver, CO","Chicago, IL",49.8,19.3,4.54,7.71,Medium,5.6,Fog,Winter,3,8,4.6,Tanker,1,fast,slow,1,1056,60,1951.49,621.8210117,2573.311012,49.8
"Phoenix, AZ","New York, NY",71.5,7.2,3.26,5.98,Low,4.6,Snow,Winter,5,8,3.3,Flatbed,0,fast,fast,3,2461,80,6740.68,1341.615385,8082.295385,71.5
"Dallas, TX","New York, NY",60.8,6.7,3.51,4.79,Low,4.1,Snow,Fall,4,8,3.8,Refrigerated,0,slow,normal,2,1576,70,3435.68,1154.85595,4590.53595,60.8
"Chicago, IL","Atlanta, GA",62.8,8.4,4.04,7.07,Medium,5,Storm,Winter,2,8,5.7,Flatbed,1,fast,normal,2,677,70,1472.47,386.8571429,1859.327143,62.8
"Dallas, TX","Chicago, IL",54.4,9.8,4.49,4.51,Medium,4.6,Clear,Summer,3,8,2.1,Dry Van,1,slow,slow,1,925,60,1704.77,920.8980044,2625.668004,54.4
"Houston, TX","Los Angeles, CA",56.6,16.2,4.42,6.49,High,7.9,Fog,Winter,4,8,2.9,Refrigerated,1,slow,slow,1,1577,60,2892.22,1074.012327,3966.232327,56.6
"Los Angeles, CA","Denver, CO",55.3,12.7,4.97,7.26,Medium,5,Clear,Spring,3,8,0.4,Tanker,1,fast,slow,1,954,60,1754.41,653.0826446,2407.492645,55.3
"Houston, TX","Miami, FL",44,18.3,4.72,6.95,Medium,5.3,Rain,Winter,4,8,5.1,Dry Van,1,fast,slow,1,1112,60,2049.42,755.2,2804.62,44
"Chicago, IL","Miami, FL",69.4,27.7,4.02,6.78,Low,4.7,Rain,Winter,3,8,4.3,Flatbed,1,fast,normal,2,1370,70,3014,812.300885,3826.300885,69.4
"Dallas, TX","Atlanta, GA",49,6.3,3.02,4.09,High,4.1,Rain,Fall,3,8,0.2,Tanker,0,slow,slow,1,828,60,1507.79,611.3838631,2119.173863,49
"Phoenix, AZ","Chicago, IL",46.8,6.1,3.32,5.54,Low,5.3,Storm,Summer,5,8,7.1,Dry Van,1,normal,slow,1,1670,60,3086.16,1000.794224,4086.954224,46.8
"Los Angeles, CA","Seattle, WA",63.3,26.8,4.74,6.32,Low,6.6,Rain,Summer,3,8,8.5,Tanker,1,slow,normal,2,1104,70,2395.68,828,3223.68,63.3
"New York, NY","Seattle, WA",65.6,19.7,3.9,7.04,Medium,4.4,Rain,Winter,6,8,10,Dry Van,1,slow,normal,2,2762,70,6048.78,1530.085227,7578.865227,65.6
"Los Angeles, CA","Houston, TX",50.2,11.9,4.33,7.58,High,7.5,Clear,Spring,4,8,0.5,Tanker,0,fast,slow,1,1577,60,2892.22,900.8456464,3793.065646,50.2
"Chicago, IL","Atlanta, GA",43.7,29.1,4.88,4.78,Medium,5,Rain,Summer,2,8,5.2,Flatbed,1,slow,slow,1,677,60,1251.1,691.1631799,1942.26318,43.7
"Seattle, WA","Phoenix, AZ",47.8,23.9,3.62,7.69,Medium,7.9,Clear,Winter,4,8,7.9,Dry Van,1,normal,slow,1,1282,60,2346.06,603.4902471,2949.550247,47.8
"Atlanta, GA","Los Angeles, CA",50.2,13.5,4.87,4.66,High,4.3,Fog,Summer,6,8,7.7,Flatbed,1,normal,slow,1,2223,60,4088.1,2323.178112,6411.278112,50.2
"Houston, TX","Miami, FL",58.7,7.5,4.18,7.11,Low,4.6,Fog,Fall,3,8,0.1,Refrigerated,1,slow,slow,1,1112,60,2049.42,653.7496484,2703.169648,58.7
"Atlanta, GA","Denver, CO",71,21.8,4.96,4.25,High,9.4,Snow,Fall,3,8,3.1,Tanker,0,slow,fast,3,1392,80,3744.48,1624.545882,5369.025882,71
"Dallas, TX","Atlanta, GA",50.1,27.2,4.76,7.03,Low,7.4,Clear,Winter,3,8,5.6,Flatbed,1,slow,slow,1,828,60,1507.79,560.6372688,2068.427269,50.1
"Atlanta, GA","Chicago, IL",49.6,20.7,4.66,6.83,Low,6.9,Snow,Spring,2,8,9.9,Tanker,1,fast,slow,1,677,60,1251.1,461.9062958,1713.006296,49.6
"Denver, CO","Chicago, IL",67.5,23.2,4.4,6.87,High,6.7,Snow,Fall,2,8,4.7,Refrigerated,0,slow,normal,2,1056,70,2296.8,676.3318777,2973.131878,67.5
"Atlanta, GA","Miami, FL",48.4,8.9,4.77,5.1,Medium,4.8,Storm,Summer,2,8,7,Flatbed,0,fast,slow,1,697,60,1288.06,651.9,1939.96,48.4
"Los Angeles, CA","Seattle, WA",56.5,8,4.7,7.83,High,9.8,Fog,Summer,3,8,6.4,Refrigerated,0,fast,slow,1,1104,60,2034.67,662.6819923,2697.351992,56.5
"Miami, FL","Chicago, IL",52.3,16.1,3.13,7.18,Low,5.4,Snow,Fall,4,8,9,Refrigerated,0,slow,slow,1,1370,60,2561.9,597.2284123,3159.128412,52.3
"Phoenix, AZ","Denver, CO",44.3,6.6,4.95,6.72,Low,6.5,Rain,Summer,2,8,7.6,Flatbed,0,normal,slow,1,673,60,1228.23,495.7366071,1723.966607,44.3
"Dallas, TX","Miami, FL",56.7,15.7,3.02,7.71,High,7.6,Clear,Fall,3,8,6.2,Refrigerated,1,normal,slow,1,1277,60,2353.51,500.1997406,2853.709741,56.7
"Chicago, IL","Dallas, TX",44,6.2,4.13,4.97,High,8.4,Snow,Spring,3,8,3.2,Refrigerated,0,slow,slow,1,925,60,1704.77,768.6619718,2473.431972,44
"Chicago, IL","New York, NY",43.6,23.4,3.9,5.29,High,9.1,Snow,Fall,3,8,5.2,Tanker,1,normal,slow,1,818,60,1537.02,603.0623819,2140.082382,43.6
"Seattle, WA","Houston, TX",68.5,22.2,3.88,5.52,Medium,8.6,Snow,Summer,4,8,1.3,Tanker,0,fast,normal,2,2173,70,4671.95,1527.398551,6199.348551,68.5
"Miami, FL","Houston, TX",70.1,28.1,4.65,5.34,Medium,5.6,Storm,Fall,2,8,1.6,Flatbed,1,fast,fast,3,1112,80,3022.42,968.3146067,3990.734607,70.1
"Seattle, WA","Dallas, TX",40.7,7.9,4.69,7.38,Medium,6,Rain,Spring,6,8,5.1,Dry Van,1,slow,slow,1,1932,60,3525.9,1227.788618,4753.688618,40.7
"Dallas, TX","Atlanta, GA",73.9,26.2,3.62,4.78,High,7.3,Fog,Summer,2,8,8.8,Refrigerated,0,fast,fast,3,828,80,2221.52,627.0627615,2848.582762,73.9
"Atlanta, GA","Denver, CO",49,23.8,3.19,5.28,Low,6.3,Snow,Fall,4,8,1.6,Refrigerated,1,fast,slow,1,1392,60,2540.4,841,3381.4,49
"Miami, FL","New York, NY",55.7,27.9,3.94,5.1,High,4.9,Fog,Summer,3,8,5.3,Dry Van,0,normal,slow,1,1256,60,2360.02,970.3215686,3330.341569,55.7
"Dallas, TX","Seattle, WA",53.7,19.7,3.55,4.7,Medium,8.6,Storm,Winter,5,8,1,Tanker,1,fast,slow,1,1932,60,3525.9,1459.276596,4985.176596,53.7
"New York, NY","Miami, FL",73.6,5.9,4.96,4.02,Low,9.2,Clear,Fall,3,8,9.4,Refrigerated,1,normal,fast,3,1256,80,3484.14,1549.691542,5033.831542,73.6
"Los Angeles, CA","Seattle, WA",62.9,7,3.48,7.09,High,7.2,Storm,Spring,3,8,4.3,Dry Van,1,normal,normal,2,1104,70,2395.68,541.8787024,2937.558702,62.9
"Houston, TX","Chicago, IL",55.7,29.5,4.92,5.32,Low,9.3,Fog,Winter,3,8,2.1,Refrigerated,1,normal,slow,1,1083,60,1995.97,1001.571429,2997.541429,55.7
"New York, NY","Chicago, IL",42.5,25.9,3.35,4.28,Medium,6.4,Snow,Winter,3,8,8.5,Tanker,1,slow,slow,1,818,60,1537.02,640.2570093,2177.277009,42.5
"Dallas, TX","New York, NY",55.4,6.5,4.5,6.26,Low,6.7,Snow,Summer,4,8,5,Refrigerated,0,normal,slow,1,1576,60,2918.75,1132.907348,4051.657348,55.4
"Houston, TX","Los Angeles, CA",66.5,18.6,4.75,6.17,Low,5.4,Fog,Winter,3,8,5.6,Dry Van,0,fast,normal,2,1577,70,3406.32,1214.059968,4620.379968,66.5
"Dallas, TX","Phoenix, AZ",61.8,13.9,4.69,5.81,Low,8.4,Fog,Fall,3,8,9.8,Tanker,0,normal,normal,2,1017,70,2181.47,820.9518072,3002.421807,61.8
"Houston, TX","New York, NY",45.6,11.9,3.66,6.6,Medium,8.5,Rain,Fall,5,8,5.1,Dry Van,0,fast,slow,1,1630,60,3018.76,903.9090909,3922.669091,45.6
"Atlanta, GA","Houston, TX",55.3,8.1,4.13,7.81,Medium,8.8,Storm,Spring,2,8,6.5,Dry Van,1,slow,slow,1,806,60,1467.73,426.2202305,1893.95023,55.3
"Chicago, IL","Houston, TX",55,13.3,4.95,7.45,High,5.9,Fog,Spring,3,8,4.2,Tanker,1,fast,slow,1,1083,60,1995.97,719.5771812,2715.547181,55
"Chicago, IL","Los Angeles, CA",73.5,15.1,4.75,4.76,Medium,7.3,Snow,Summer,4,8,7.6,Tanker,1,fast,fast,3,2004,80,5502.98,1999.789916,7502.769916,73.5
"Denver, CO","Phoenix, AZ",61.9,6.3,3.42,4.3,Medium,5.7,Fog,Winter,2,8,5.7,Flatbed,1,normal,normal,2,673,70,1446.95,535.2697674,1982.219767,61.9
"Chicago, IL","Los Angeles, CA",59.2,11.8,3.49,4.55,Medium,9.1,Rain,Summer,5,8,1.9,Refrigerated,1,fast,slow,1,2004,60,3729.44,1537.134066,5266.574066,59.2
"Dallas, TX","Denver, CO",70.6,23.6,4.32,5.63,Medium,5.6,Clear,Fall,2,8,8,Tanker,0,slow,fast,3,762,80,2044.45,584.69627,2629.14627,70.6
"Chicago, IL","Dallas, TX",69.7,24,3.59,5.71,High,5.1,Clear,Summer,2,8,7.2,Flatbed,1,normal,normal,2,925,70,2007.25,581.5674256,2588.817426,69.7
"New York, NY","Phoenix, AZ",68.7,29.9,3.15,5.89,Medium,8.8,Clear,Winter,5,8,3,Flatbed,0,fast,normal,2,2461,70,5377.29,1316.154499,6693.444499,68.7
"Seattle, WA","Los Angeles, CA",45.4,13.4,4.04,4.91,High,7.5,Fog,Spring,4,8,2.1,Refrigerated,0,fast,slow,1,1104,60,2034.67,908.3828921,2943.052892,45.4
"Houston, TX","New York, NY",62.1,12.9,3.46,7.52,Low,9,Fog,Spring,4,8,8.5,Flatbed,0,fast,normal,2,1630,70,3553.4,749.9734043,4303.373404,62.1
"Dallas, TX","Los Angeles, CA",73.6,21.8,3.35,5.9,Low,7.9,Storm,Winter,3,8,1.3,Refrigerated,0,fast,fast,3,1423,80,3847.79,807.9745763,4655.764576,73.6
"Chicago, IL","Phoenix, AZ",55,17.2,3.28,6.69,High,7.6,Fog,Fall,4,8,0.1,Flatbed,0,slow,slow,1,1670,60,3086.16,818.77429,3904.93429,55
"Houston, TX","Denver, CO",53.7,8.8,3.75,6.51,Low,7.3,Rain,Summer,3,8,3.8,Tanker,0,normal,slow,1,1010,60,1839.21,581.797235,2421.007235,53.7
"Denver, CO","Los Angeles, CA",55.6,11.9,3.21,4.3,Low,6.1,Rain,Spring,3,8,8.4,Refrigerated,0,fast,slow,1,954,60,1754.41,712.172093,2466.582093,55.6
"Seattle, WA","New York, NY",54.9,14.8,4.03,7.24,Medium,7.3,Fog,Summer,7,8,5.2,Dry Van,0,slow,slow,1,2762,60,5140.08,1537.411602,6677.491602,54.9
"New York, NY","Phoenix, AZ",55.3,25.6,4.85,6.56,High,8.9,Snow,Fall,6,8,9.1,Tanker,0,normal,slow,1,2461,60,4567.62,1819.489329,6387.109329,55.3
"Phoenix, AZ","Denver, CO",49,6.3,4.93,7.41,Low,9.5,Clear,Summer,2,8,4.8,Tanker,0,normal,slow,1,673,60,1228.23,447.7584345,1675.988435,49
"New York, NY","Denver, CO",73.9,17.6,3.35,6.63,High,9.9,Snow,Winter,4,8,8.6,Tanker,0,slow,fast,3,1872,80,5127.41,945.8823529,6073.292353,73.9
"Miami, FL","Los Angeles, CA",71.3,24.4,4.44,5.06,High,7.7,Fog,Summer,5,8,8.6,Flatbed,0,normal,fast,3,2686,80,7375.76,2356.885375,9732.645375,71.3
"Miami, FL","Seattle, WA",44.5,5.1,4.36,6.2,Low,6,Snow,Fall,9,8,2,Flatbed,0,fast,slow,1,3141,60,5817.13,2208.832258,8025.962258,44.5
"Los Angeles, CA","Miami, FL",67.5,17.1,3.67,4.33,High,7.3,Storm,Summer,5,8,2.3,Tanker,0,fast,normal,2,2686,70,5882.34,2276.586605,8158.926605,67.5
"Houston, TX","New York, NY",51.3,6.7,3.07,6.42,Low,7.7,Fog,Fall,4,8,9.9,Tanker,0,normal,slow,1,1630,60,3018.76,779.4548287,3798.214829,51.3
"New York, NY","Seattle, WA",41.9,26.4,4.85,4.36,High,4.7,Snow,Spring,9,8,1,Dry Van,1,fast,slow,1,2762,60,5140.08,3072.408257,8212.488257,41.9
"New York, NY","Denver, CO",74,21.7,4.56,7.1,Low,7.2,Clear,Spring,4,8,3.2,Refrigerated,0,slow,fast,3,1872,80,5127.41,1202.298592,6329.708592,74
"Chicago, IL","Phoenix, AZ",73.5,12.5,4.98,6.53,Medium,5.5,Snow,Spring,3,8,7.4,Refrigerated,0,fast,fast,3,1670,80,4550.75,1273.598775,5824.348775,73.5
"Los Angeles, CA","Denver, CO",42.4,9.2,4.58,6.59,Low,7.4,Clear,Summer,3,8,9.6,Flatbed,0,normal,slow,1,954,60,1754.41,663.0227618,2417.432762,42.4
"Chicago, IL","Phoenix, AZ",42.7,27.1,4.63,6.47,High,9.7,Clear,Spring,5,8,9.9,Dry Van,0,normal,slow,1,1670,60,3086.16,1195.069552,4281.229552,42.7
"Phoenix, AZ","Denver, CO",54.6,12.3,4.53,7.06,High,5.8,Storm,Spring,2,8,0.1,Refrigerated,1,slow,slow,1,673,60,1228.23,431.825779,1660.055779,54.6
"Phoenix, AZ","New York, NY",54.4,29.7,3.94,5.03,Medium,9.3,Rain,Spring,6,8,6,Refrigerated,1,fast,slow,1,2461,60,4567.62,1927.701789,6495.321789,54.4
"Seattle, WA","Atlanta, GA",53.4,28.6,4.18,5.38,High,7.8,Clear,Winter,6,8,5.1,Refrigerated,0,slow,slow,1,2505,60,4584.15,1946.263941,6530.413941,53.4
"Los Angeles, CA","Dallas, TX",46,23,4.23,6.72,Medium,6.1,Storm,Winter,4,8,2.2,Dry Van,0,normal,slow,1,1423,60,2609.78,895.7276786,3505.507679,46
"Seattle, WA","Phoenix, AZ",46.6,5.2,4.94,5.73,Low,9.8,Storm,Fall,4,8,5.9,Dry Van,1,slow,slow,1,1282,60,2346.06,1105.249564,3451.309564,46.6
"New York, NY","Seattle, WA",67.7,24.6,3.23,7.65,Low,5.2,Fog,Fall,6,8,9.9,Tanker,0,slow,normal,2,2762,70,6048.78,1166.177778,7214.957778,67.7
"New York, NY","Chicago, IL",73.5,13.6,3.21,4.75,High,7,Snow,Winter,2,8,1.5,Flatbed,1,slow,fast,3,818,80,2269.13,552.7957895,2821.925789,73.5
"Atlanta, GA","Dallas, TX",51.3,13.5,4.32,5.87,High,8.9,Snow,Winter,3,8,0.5,Refrigerated,1,fast,slow,1,828,60,1507.79,609.362862,2117.152862,51.3
"Houston, TX","Denver, CO",71.8,10.6,4.09,7.82,Medium,7,Clear,Spring,2,8,4.8,Dry Van,0,fast,fast,3,1010,80,2709.83,528.2480818,3238.078082,71.8
"Seattle, WA","Atlanta, GA",56.7,24.6,3.86,5.01,High,6,Storm,Summer,6,8,5,Tanker,0,fast,slow,1,2505,60,4584.15,1930,6514.15,56.7
"Seattle, WA","Chicago, IL",68.4,15.5,4.53,7.82,Medium,9.1,Snow,Winter,4,8,5.7,Flatbed,1,fast,normal,2,1993,70,4344.74,1154.512788,5499.252788,68.4
"Denver, CO","Houston, TX",72.7,26.7,4.73,6.77,Medium,7.7,Clear,Spring,2,8,5.7,Refrigerated,1,slow,fast,3,1010,80,2709.83,705.6573117,3415.487312,72.7
"Dallas, TX","Atlanta, GA",57.1,16.4,3.41,7.02,Low,6.7,Storm,Winter,2,8,2.6,Dry Van,0,normal,slow,1,828,60,1507.79,402.2051282,1909.995128,57.1
"Denver, CO","Chicago, IL",72.9,21.6,4.74,7.31,Medium,6.2,Rain,Summer,2,8,0,Flatbed,0,fast,fast,3,1056,80,2877.6,684.7387141,3562.338714,72.9
"Dallas, TX","Phoenix, AZ",58.8,18.3,4.28,5.22,Low,7.2,Snow,Fall,3,8,5.8,Tanker,1,fast,slow,1,1017,60,1851.96,833.862069,2685.822069,58.8
"Atlanta, GA","Dallas, TX",44.2,8.1,4.13,5.08,Low,6.4,Rain,Fall,3,8,1,Flatbed,1,slow,slow,1,828,60,1507.79,673.1574803,2180.94748,44.2
"Dallas, TX","Denver, CO",60.1,24.5,3.73,7.91,High,6.6,Rain,Fall,2,8,4.7,Tanker,0,normal,normal,2,762,70,1634.49,359.3249052,1993.814905,60.1
"Chicago, IL","Phoenix, AZ",69.1,16.5,4.19,5.07,High,7.9,Snow,Summer,4,8,0.5,Refrigerated,1,slow,normal,2,1670,70,3632.25,1380.138067,5012.388067,69.1
"Denver, CO","Dallas, TX",59.7,11.3,4.91,5.93,Low,6,Clear,Winter,2,8,2.4,Refrigerated,1,slow,slow,1,762,60,1387.6,630.93086,2018.53086,59.7
"Seattle, WA","Dallas, TX",61.5,27.8,3.46,4.48,High,4,Rain,Winter,4,8,10,Flatbed,0,slow,normal,2,1932,70,4153.8,1492.125,5645.925,61.5
"Los Angeles, CA","Phoenix, AZ",50.8,26.9,4.56,4.06,Medium,8.9,Clear,Summer,2,8,2.3,Dry Van,0,slow,slow,1,410,60,753.99,460.4926108,1214.482611,50.8
"Houston, TX","Los Angeles, CA",54.9,12.2,3.34,7.05,Medium,9.9,Fog,Winter,4,8,3,Flatbed,0,fast,slow,1,1577,60,2892.22,747.1177305,3639.33773,54.9
"Houston, TX","Seattle, WA",47.6,8.4,4.1,6.42,Medium,8.2,Snow,Spring,6,8,6.8,Tanker,1,slow,slow,1,2173,60,3965.72,1387.741433,5353.461433,47.6
"Miami, FL","Seattle, WA",47.4,14.4,3.54,4.35,High,9,Rain,Summer,9,8,2.2,Dry Van,0,normal,slow,1,3141,60,5817.13,2556.124138,8373.254138,47.4
"Dallas, TX","Miami, FL",65.9,10.3,3.79,4.26,High,5.4,Storm,Fall,3,8,8,Dry Van,0,normal,normal,2,1277,70,2771.09,1136.110329,3907.200329,65.9
"Atlanta, GA","Los Angeles, CA",51.8,8.4,3.15,7.97,Low,7.9,Snow,Spring,6,8,7.7,Flatbed,1,fast,slow,1,2223,60,4088.1,878.6010038,4966.701004,51.8
"Los Angeles, CA","Dallas, TX",68.2,5.4,3.37,6.62,High,6.3,Fog,Fall,3,8,6.7,Flatbed,0,slow,normal,2,1423,70,3073.68,724.397281,3798.077281,68.2
"Phoenix, AZ","Dallas, TX",47.1,26.6,3.64,7.96,Medium,4.9,Storm,Fall,3,8,7.9,Dry Van,0,normal,slow,1,1017,60,1851.96,465.0603015,2317.020302,47.1
"Dallas, TX","Houston, TX",56.4,29.7,3.85,6.42,Medium,4.3,Fog,Winter,1,8,4,Tanker,1,fast,slow,1,259,60,470.34,155.3193146,625.6593146,56.4
"Phoenix, AZ","Dallas, TX",60.7,5.3,3,6.46,Low,5.1,Fog,Spring,3,8,6.5,Tanker,0,slow,normal,2,1017,70,2181.47,472.2910217,2653.761022,60.7
"Houston, TX","Dallas, TX",51,8.7,4.16,6.65,Medium,8.3,Clear,Summer,1,8,8.9,Dry Van,0,fast,slow,1,259,60,470.34,162.0210526,632.3610526,51
"Dallas, TX","Miami, FL",61.6,20.6,3.59,5.66,High,8.8,Fog,Fall,3,8,4.7,Flatbed,0,fast,normal,2,1277,70,2771.09,809.9699647,3581.059965,61.6
"Seattle, WA","Denver, CO",65.7,15.4,4.05,4.46,High,10,Snow,Fall,3,8,6.8,Tanker,1,fast,normal,2,1172,70,2525.66,1064.26009,3589.92009,65.7
"Los Angeles, CA","Denver, CO",70.8,19.7,4.56,4.99,High,8.1,Rain,Spring,2,8,3.9,Flatbed,1,normal,fast,3,954,80,2586.29,871.7915832,3458.081583,70.8
"Houston, TX","Chicago, IL",65.4,6.5,4.16,4.52,High,9.8,Snow,Summer,3,8,1.1,Tanker,0,slow,normal,2,1083,70,2350.11,996.7433628,3346.853363,65.4
"New York, NY","Houston, TX",60.8,13.6,3.07,6.17,Medium,6.3,Snow,Winter,4,8,8,Flatbed,1,normal,normal,2,1630,70,3553.4,811.0372771,4364.437277,60.8
"New York, NY","Miami, FL",66.5,25.6,3.43,5.05,Low,5.3,Fog,Fall,3,8,9.5,Flatbed,1,normal,normal,2,1256,70,2775.76,853.0851485,3628.845149,66.5
"Dallas, TX","Phoenix, AZ",70.9,21,3.78,5.7,Medium,4.5,Fog,Spring,2,8,7,Tanker,0,slow,fast,3,1017,80,2728.61,674.4315789,3403.041579,70.9
"New York, NY","Chicago, IL",59.3,18.9,3.55,5.9,High,6.8,Storm,Summer,2,8,8.2,Flatbed,1,normal,slow,1,818,60,1537.02,492.1864407,2029.206441,59.3
"Los Angeles, CA","Houston, TX",61.1,27.4,4.73,7.56,Medium,5.6,Fog,Spring,4,8,2.6,Refrigerated,0,normal,normal,2,1577,70,3406.32,986.6679894,4392.987989,61.1
"Los Angeles, CA","Dallas, TX",71.8,21.2,3.16,4.54,Low,4.9,Clear,Spring,3,8,7.4,Tanker,1,slow,fast,3,1423,80,3847.79,990.4581498,4838.24815,71.8
"Dallas, TX","Seattle, WA",72.9,10,3.62,4.96,Low,6.2,Clear,Summer,4,8,5.8,Dry Van,0,fast,fast,3,1932,80,5197.08,1410.048387,6607.128387,72.9
"Miami, FL","Seattle, WA",57.2,5.7,3.13,6.15,Low,8.3,Storm,Spring,7,8,2.8,Dry Van,0,fast,slow,1,3141,60,5817.13,1598.590244,7415.720244,57.2
"Chicago, IL","Seattle, WA",59.9,29.4,3.55,4.63,Low,4.3,Storm,Winter,5,8,0.9,Refrigerated,0,normal,slow,1,1993,60,3691.04,1528.110151,5219.150151,59.9
"Miami, FL","New York, NY",69.9,19.6,3.14,4.19,Medium,4.4,Clear,Fall,3,8,8.5,Dry Van,0,fast,normal,2,1256,70,2775.76,941.2505967,3717.010597,69.9
"Dallas, TX","Miami, FL",72.3,17.6,3.49,5.61,Medium,8.3,Snow,Fall,3,8,4.4,Dry Van,1,fast,fast,3,1277,80,3470.89,794.426025,4265.316025,72.3
"Houston, TX","Dallas, TX",72.6,7.7,4.72,4.64,Medium,6.9,Clear,Summer,1,8,0.9,Refrigerated,0,slow,fast,3,259,80,693.08,263.4655172,956.5455172,72.6
"Chicago, IL","Atlanta, GA",41.8,13.4,4.51,5.18,High,8.6,Storm,Summer,3,8,2.5,Refrigerated,1,normal,slow,1,677,60,1251.1,589.4343629,1840.534363,41.8
"New York, NY","Dallas, TX",66.2,14.9,3.42,6.09,High,9.5,Rain,Fall,3,8,6.8,Flatbed,0,fast,normal,2,1576,70,3435.68,885.044335,4320.724335,66.2
"Atlanta, GA","Seattle, WA",60.7,23.4,4.03,7.26,High,8.3,Storm,Fall,6,8,1.5,Flatbed,0,fast,normal,2,2505,70,5398.28,1390.516529,6788.796529,60.7
"New York, NY","Phoenix, AZ",72.8,8.4,3.98,5.04,High,8.5,Storm,Fall,5,8,8.8,Dry Van,1,fast,fast,3,2461,80,6740.68,1943.40873,8684.08873,72.8
"Atlanta, GA","Houston, TX",67.9,16.4,3.66,4.63,Medium,5,Rain,Summer,2,8,7.8,Refrigerated,1,slow,normal,2,806,70,1728.87,637.1403888,2366.010389,67.9
"Miami, FL","Chicago, IL",58.4,7.1,4.67,6.45,Low,5,Fog,Fall,3,8,5.1,Dry Van,0,fast,slow,1,1370,60,2561.9,991.9224806,3553.822481,58.4
"Miami, FL","Seattle, WA",44.2,10.5,3.65,4.87,Low,6.3,Snow,Fall,9,8,6.8,Refrigerated,1,fast,slow,1,3141,60,5817.13,2354.137577,8171.267577,44.2
"Denver, CO","Atlanta, GA",72.6,19.3,4.47,7.8,Low,4.5,Storm,Spring,3,8,5.8,Tanker,0,fast,fast,3,1392,80,3744.48,797.7230769,4542.203077,72.6
"New York, NY","Houston, TX",46.5,27.4,3.5,4.37,Medium,8.5,Snow,Winter,5,8,3.7,Flatbed,1,normal,slow,1,1630,60,3018.76,1305.491991,4324.251991,46.5
"Denver, CO","Seattle, WA",44.8,9.3,3.11,6.63,High,9,Fog,Spring,4,8,8.7,Refrigerated,1,slow,slow,1,1172,60,2144.76,549.7616893,2694.521689,44.8
"Dallas, TX","Los Angeles, CA",51.4,8.8,4.24,5.68,Medium,7.7,Snow,Fall,4,8,9.7,Flatbed,0,slow,slow,1,1423,60,2609.78,1062.239437,3672.019437,51.4
"Dallas, TX","Denver, CO",50.8,9,4.65,6.35,High,7.7,Rain,Winter,2,8,3.4,Refrigerated,1,slow,slow,1,762,60,1387.6,558,1945.6,50.8
"Denver, CO","Miami, FL",46.9,23.3,4.23,4.83,Medium,4.9,Storm,Spring,6,8,6.3,Dry Van,0,slow,slow,1,1984,60,3666.43,1737.540373,5403.970373,46.9
"Miami, FL","New York, NY",40.6,14.7,4.38,6.78,High,6.6,Storm,Winter,4,8,5.2,Flatbed,0,fast,slow,1,1256,60,2360.02,811.3982301,3171.41823,40.6
"Miami, FL","Phoenix, AZ",45.7,20,3.98,4.78,High,8.5,Fog,Fall,7,8,4.3,Dry Van,1,normal,slow,1,2276,60,4206.05,1895.079498,6101.129498,45.7
"Los Angeles, CA","New York, NY",42,22.4,3.11,7.27,High,8.9,Storm,Winter,9,8,3.2,Refrigerated,0,fast,slow,1,2812,60,5258.44,1202.9326,6461.3726,42
"New York, NY","Miami, FL",60.9,12.2,4.18,5.19,High,4.3,Fog,Fall,3,8,1,Dry Van,1,fast,normal,2,1256,70,2775.76,1011.576108,3787.336108,60.9
"Los Angeles, CA","Seattle, WA",73.7,15.7,4.03,4.59,High,7.3,Snow,Winter,2,8,6.1,Refrigerated,1,fast,fast,3,1104,80,3000.67,969.3071895,3969.97719,73.7
"Phoenix, AZ","Miami, FL",46.8,24.1,3.05,5.5,High,4.7,Storm,Fall,7,8,1.7,Dry Van,1,slow,slow,1,2276,60,4206.05,1262.145455,5468.195455,46.8
"Denver, CO","Miami, FL",54.6,12.5,4.31,7.68,Low,6.4,Clear,Spring,5,8,2.7,Tanker,1,slow,slow,1,1984,60,3666.43,1113.416667,4779.846667,54.6
"New York, NY","Miami, FL",60,16.4,3.3,5.8,Medium,5.7,Snow,Spring,3,8,8.8,Flatbed,1,slow,slow,1,1256,60,2360.02,714.6206897,3074.64069,60
"Houston, TX","Phoenix, AZ",58.1,10.6,3.82,7.51,Low,7.2,Rain,Summer,3,8,5.7,Dry Van,0,normal,slow,1,1166,60,2123.29,593.0918775,2716.381877,58.1
"Atlanta, GA","Houston, TX",44.1,21.3,4.7,7.73,Low,9.8,Rain,Spring,3,8,5.2,Flatbed,0,slow,slow,1,806,60,1467.73,490.0646831,1957.794683,44.1
"Seattle, WA","New York, NY",51.9,9.5,4.17,6.66,Low,8.3,Fog,Winter,7,8,3.7,Dry Van,0,slow,slow,1,2762,60,5140.08,1729.36036,6869.44036,51.9
"Houston, TX","Denver, CO",73.5,15.9,4.25,6.67,Medium,7.3,Storm,Spring,2,8,7.6,Tanker,1,fast,fast,3,1010,80,2709.83,643.5532234,3353.383223,73.5
"Chicago, IL","New York, NY",59.4,17.2,3.23,4.34,Medium,6,Fog,Summer,2,8,1.4,Flatbed,0,normal,slow,1,818,60,1537.02,608.7880184,2145.808018,59.4
"Houston, TX","Chicago, IL",59.7,15.3,4.43,5.95,Low,6.6,Rain,Winter,3,8,8.7,Dry Van,0,normal,slow,1,1083,60,1995.97,806.3344538,2802.304454,59.7
"Seattle, WA","Miami, FL",51.7,13.5,3.39,7.44,Medium,4.9,Storm,Winter,8,8,2.8,Dry Van,0,normal,slow,1,3141,60,5817.13,1431.181452,7248.311452,51.7
"Denver, CO","Chicago, IL",67.7,19.5,4.34,5.3,High,7.4,Snow,Spring,2,8,4,Flatbed,0,fast,normal,2,1056,70,2296.8,864.7245283,3161.524528,67.7
"Atlanta, GA","Los Angeles, CA",48.5,26,3.75,6.13,Medium,9.7,Rain,Spring,6,8,4.3,Dry Van,1,fast,slow,1,2223,60,4088.1,1359.910277,5448.010277,48.5
"Los Angeles, CA","Phoenix, AZ",55,14,3.88,6.08,High,7.8,Fog,Summer,1,8,4.5,Refrigerated,0,slow,slow,1,410,60,753.99,261.6447368,1015.634737,55
"Chicago, IL","Seattle, WA",58.7,13.5,4.32,6.87,High,7.3,Rain,Winter,5,8,1.7,Tanker,0,fast,slow,1,1993,60,3691.04,1253.240175,4944.280175,58.7
"Phoenix, AZ","Seattle, WA",49.9,21.8,3.04,7.02,Low,5.6,Rain,Winter,4,8,5.3,Tanker,1,fast,slow,1,1282,60,2346.06,555.1680912,2901.228091,49.9
"New York, NY","Denver, CO",71,7.1,3.89,7.4,High,7.7,Rain,Summer,4,8,1.2,Tanker,0,fast,fast,3,1872,80,5127.41,984.0648649,6111.474865,71
"Houston, TX","Atlanta, GA",65.4,19.2,4.07,5.81,High,9.9,Fog,Fall,2,8,6.5,Tanker,1,normal,normal,2,806,70,1728.87,564.616179,2293.486179,65.4
"Seattle, WA","Phoenix, AZ",60.6,19.2,4.94,7.53,Low,9.7,Rain,Winter,3,8,8.7,Dry Van,1,normal,normal,2,1282,70,2762.71,841.0464807,3603.756481,60.6
"Phoenix, AZ","Miami, FL",62.2,23,3.32,6.53,High,4.3,Fog,Winter,5,8,9.2,Refrigerated,1,slow,normal,2,2276,70,4950.3,1157.169985,6107.469985,62.2
"Miami, FL","Chicago, IL",42.3,16.1,4.7,4.31,High,6.1,Fog,Spring,5,8,1.2,Tanker,1,normal,slow,1,1370,60,2561.9,1493.967517,4055.867517,42.3
"New York, NY","Denver, CO",67.2,18.6,4.66,4.45,Low,9.5,Clear,Summer,4,8,1.6,Dry Van,0,fast,normal,2,1872,70,4090.32,1960.341573,6050.661573,67.2
"Denver, CO","Dallas, TX",74.6,17.1,4.14,6.46,Medium,8.7,Snow,Summer,2,8,1.9,Tanker,1,fast,fast,3,762,80,2044.45,488.3405573,2532.790557,74.6
"Phoenix, AZ","Denver, CO",70.7,25.5,4.24,7.98,Medium,8.4,Clear,Summer,2,8,7.4,Tanker,0,normal,fast,3,673,80,1810.37,357.5839599,2167.95396,70.7
"Miami, FL","Dallas, TX",73.6,21,4.69,6.16,Medium,6.5,Fog,Spring,3,8,8.1,Refrigerated,0,normal,fast,3,1277,80,3470.89,972.2613636,4443.151364,73.6
"Chicago, IL","Miami, FL",59.6,20.8,3.48,5.73,High,5.5,Storm,Winter,3,8,2.5,Flatbed,1,slow,slow,1,1370,60,2561.9,832.0418848,3393.941885,59.6
"Chicago, IL","Miami, FL",52.6,15.5,3.2,4.17,High,8,Clear,Winter,4,8,7.3,Refrigerated,1,normal,slow,1,1370,60,2561.9,1051.318945,3613.218945,52.6
"Seattle, WA","Atlanta, GA",59.2,18.6,4.95,5.47,High,5.2,Fog,Spring,6,8,8.3,Dry Van,0,slow,slow,1,2505,60,4584.15,2266.864717,6851.014717,59.2
"Miami, FL","New York, NY",63.1,8.8,4.85,6.26,Low,6,Storm,Spring,3,8,3.7,Flatbed,0,normal,normal,2,1256,70,2775.76,973.0990415,3748.859042,63.1
"Dallas, TX","Seattle, WA",53.5,11.2,4.15,5.67,High,5,Fog,Fall,5,8,9.7,Flatbed,0,slow,slow,1,1932,60,3525.9,1414.074074,4939.974074,53.5
"Houston, TX","New York, NY",61,20.2,4.12,7.66,Low,8,Rain,Winter,4,8,8.6,Dry Van,0,slow,normal,2,1630,70,3553.4,876.7101828,4430.110183,61
"Denver, CO","New York, NY",59,28.8,4.25,7.27,High,7.9,Snow,Winter,4,8,3.6,Flatbed,0,slow,slow,1,1872,60,3474.43,1094.360385,4568.790385,59
"Seattle, WA","Denver, CO",70,27.1,3.59,7.29,Low,6.1,Storm,Spring,3,8,7.6,Flatbed,1,slow,normal,2,1172,70,2525.66,577.1577503,3102.81775,70
"Atlanta, GA","Houston, TX",49.6,11.3,4.95,7.45,Medium,8.9,Storm,Winter,3,8,1.6,Dry Van,1,normal,slow,1,806,60,1467.73,535.5302013,2003.260201,49.6
"Phoenix, AZ","Atlanta, GA",51.5,16.5,3.41,5.21,Medium,5.2,Storm,Fall,5,8,5.7,Tanker,1,slow,slow,1,1827,60,3334.28,1195.790787,4530.070787,51.5
"Denver, CO","Chicago, IL",40.6,25.1,4.89,4.13,Medium,4.3,Storm,Summer,4,8,4.4,Tanker,1,slow,slow,1,1056,60,1951.49,1250.324455,3201.814455,40.6
"Seattle, WA","New York, NY",58.3,13.3,4.08,7.84,Medium,5.2,Clear,Fall,6,8,6.9,Tanker,1,slow,slow,1,2762,60,5140.08,1437.367347,6577.447347,58.3
"Seattle, WA","Chicago, IL",57.6,14,3.34,7.47,Low,6.4,Storm,Winter,5,8,6.7,Tanker,0,normal,slow,1,1993,60,3691.04,891.1137885,4582.153788,57.6
"Phoenix, AZ","Miami, FL",61.5,15.3,4.31,7.98,High,9.6,Clear,Summer,5,8,2.4,Dry Van,0,normal,normal,2,2276,70,4950.3,1229.26817,6179.56817,61.5
"Chicago, IL","New York, NY",56.5,13.5,4.91,6.79,Low,7.2,Rain,Fall,2,8,1.6,Refrigerated,0,fast,slow,1,818,60,1537.02,591.5139912,2128.533991,56.5
"Los Angeles, CA","Denver, CO",63.5,28.1,4.63,5.2,Medium,6.6,Storm,Spring,2,8,1,Flatbed,1,fast,normal,2,954,70,2065.41,849.4269231,2914.836923,63.5
"Houston, TX","Denver, CO",58.6,11.6,4.29,6.81,High,5.8,Snow,Spring,3,8,2.1,Flatbed,1,normal,slow,1,1010,60,1839.21,636.2555066,2475.465507,58.6
"New York, NY","Denver, CO",68.1,18.4,4.82,4.23,Medium,7.5,Rain,Fall,4,8,6.6,Tanker,1,slow,normal,2,1872,70,4090.32,2133.106383,6223.426383,68.1
"Atlanta, GA","Miami, FL",65.4,24.8,3.58,5.55,High,7.8,Fog,Winter,2,8,9.6,Flatbed,1,normal,normal,2,697,70,1515.97,449.5963964,1965.566396,65.4
"Chicago, IL","Denver, CO",52.3,19.3,4.74,7.72,Low,6,Rain,Winter,3,8,4.2,Refrigerated,0,slow,slow,1,1056,60,1951.49,648.373057,2599.863057,52.3
"Phoenix, AZ","Chicago, IL",74.5,15.8,3.61,5.46,Medium,6.4,Fog,Spring,3,8,8.5,Tanker,0,slow,fast,3,1670,80,4550.75,1104.157509,5654.907509,74.5
"Seattle, WA","Denver, CO",57.8,13.6,3.37,4.02,Low,7.1,Snow,Winter,3,8,8.2,Tanker,1,normal,slow,1,1172,60,2144.76,982.4975124,3127.257512,57.8
"Houston, TX","Seattle, WA",72.1,20.7,4.68,4.59,High,9.1,Snow,Spring,4,8,1.9,Refrigerated,1,normal,fast,3,2173,80,5845.37,2215.607843,8060.977843,72.1
"Seattle, WA","Atlanta, GA",41.1,16.6,3.63,6.66,High,9,Snow,Summer,8,8,4.3,Tanker,1,fast,slow,1,2505,60,4584.15,1365.337838,5949.487838,41.1
"Atlanta, GA","Miami, FL",67.4,27.4,3.88,4.94,High,6.5,Rain,Spring,2,8,1.1,Tanker,0,fast,normal,2,697,70,1515.97,547.4412955,2063.411296,67.4
"Miami, FL","Denver, CO",41.6,15.8,4.65,4.1,Low,8.1,Fog,Winter,6,8,2.4,Flatbed,1,slow,slow,1,1984,60,3666.43,2250.146341,5916.576341,41.6
"Atlanta, GA","New York, NY",74.1,29.1,3.47,4.4,Low,4.9,Storm,Fall,2,8,7.3,Dry Van,0,fast,fast,3,858,80,2350.06,676.65,3026.71,74.1
"Dallas, TX","Phoenix, AZ",51.8,9.2,4.16,5.93,Low,8.4,Clear,Summer,3,8,3.4,Refrigerated,1,fast,slow,1,1017,60,1851.96,713.4435076,2565.403508,51.8
"Dallas, TX","Atlanta, GA",47.4,11.6,3.19,5.39,Medium,4.2,Fog,Summer,3,8,7.5,Dry Van,1,normal,slow,1,828,60,1507.79,490.0408163,1997.830816,47.4
"Houston, TX","Seattle, WA",63.4,22.9,4.16,7.83,High,4.1,Rain,Winter,5,8,9.7,Refrigerated,0,fast,normal,2,2173,70,4671.95,1154.492976,5826.442976,63.4
"Atlanta, GA","Houston, TX",54.7,26.3,4.86,6.4,Medium,4.9,Storm,Winter,2,8,3.5,Refrigerated,1,slow,slow,1,806,60,1467.73,612.05625,2079.78625,54.7
"Miami, FL","Houston, TX",55.7,24.8,4.6,6.88,High,4.1,Fog,Spring,3,8,2.3,Refrigerated,0,fast,slow,1,1112,60,2049.42,743.4883721,2792.908372,55.7
"Atlanta, GA","New York, NY",44,18.7,3,5.3,High,5.3,Rain,Spring,3,8,7.3,Refrigerated,1,slow,slow,1,858,60,1592.45,485.6603774,2078.110377,44
"Dallas, TX","Miami, FL",43.2,17.9,3.43,6.15,Low,9,Rain,Fall,4,8,7,Tanker,1,slow,slow,1,1277,60,2353.51,712.2130081,3065.723008,43.2
"Miami, FL","Houston, TX",56.2,5.5,3.28,6.72,Low,8.5,Rain,Fall,3,8,2.3,Tanker,1,fast,slow,1,1112,60,2049.42,542.7619048,2592.181905,56.2
"Phoenix, AZ","Miami, FL",55.2,8.2,3.87,6.93,High,8.1,Snow,Winter,6,8,5.7,Refrigerated,0,normal,slow,1,2276,60,4206.05,1271.012987,5477.062987,55.2
"Houston, TX","Los Angeles, CA",63.1,6.3,3.99,5.18,High,6,Fog,Fall,4,8,1.8,Dry Van,0,normal,normal,2,1577,70,3406.32,1214.716216,4621.036216,63.1
"Seattle, WA","Denver, CO",57.8,26.6,3.83,6.98,Medium,9.1,Rain,Winter,3,8,3.1,Dry Van,1,fast,slow,1,1172,60,2144.76,643.0888252,2787.848825,57.8
"Miami, FL","Denver, CO",53.5,6.4,4.62,7.94,High,8.9,Storm,Spring,5,8,2,Tanker,1,slow,slow,1,1984,60,3666.43,1154.418136,4820.848136,53.5
"Los Angeles, CA","Dallas, TX",57.6,27.5,3.52,7.47,Medium,7.9,Snow,Spring,4,8,0.4,Flatbed,1,slow,slow,1,1423,60,2609.78,670.5435074,3280.323507,57.6
"Miami, FL","Chicago, IL",70.5,12.4,3.51,5.53,Medium,6.1,Storm,Winter,3,8,3.2,Dry Van,0,normal,fast,3,1370,80,3781.2,869.5660036,4650.766004,70.5
"Houston, TX","Phoenix, AZ",45.7,26.1,4.62,5.91,Low,9.1,Snow,Summer,4,8,0.2,Flatbed,0,normal,slow,1,1166,60,2123.29,911.4923858,3034.782386,45.7
"Phoenix, AZ","New York, NY",56,19.2,4.8,7.88,Low,7.8,Fog,Winter,6,8,0.8,Flatbed,1,normal,slow,1,2461,60,4567.62,1499.086294,6066.706294,56
"Dallas, TX","Los Angeles, CA",65.7,15.8,3.89,5.23,High,7.6,Rain,Spring,3,8,0.6,Flatbed,1,fast,normal,2,1423,70,3073.68,1058.407266,4132.087266,65.7
"Chicago, IL","Dallas, TX",48.1,27.2,3.11,4.71,High,7.3,Clear,Summer,3,8,0.5,Flatbed,1,normal,slow,1,925,60,1704.77,610.7749469,2315.544947,48.1
"Atlanta, GA","Dallas, TX",74.6,21.5,3.73,5.88,High,5.6,Snow,Spring,2,8,6.5,Dry Van,0,normal,fast,3,828,80,2221.52,525.244898,2746.764898,74.6
"Denver, CO","New York, NY",46.4,26,3.24,4.86,High,4.2,Clear,Winter,6,8,9.2,Refrigerated,0,fast,slow,1,1872,60,3474.43,1248,4722.43,46.4
"Houston, TX","Chicago, IL",42.7,29,4.76,7.02,Medium,9.6,Clear,Summer,4,8,2.8,Refrigerated,1,slow,slow,1,1083,60,1995.97,734.3418803,2730.31188,42.7
"Los Angeles, CA","Dallas, TX",53.4,24.3,3.29,4.82,Medium,8.1,Storm,Summer,4,8,9.4,Flatbed,1,normal,slow,1,1423,60,2609.78,971.3008299,3581.08083,53.4
"Phoenix, AZ","Chicago, IL",58.2,14.8,4.92,5.34,Medium,8.7,Clear,Winter,4,8,3.8,Flatbed,0,fast,slow,1,1670,60,3086.16,1538.651685,4624.811685,58.2
"Chicago, IL","Los Angeles, CA",72,23.9,3.45,7.55,High,6.3,Clear,Spring,4,8,7.8,Flatbed,0,normal,fast,3,2004,80,5502.98,915.7350993,6418.715099,72
"Miami, FL","Phoenix, AZ",71.3,9.3,3.84,7.33,High,4.1,Rain,Summer,4,8,2.9,Refrigerated,0,slow,fast,3,2276,80,6202.1,1192.338336,7394.438336,71.3
"Houston, TX","Dallas, TX",41,6.6,4.47,5.29,High,6.1,Snow,Spring,1,8,4.5,Dry Van,0,normal,slow,1,259,60,470.34,218.852552,689.192552,41
"New York, NY","Miami, FL",50.5,18.2,3.93,8,Low,6.3,Rain,Summer,4,8,0.3,Refrigerated,0,normal,slow,1,1256,60,2360.02,617.01,2977.03,50.5
"Houston, TX","New York, NY",64,15.7,4.73,6.78,Medium,4,Snow,Winter,4,8,0.9,Tanker,1,fast,normal,2,1630,70,3553.4,1137.153392,4690.553392,64
"New York, NY","Miami, FL",74.7,18.3,4.37,4.95,High,6.6,Storm,Fall,3,8,1.7,Refrigerated,0,normal,fast,3,1256,80,3484.14,1108.832323,4592.972323,74.7
"New York, NY","Denver, CO",55.6,22.8,3.75,7.71,High,4.6,Storm,Spring,5,8,7.1,Tanker,1,slow,slow,1,1872,60,3474.43,910.5058366,4384.935837,55.6
"Houston, TX","Atlanta, GA",63,9.1,3.11,4.48,High,9.6,Storm,Summer,2,8,8,Flatbed,0,normal,normal,2,806,70,1728.87,559.5223214,2288.392321,63
"Houston, TX","Atlanta, GA",60.7,17.4,4.89,6.99,Medium,8.4,Clear,Winter,2,8,1.2,Refrigerated,1,normal,normal,2,806,70,1728.87,563.8540773,2292.724077,60.7
"Los Angeles, CA","Phoenix, AZ",73.8,29.3,3.08,7.78,Medium,10,Snow,Fall,1,8,8.6,Flatbed,1,fast,fast,3,410,80,1111.51,162.3136247,1273.823625,73.8
"Chicago, IL","Miami, FL",49.9,18.7,3.17,7.66,Low,6.4,Fog,Fall,4,8,1.9,Dry Van,1,slow,slow,1,1370,60,2561.9,566.9582245,3128.858225,49.9
"Chicago, IL","Los Angeles, CA",53.7,14.5,3.53,4.18,Medium,5.6,Rain,Fall,5,8,8.9,Refrigerated,0,normal,slow,1,2004,60,3729.44,1692.373206,5421.813206,53.7
"Phoenix, AZ","New York, NY",63.7,19.6,4.11,7.44,High,4.6,Fog,Fall,5,8,5.4,Tanker,0,fast,normal,2,2461,70,5377.29,1359.504032,6736.794032,63.7
"Houston, TX","Miami, FL",47.6,25.1,3.8,4.76,Medium,8.6,Fog,Fall,3,8,0.6,Dry Van,0,fast,slow,1,1112,60,2049.42,887.7310924,2937.151092,47.6
"Atlanta, GA","Seattle, WA",61,18.9,3.81,5.72,Medium,5.4,Fog,Summer,6,8,9.5,Tanker,0,slow,normal,2,2505,70,5398.28,1668.54021,7066.82021,61
"Los Angeles, CA","Seattle, WA",45.1,5.7,4.87,6.11,Medium,7.2,Storm,Spring,4,8,10,Refrigerated,0,slow,slow,1,1104,60,2034.67,879.9476268,2914.617627,45.1
"Miami, FL","Dallas, TX",62.3,27.1,3.85,7.1,Medium,9.8,Rain,Summer,3,8,4.1,Tanker,1,slow,normal,2,1277,70,2771.09,692.4577465,3463.547746,62.3
"Los Angeles, CA","Phoenix, AZ",45.6,5.7,4.82,7.29,High,9.8,Rain,Spring,2,8,4.6,Refrigerated,1,slow,slow,1,410,60,753.99,271.0836763,1025.073676,45.6
"Houston, TX","Chicago, IL",59.4,11.1,3.1,7.76,Low,5.1,Rain,Fall,3,8,4.7,Flatbed,0,slow,slow,1,1083,60,1995.97,432.6417526,2428.611753,59.4
"Los Angeles, CA","Seattle, WA",40.6,8.7,3.76,6.73,Low,5.4,Fog,Spring,4,8,5.6,Dry Van,0,normal,slow,1,1104,60,2034.67,616.7964339,2651.466434,40.6
"Phoenix, AZ","Seattle, WA",51.4,8.3,3.98,6.99,Medium,4.7,Rain,Fall,4,8,0.2,Tanker,1,fast,slow,1,1282,60,2346.06,729.9513591,3076.011359,51.4
"Atlanta, GA","Chicago, IL",56.9,12.5,4.69,6.41,Low,6.7,Snow,Spring,2,8,5,Tanker,1,normal,slow,1,677,60,1251.1,495.3400936,1746.440094,56.9
"Houston, TX","Denver, CO",71.2,30,3.36,4.48,Medium,4.9,Storm,Winter,2,8,8.5,Dry Van,1,fast,fast,3,1010,80,2709.83,757.5,3467.33,71.2
"New York, NY","Dallas, TX",55.7,20.3,4.38,6.05,High,6.9,Rain,Spring,4,8,1.9,Dry Van,1,slow,slow,1,1576,60,2918.75,1140.971901,4059.721901,55.7
"Miami, FL","Seattle, WA",51.8,17.5,4.35,7.87,High,4.9,Storm,Fall,8,8,2.8,Flatbed,0,slow,slow,1,3141,60,5817.13,1736.130877,7553.260877,51.8
"Los Angeles, CA","Phoenix, AZ",59.1,18.9,4.45,5.53,Low,5.9,Rain,Summer,1,8,1.8,Tanker,0,slow,slow,1,410,60,753.99,329.9276673,1083.917667,59.1
"Miami, FL","Denver, CO",47.4,18,4.08,5.02,Low,4.4,Fog,Spring,6,8,7.6,Dry Van,1,fast,slow,1,1984,60,3666.43,1612.494024,5278.924024,47.4
"Denver, CO","Phoenix, AZ",71.5,28.2,4.6,6.46,Medium,4.8,Fog,Spring,2,8,3.2,Refrigerated,1,slow,fast,3,673,80,1810.37,479.2260062,2289.596006,71.5
"Seattle, WA","Chicago, IL",69.7,26.1,4.02,7.16,Low,5.1,Snow,Winter,4,8,9.8,Tanker,0,normal,normal,2,1993,70,4344.74,1118.97486,5463.71486,69.7
"Los Angeles, CA","Miami, FL",67.8,17.3,3.08,7.05,High,5,Storm,Fall,5,8,5,Tanker,0,slow,normal,2,2686,70,5882.34,1173.458156,7055.798156,67.8
"Phoenix, AZ","Denver, CO",51.9,14.7,4.51,4.29,Low,9.2,Snow,Fall,2,8,7.6,Dry Van,0,normal,slow,1,673,60,1228.23,707.5128205,1935.742821,51.9
"New York, NY","Phoenix, AZ",71.2,29.5,3.99,7.75,Medium,4,Fog,Summer,5,8,1.2,Dry Van,0,fast,fast,3,2461,80,6740.68,1267.018065,8007.698065,71.2
"Los Angeles, CA","Denver, CO",47.4,18.9,4.57,5.26,Medium,4.5,Clear,Spring,3,8,8.6,Flatbed,1,fast,slow,1,954,60,1754.41,828.8555133,2583.265513,47.4
"New York, NY","Houston, TX",45.9,17.8,3.83,4.88,High,8.3,Storm,Fall,5,8,9.3,Tanker,0,slow,slow,1,1630,60,3018.76,1279.282787,4298.042787,45.9
"Phoenix, AZ","Houston, TX",48.8,10.2,3.27,5.7,Low,4.8,Fog,Fall,3,8,6.6,Dry Van,0,slow,slow,1,1166,60,2123.29,668.9157895,2792.205789,48.8
"New York, NY","Miami, FL",59.2,22,4.88,6.55,Medium,6.2,Snow,Summer,3,8,2.1,Flatbed,1,normal,slow,1,1256,60,2360.02,935.7679389,3295.787939,59.2
"Los Angeles, CA","Houston, TX",49.7,11.2,3.47,4.77,Medium,7.4,Clear,Fall,4,8,1.8,Dry Van,1,normal,slow,1,1577,60,2892.22,1147.209644,4039.429644,49.7
"Dallas, TX","Chicago, IL",40.5,17,3.11,7.91,High,8.7,Clear,Fall,3,8,0.9,Refrigerated,0,normal,slow,1,925,60,1704.77,363.6852086,2068.455209,40.5
"Chicago, IL","Seattle, WA",66.6,9.8,4.14,7.26,Low,8.6,Rain,Fall,4,8,2.6,Tanker,1,slow,normal,2,1993,70,4344.74,1136.504132,5481.244132,66.6
"Miami, FL","Phoenix, AZ",43.8,22.4,3.41,7.7,High,5.3,Rain,Fall,7,8,3,Flatbed,0,fast,slow,1,2276,60,4206.05,1007.942857,5213.992857,43.8
"Miami, FL","New York, NY",55,25.5,4.57,7.72,Low,8.5,Storm,Winter,3,8,8.4,Tanker,0,slow,slow,1,1256,60,2360.02,743.5129534,3103.532953,55
"Miami, FL","Houston, TX",74.8,8.1,4.23,4.8,Medium,5.6,Clear,Spring,2,8,9.8,Dry Van,0,normal,fast,3,1112,80,3022.42,979.95,4002.37,74.8
"Denver, CO","Chicago, IL",69.8,5.2,3.07,6.39,High,6.3,Snow,Summer,2,8,2.9,Refrigerated,0,slow,normal,2,1056,70,2296.8,507.342723,2804.142723,69.8
"Miami, FL","Phoenix, AZ",68.2,5.2,3.63,4.7,Medium,7.5,Snow,Spring,5,8,2.6,Dry Van,0,slow,normal,2,2276,70,4950.3,1757.846809,6708.146809,68.2
"New York, NY","Denver, CO",62.8,8,3.35,4.99,High,9.8,Snow,Summer,4,8,0.6,Flatbed,1,slow,normal,2,1872,70,4090.32,1256.753507,5347.073507,62.8
"Atlanta, GA","Dallas, TX",45,9.7,4.78,4.03,High,8.9,Rain,Summer,3,8,5.6,Dry Van,1,normal,slow,1,828,60,1507.79,982.0942928,2489.884293,45
"New York, NY","Miami, FL",55.1,7.9,3.21,7.02,Low,5.3,Rain,Winter,3,8,9.8,Dry Van,0,slow,slow,1,1256,60,2360.02,574.3247863,2934.344786,55.1
"Chicago, IL","Houston, TX",53.2,5.6,4.45,7.32,High,4.8,Storm,Fall,3,8,9.2,Tanker,1,fast,slow,1,1083,60,1995.97,658.3811475,2654.351148,53.2
"Seattle, WA","Denver, CO",47,15.3,4.2,4.64,High,5.3,Clear,Summer,4,8,5.1,Dry Van,1,normal,slow,1,1172,60,2144.76,1060.862069,3205.622069,47
"Miami, FL","Phoenix, AZ",68.5,23.8,4.83,7.33,Medium,5.5,Fog,Spring,5,8,5,Refrigerated,1,slow,normal,2,2276,70,4950.3,1499.738063,6450.038063,68.5
"Houston, TX","Denver, CO",71.6,6.1,3.64,6.28,High,7.1,Storm,Winter,2,8,5.3,Tanker,1,slow,fast,3,1010,80,2709.83,585.4140127,3295.244013,71.6
"Chicago, IL","Atlanta, GA",47,27.7,3.53,5.12,High,6.5,Snow,Summer,2,8,5.1,Dry Van,1,fast,slow,1,677,60,1251.1,466.7597656,1717.859766,47
"Phoenix, AZ","New York, NY",67.5,22.8,3.3,5.82,Low,4.2,Storm,Spring,5,8,4.4,Dry Van,1,slow,normal,2,2461,70,5377.29,1395.412371,6772.702371,67.5
"Denver, CO","Dallas, TX",63.9,23.1,4.79,7.04,High,4.3,Fog,Spring,2,8,1.6,Tanker,0,normal,normal,2,762,70,1634.49,518.4630682,2152.953068,63.9
"Denver, CO","Chicago, IL",58.2,23,4.4,5.8,Medium,7.1,Rain,Spring,3,8,6.9,Flatbed,1,slow,slow,1,1056,60,1951.49,801.1034483,2752.593448,58.2
"Los Angeles, CA","New York, NY",64.8,19.6,3.4,4.2,Medium,4.7,Storm,Fall,6,8,7.6,Dry Van,0,fast,normal,2,2812,70,6186.4,2276.380952,8462.780952,64.8
"Denver, CO","Houston, TX",53.3,28.4,3.43,4.41,Medium,6.1,Clear,Summer,3,8,5.6,Tanker,0,normal,slow,1,1010,60,1839.21,785.5555556,2624.765556,53.3
"Denver, CO","Phoenix, AZ",41.4,5.9,4.66,6.37,Medium,6.1,Fog,Spring,3,8,7,Refrigerated,1,normal,slow,1,673,60,1228.23,492.3359498,1720.56595,41.4
"Houston, TX","Dallas, TX",70.6,13.4,4.24,5.14,Medium,9.5,Fog,Spring,1,8,9.5,Flatbed,1,fast,fast,3,259,80,693.08,213.6498054,906.7298054,70.6
"New York, NY","Denver, CO",62.8,23.6,3.05,7.84,Medium,6.1,Rain,Winter,4,8,8.5,Refrigerated,0,normal,normal,2,1872,70,4090.32,728.2653061,4818.585306,62.8
"New York, NY","Seattle, WA",43,7.9,4.43,4.3,High,9.5,Storm,Fall,9,8,3.4,Flatbed,1,slow,slow,1,2762,60,5140.08,2845.502326,7985.582326,43
"New York, NY","Atlanta, GA",57.7,14,4.57,7.9,High,7.5,Fog,Winter,2,8,9.6,Dry Van,0,slow,slow,1,858,60,1592.45,496.3367089,2088.786709,57.7
"New York, NY","Denver, CO",66.7,18,3.41,6.18,High,8.6,Rain,Spring,4,8,7.9,Tanker,1,fast,normal,2,1872,70,4090.32,1032.932039,5123.252039,66.7
"Atlanta, GA","Los Angeles, CA",61,13.3,3.02,4.8,High,4.7,Rain,Summer,5,8,2.6,Refrigerated,1,normal,normal,2,2223,70,4812.8,1398.6375,6211.4375,61
"Chicago, IL","Dallas, TX",73.6,14.5,3.02,5.14,High,4.7,Fog,Fall,2,8,5.9,Refrigerated,1,slow,fast,3,925,80,2514.15,543.4824903,3057.63249,73.6
"Atlanta, GA","Los Angeles, CA",52.6,26.6,3.85,7.66,High,7,Clear,Summer,6,8,9.1,Refrigerated,0,normal,slow,1,2223,60,4088.1,1117.304178,5205.404178,52.6
"Phoenix, AZ","Chicago, IL",49.4,20,3.4,4.3,High,4.1,Clear,Fall,5,8,7.2,Tanker,1,slow,slow,1,1670,60,3086.16,1320.465116,4406.625116,49.4
"Chicago, IL","Denver, CO",74.3,28.3,4.47,6.78,High,6,Storm,Winter,2,8,9.4,Flatbed,1,normal,fast,3,1056,80,2877.6,696.2123894,3573.812389,74.3
"Phoenix, AZ","Dallas, TX",73.8,8.7,4.64,5.1,Medium,6.1,Clear,Summer,2,8,5.9,Tanker,1,normal,fast,3,1017,80,2728.61,925.2705882,3653.880588,73.8
"Denver, CO","Chicago, IL",63,5.4,3.13,4.4,Low,6.5,Snow,Winter,3,8,8.9,Refrigerated,1,slow,normal,2,1056,70,2296.8,751.2,3048,63
"Denver, CO","Miami, FL",60.1,24.2,3.58,5.64,Low,7.1,Fog,Spring,5,8,0.3,Dry Van,0,slow,normal,2,1984,70,4315.2,1259.347518,5574.547518,60.1
"Miami, FL","Chicago, IL",61.9,6.8,3.38,5.35,High,4.5,Fog,Spring,3,8,9.1,Dry Van,1,normal,normal,2,1370,70,3014,865.5327103,3879.53271,61.9
"Houston, TX","Phoenix, AZ",62.9,14.6,4.35,6.35,Medium,5.3,Snow,Summer,3,8,4.9,Flatbed,0,normal,normal,2,1166,70,2501.07,798.7559055,3299.825906,62.9
"Los Angeles, CA","Seattle, WA",54.2,29.6,4.54,7.86,Low,7.1,Rain,Summer,3,8,7.6,Dry Van,1,normal,slow,1,1104,60,2034.67,637.6793893,2672.349389,54.2
"Houston, TX","Los Angeles, CA",73.7,13.1,4.6,4.84,High,7.3,Snow,Fall,3,8,9.3,Tanker,1,fast,fast,3,1577,80,4264.21,1498.801653,5763.011653,73.7
"Los Angeles, CA","New York, NY",62.1,19.8,3.24,5.3,High,7.4,Snow,Fall,6,8,8,Dry Van,0,slow,normal,2,2812,70,6186.4,1719.033962,7905.433962,62.1
"Dallas, TX","Atlanta, GA",47.5,9.7,3.91,6.99,Medium,5.7,Rain,Winter,3,8,5.4,Dry Van,1,fast,slow,1,828,60,1507.79,463.1587983,1970.948798,47.5
"Seattle, WA","New York, NY",53.7,15.5,4.94,6.78,Medium,8.3,Storm,Spring,7,8,4.3,Dry Van,0,normal,slow,1,2762,60,5140.08,2012.430678,7152.510678,53.7
"New York, NY","Seattle, WA",52.9,25.7,3.31,5.38,High,8.3,Snow,Fall,7,8,2.9,Tanker,0,normal,slow,1,2762,60,5140.08,1699.297398,6839.377398,52.9
"Seattle, WA","Phoenix, AZ",46.5,12.6,3.97,5.69,Medium,4.6,Fog,Winter,4,8,0.4,Flatbed,1,slow,slow,1,1282,60,2346.06,894.4710018,3240.531002,46.5
"Atlanta, GA","Houston, TX",42.5,16.7,3.35,4.56,Low,4.8,Rain,Summer,3,8,5.2,Flatbed,0,slow,slow,1,806,60,1467.73,592.127193,2059.857193,42.5
"Miami, FL","Phoenix, AZ",74.3,11.4,3.92,4.87,High,7,Clear,Spring,4,8,5.2,Refrigerated,1,normal,fast,3,2276,80,6202.1,1832.016427,8034.116427,74.3
"Dallas, TX","Denver, CO",48.7,24,3.24,5.48,Low,4.9,Snow,Winter,2,8,1.5,Dry Van,0,fast,slow,1,762,60,1387.6,450.5255474,1838.125547,48.7
"Dallas, TX","Phoenix, AZ",65.6,19,3.45,6.04,High,7.1,Rain,Spring,2,8,2.9,Dry Van,0,fast,normal,2,1017,70,2181.47,580.9023179,2762.372318,65.6
"Atlanta, GA","New York, NY",45.5,21,4.75,5.64,High,5,Fog,Spring,3,8,8.3,Flatbed,1,fast,slow,1,858,60,1592.45,722.606383,2315.056383,45.5
"Seattle, WA","Houston, TX",61.2,26.5,3.03,4.43,High,4.6,Rain,Winter,5,8,0.7,Refrigerated,1,slow,normal,2,2173,70,4671.95,1486.273138,6158.223138,61.2
"Dallas, TX","Atlanta, GA",56.5,12.8,4.74,4.68,Low,6.1,Storm,Fall,2,8,0.3,Tanker,0,slow,slow,1,828,60,1507.79,838.6153846,2346.405385,56.5
"Seattle, WA","Dallas, TX",68.6,28.3,4.75,5.28,High,7.5,Clear,Spring,4,8,2.6,Tanker,0,normal,normal,2,1932,70,4153.8,1738.068182,5891.868182,68.6
"Phoenix, AZ","Chicago, IL",51,26.9,3.69,6.25,Low,6.6,Clear,Spring,5,8,9.7,Tanker,1,normal,slow,1,1670,60,3086.16,985.968,4072.128,51
"New York, NY","Dallas, TX",62,15.5,3.12,5.96,Medium,8.9,Clear,Fall,4,8,0.7,Refrigerated,1,fast,normal,2,1576,70,3435.68,825.0201342,4260.700134,62
"Dallas, TX","Houston, TX",66.8,23.1,4.13,5.87,High,9.3,Snow,Fall,1,8,2.4,Refrigerated,1,normal,normal,2,259,70,554.26,182.2265758,736.4865758,66.8
"Seattle, WA","Phoenix, AZ",49,11.7,3.81,6.81,Medium,4.2,Snow,Summer,4,8,0.5,Refrigerated,1,fast,slow,1,1282,60,2346.06,717.2422907,3063.302291,49
"Houston, TX","Seattle, WA",71.3,18.1,3.27,6.26,Medium,7.8,Fog,Winter,4,8,4.1,Refrigerated,1,fast,fast,3,2173,80,5845.37,1135.097444,6980.467444,71.3
"Dallas, TX","Miami, FL",74.3,21.1,4.75,6.39,Medium,8.1,Fog,Spring,3,8,7,Refrigerated,0,fast,fast,3,1277,80,3470.89,949.256651,4420.146651,74.3
"Denver, CO","Houston, TX",60.1,19.9,3.63,5.4,Medium,8.6,Snow,Spring,3,8,8.4,Refrigerated,0,slow,normal,2,1010,70,2166.45,678.9444444,2845.394444,60.1
"Atlanta, GA","New York, NY",56.3,10.2,4.9,7.53,High,5.5,Snow,Summer,2,8,4.4,Tanker,0,normal,slow,1,858,60,1592.45,558.3266932,2150.776693,56.3
"Houston, TX","Atlanta, GA",46.1,17.8,3.85,7.56,High,6.6,Rain,Summer,3,8,8.2,Refrigerated,0,fast,slow,1,806,60,1467.73,410.462963,1878.192963,46.1
"Denver, CO","Los Angeles, CA",50.4,28.7,3.3,4.33,High,6.6,Rain,Summer,3,8,4.7,Tanker,1,slow,slow,1,954,60,1754.41,727.0669746,2481.476975,50.4
"Houston, TX","Atlanta, GA",65.5,10.2,4.9,4.24,Medium,9.4,Snow,Summer,2,8,4.2,Refrigerated,1,normal,normal,2,806,70,1728.87,931.4622642,2660.332264,65.5
"Miami, FL","New York, NY",52.5,9.8,3.41,4.75,Medium,6.9,Fog,Summer,3,8,5.7,Tanker,1,fast,slow,1,1256,60,2360.02,901.6757895,3261.695789,52.5
"Denver, CO","Dallas, TX",62.3,22.2,4.34,5.8,Low,8.1,Fog,Summer,2,8,7.8,Refrigerated,1,normal,normal,2,762,70,1634.49,570.1862069,2204.676207,62.3
"Houston, TX","Dallas, TX",66.9,5.3,3.43,4.26,Low,8.7,Rain,Summer,1,8,8.1,Dry Van,1,fast,normal,2,259,70,554.26,208.5375587,762.7975587,66.9
"Dallas, TX","Miami, FL",57.5,22.6,3.31,6.6,Medium,4.5,Snow,Spring,3,8,5,Refrigerated,1,normal,slow,1,1277,60,2353.51,640.4348485,2993.944848,57.5
"Houston, TX","Chicago, IL",68.2,20.9,4.77,6.71,Low,8.9,Rain,Summer,2,8,5.3,Tanker,1,slow,normal,2,1083,70,2350.11,769.8822653,3119.992265,68.2
"Dallas, TX","Denver, CO",40.7,22.3,4.87,6.86,High,4.2,Fog,Spring,3,8,9.6,Dry Van,1,fast,slow,1,762,60,1387.6,540.9533528,1928.553353,40.7
"Dallas, TX","Chicago, IL",69.4,26.6,3.25,7.38,High,5.9,Snow,Summer,2,8,5.4,Dry Van,1,slow,normal,2,925,70,2007.25,407.3509485,2414.600949,69.4
"Houston, TX","Chicago, IL",65.9,16,4.78,7.24,Low,8.7,Clear,Summer,3,8,0.4,Tanker,0,normal,normal,2,1083,70,2350.11,715.019337,3065.129337,65.9
"Los Angeles, CA","Houston, TX",71.4,9.8,4.97,7.23,Low,8.3,Storm,Winter,3,8,5.9,Tanker,0,fast,fast,3,1577,80,4264.21,1084.051176,5348.261176,71.4
"Miami, FL","Seattle, WA",54.8,26.1,4.39,7.09,Medium,8.8,Storm,Summer,8,8,8,Flatbed,0,fast,slow,1,3141,60,5817.13,1944.850494,7761.980494,54.8
"Chicago, IL","Miami, FL",60.4,16.1,3.04,4.16,Medium,9,Rain,Spring,3,8,5.2,Dry Van,1,normal,normal,2,1370,70,3014,1001.153846,4015.153846,60.4
"Atlanta, GA","Phoenix, AZ",46.1,11.4,4.51,7.1,Medium,6.4,Rain,Summer,5,8,0.1,Dry Van,0,normal,slow,1,1827,60,3334.28,1160.530986,4494.810986,46.1
"Los Angeles, CA","Chicago, IL",68.7,13.4,3.19,7.14,Medium,6.7,Fog,Fall,4,8,1.9,Tanker,0,fast,normal,2,2004,70,4388.76,895.3445378,5284.104538,68.7
"Seattle, WA","Dallas, TX",59.3,10.2,3.68,6.39,Medium,9.5,Clear,Fall,5,8,2.9,Flatbed,1,fast,slow,1,1932,60,3525.9,1112.638498,4638.538498,59.3
"Seattle, WA","Phoenix, AZ",67.1,25.2,4.14,4.04,High,8.6,Snow,Winter,3,8,9.3,Flatbed,0,normal,normal,2,1282,70,2762.71,1313.732673,4076.442673,67.1
"Seattle, WA","Chicago, IL",67.1,6.3,3.08,5.72,Low,4.4,Storm,Winter,4,8,5.3,Tanker,0,fast,normal,2,1993,70,4344.74,1073.153846,5417.893846,67.1
"Chicago, IL","Denver, CO",41.4,20.3,4.61,5.75,Medium,7.3,Fog,Spring,4,8,6.1,Dry Van,0,normal,slow,1,1056,60,1951.49,846.6365217,2798.126522,41.4
"Los Angeles, CA","Miami, FL",42,18.6,3.17,7.31,High,7.8,Fog,Winter,8,8,1.3,Tanker,1,normal,slow,1,2686,60,4998.65,1164.790698,6163.440698,42
"Dallas, TX","Denver, CO",57.3,20.8,3.37,4.04,Low,6.1,Rain,Summer,2,8,1.8,Tanker,0,slow,slow,1,762,60,1387.6,635.6287129,2023.228713,57.3
"Houston, TX","Atlanta, GA",51.8,16.4,3.69,6.51,High,4.3,Snow,Fall,2,8,3.6,Refrigerated,1,fast,slow,1,806,60,1467.73,456.8571429,1924.587143,51.8
"New York, NY","Los Angeles, CA",68.1,27.2,3.5,7.35,Low,6.8,Rain,Summer,6,8,9.9,Refrigerated,0,slow,normal,2,2812,70,6186.4,1339.047619,7525.447619,68.1
"Dallas, TX","Seattle, WA",74.8,9.2,3.29,6.01,Low,7.8,Rain,Summer,4,8,3.7,Flatbed,1,fast,fast,3,1932,80,5197.08,1057.617304,6254.697304,74.8
"Miami, FL","Atlanta, GA",46.8,7.9,4.48,7.08,Low,9.8,Rain,Summer,2,8,2.4,Refrigerated,1,fast,slow,1,697,60,1288.06,441.039548,1729.099548,46.8
"Houston, TX","Atlanta, GA",74.5,13.5,3.62,7.62,Medium,7.5,Clear,Spring,2,8,8.9,Tanker,0,slow,fast,3,806,80,2162.5,382.9028871,2545.402887,74.5
"Denver, CO","Dallas, TX",43,26.6,3.78,6.1,High,9.5,Rain,Fall,3,8,4.2,Flatbed,1,normal,slow,1,762,60,1387.6,472.1901639,1859.790164,43
"Phoenix, AZ","Denver, CO",59.6,14.5,3.1,6.69,Low,9.9,Fog,Winter,2,8,7.2,Flatbed,0,slow,slow,1,673,60,1228.23,311.8535127,1540.083513,59.6
"Seattle, WA","New York, NY",48.4,9.7,3.71,4.94,Low,5.5,Rain,Winter,8,8,3.9,Tanker,1,slow,slow,1,2762,60,5140.08,2074.295547,7214.375547,48.4
"Miami, FL","Denver, CO",55.6,13.7,3.9,6.99,Low,9.4,Clear,Summer,5,8,2.8,Tanker,1,slow,slow,1,1984,60,3666.43,1106.95279,4773.38279,55.6
"Seattle, WA","Chicago, IL",71.7,29,3.05,7.96,Low,5.9,Clear,Fall,4,8,1.8,Tanker,1,normal,fast,3,1993,80,5444.88,763.6494975,6208.529497,71.7
"Chicago, IL","Miami, FL",53.2,26.5,3.44,4.62,Medium,9.5,Clear,Fall,4,8,7.9,Dry Van,0,normal,slow,1,1370,60,2561.9,1020.08658,3581.98658,53.2
"Chicago, IL","Denver, CO",70.7,10.2,3.99,5.39,Low,6.4,Snow,Summer,2,8,4.5,Flatbed,0,normal,fast,3,1056,80,2877.6,781.7142857,3659.314286,70.7
"Atlanta, GA","Los Angeles, CA",74.4,6.5,3.98,7.1,Low,4.9,Rain,Spring,4,8,2.4,Refrigerated,1,fast,fast,3,2223,80,6026.55,1246.132394,7272.682394,74.4
"Dallas, TX","New York, NY",51.4,13.2,4.2,4.73,Low,5.7,Snow,Summer,4,8,3.5,Tanker,0,fast,slow,1,1576,60,2918.75,1399.408034,4318.158034,51.4
"Denver, CO","Los Angeles, CA",61,19.2,4.31,5.23,High,4.8,Rain,Spring,2,8,9.8,Dry Van,0,slow,normal,2,954,70,2065.41,786.1835564,2851.593556,61
"Los Angeles, CA","Dallas, TX",55.5,18.8,3.23,5.61,Low,6.8,Snow,Fall,4,8,7.6,Dry Van,1,normal,slow,1,1423,60,2609.78,819.3030303,3429.08303,55.5
"New York, NY","Miami, FL",52.2,9.7,3.7,6.72,Low,5.6,Snow,Winter,4,8,3.9,Tanker,0,slow,slow,1,1256,60,2360.02,691.547619,3051.567619,52.2
"Los Angeles, CA","Denver, CO",70.9,22.5,3.68,5.73,High,4.9,Fog,Spring,2,8,1.3,Refrigerated,0,slow,fast,3,954,80,2586.29,612.6910995,3198.981099,70.9
"Dallas, TX","Miami, FL",47.1,7.8,4.28,7.96,Low,9.3,Fog,Winter,4,8,4.2,Flatbed,1,slow,slow,1,1277,60,2353.51,686.6281407,3040.138141,47.1
"Phoenix, AZ","Denver, CO",44.7,26.2,4.19,7.73,Medium,9.3,Rain,Winter,2,8,8.4,Dry Van,1,fast,slow,1,673,60,1228.23,364.7956016,1593.025602,44.7
"Phoenix, AZ","Houston, TX",74.6,14.9,4.98,4.62,Medium,5.5,Storm,Summer,2,8,2.9,Flatbed,1,slow,fast,3,1166,80,3128.38,1256.857143,4385.237143,74.6
"Phoenix, AZ","Atlanta, GA",57.9,9.5,4.93,6.32,Low,7.1,Storm,Spring,4,8,7,Refrigerated,0,slow,slow,1,1827,60,3334.28,1425.175633,4759.455633,57.9
"Chicago, IL","New York, NY",71,11.3,3.76,7.11,Medium,7,Snow,Winter,2,8,6.8,Refrigerated,0,fast,fast,3,818,80,2269.13,432.5850914,2701.715091,71
"Houston, TX","Los Angeles, CA",55.5,13.1,3.11,7.33,High,4.3,Snow,Summer,4,8,3.1,Tanker,1,fast,slow,1,1577,60,2892.22,669.095498,3561.315498,55.5
"Los Angeles, CA","Miami, FL",63.3,19.4,3.63,6.05,Medium,5.5,Rain,Winter,6,8,3.1,Tanker,0,normal,normal,2,2686,70,5882.34,1611.6,7493.94,63.3
"Atlanta, GA","Los Angeles, CA",66.3,5.4,3.54,5.5,Low,9.3,Clear,Spring,5,8,7.2,Refrigerated,1,slow,normal,2,2223,70,4812.8,1430.803636,6243.603636,66.3
"Miami, FL","Dallas, TX",62.4,15.4,3.6,7.8,Medium,4.7,Fog,Summer,3,8,4.8,Refrigerated,1,fast,normal,2,1277,70,2771.09,589.3846154,3360.474615,62.4
"Phoenix, AZ","Atlanta, GA",63.7,22.1,3.43,7.94,High,9.1,Snow,Fall,4,8,3.3,Flatbed,1,normal,normal,2,1827,70,3928.05,789.2455919,4717.295592,63.7
"Seattle, WA","Miami, FL",44.8,18.5,3.29,6.21,Low,7.9,Snow,Summer,9,8,8.8,Tanker,1,normal,slow,1,3141,60,5817.13,1664.072464,7481.202464,44.8
"Chicago, IL","Miami, FL",61.9,7,4.76,4.21,Medium,7.3,Clear,Summer,3,8,1.2,Tanker,0,fast,normal,2,1370,70,3014,1548.978622,4562.978622,61.9
"Seattle, WA","Los Angeles, CA",41.5,22.1,3.61,6.24,Low,9.6,Fog,Winter,4,8,0.5,Flatbed,1,slow,slow,1,1104,60,2034.67,638.6923077,2673.362308,41.5
"Los Angeles, CA","Miami, FL",67.5,28.9,3.32,5.57,Medium,9.1,Fog,Winter,5,8,2.7,Refrigerated,1,normal,normal,2,2686,70,5882.34,1600.991023,7483.331023,67.5
"Seattle, WA","Atlanta, GA",44.3,28,3.35,6.29,High,7.5,Rain,Winter,8,8,3.5,Refrigerated,1,slow,slow,1,2505,60,4584.15,1334.141494,5918.291494,44.3
"Seattle, WA","Los Angeles, CA",53.6,11.4,3.8,7.23,High,9.8,Storm,Winter,3,8,6.2,Dry Van,0,fast,slow,1,1104,60,2034.67,580.2489627,2614.918963,53.6
"Seattle, WA","Los Angeles, CA",55.3,6.7,4.91,7.17,Low,6.4,Clear,Spring,3,8,6.1,Refrigerated,0,normal,slow,1,1104,60,2034.67,756.0167364,2790.686736,55.3
"Seattle, WA","Denver, CO",64.5,8.8,3.22,6.14,Medium,7.3,Clear,Fall,3,8,9.6,Dry Van,1,slow,normal,2,1172,70,2525.66,614.6319218,3140.291922,64.5
"Seattle, WA","Denver, CO",45.3,12.8,4.6,6.09,Medium,5.1,Snow,Spring,4,8,4.3,Dry Van,0,normal,slow,1,1172,60,2144.76,885.2545156,3030.014516,45.3
"Chicago, IL","Houston, TX",63,28.1,3.5,7.42,High,9.5,Snow,Spring,3,8,1.1,Flatbed,0,fast,normal,2,1083,70,2350.11,510.8490566,2860.959057,63
"Denver, CO","Los Angeles, CA",48.5,10,4.05,6.15,Medium,6.6,Rain,Spring,3,8,5.2,Tanker,0,slow,slow,1,954,60,1754.41,628.2439024,2382.653902,48.5
"Denver, CO","New York, NY",65.3,5.6,4.14,7.54,Low,4.1,Rain,Summer,4,8,9.3,Flatbed,0,fast,normal,2,1872,70,4090.32,1027.862069,5118.182069,65.3
"Houston, TX","Los Angeles, CA",56.1,29.5,3.4,4.26,Low,9.2,Storm,Spring,4,8,4.1,Refrigerated,1,normal,slow,1,1577,60,2892.22,1258.638498,4150.858498,56.1
"Los Angeles, CA","Houston, TX",74.2,25.7,4.32,6.94,Low,9.6,Clear,Summer,3,8,9.6,Flatbed,1,normal,fast,3,1577,80,4264.21,981.648415,5245.858415,74.2
"Atlanta, GA","Phoenix, AZ",60.3,16.1,4.55,6.96,Low,7.2,Storm,Fall,4,8,4.6,Refrigerated,0,normal,normal,2,1827,70,3928.05,1194.375,5122.425,60.3
"Miami, FL","Houston, TX",62,21.8,3.42,7.35,Medium,5.7,Snow,Winter,3,8,4.1,Tanker,1,slow,normal,2,1112,70,2413.04,517.4204082,2930.460408,62
"New York, NY","Los Angeles, CA",73.8,25.2,4.88,4.56,High,4.4,Fog,Summer,5,8,6.2,Refrigerated,0,fast,fast,3,2812,80,7761.12,3009.333333,10770.45333,73.8
"Chicago, IL","Miami, FL",52,21.9,3.2,4.51,High,4.4,Fog,Fall,4,8,4.4,Tanker,0,slow,slow,1,1370,60,2561.9,972.0620843,3533.962084,52
"Chicago, IL","Houston, TX",52.7,5.4,4.04,5.34,High,4,Snow,Summer,3,8,8.2,Dry Van,1,fast,slow,1,1083,60,1995.97,819.3483146,2815.318315,52.7
"Houston, TX","Miami, FL",56.9,17.1,4.78,5.19,Low,9.6,Clear,Fall,3,8,6.7,Refrigerated,1,slow,slow,1,1112,60,2049.42,1024.154143,3073.574143,56.9
"Atlanta, GA","Denver, CO",54.4,22.7,4.03,7.72,Medium,8.4,Clear,Fall,4,8,8.9,Tanker,1,fast,slow,1,1392,60,2540.4,726.6528497,3267.05285,54.4
"Dallas, TX","Chicago, IL",62.7,11.2,3.79,6.73,High,9.4,Clear,Winter,2,8,5.9,Flatbed,0,fast,normal,2,925,70,2007.25,520.9138187,2528.163819,62.7
"Miami, FL","Denver, CO",69.2,23.2,4.5,4.78,High,6.8,Clear,Summer,4,8,5,Tanker,1,normal,normal,2,1984,70,4315.2,1867.782427,6182.982427,69.2
"New York, NY","Seattle, WA",60.6,26.1,3.57,6.3,Medium,4.7,Fog,Winter,6,8,0.4,Refrigerated,0,slow,normal,2,2762,70,6048.78,1565.133333,7613.913333,60.6
"Dallas, TX","Miami, FL",54.5,8.1,3.84,4.78,Medium,6.5,Fog,Winter,3,8,7.4,Tanker,1,slow,slow,1,1277,60,2353.51,1025.874477,3379.384477,54.5
"Miami, FL","New York, NY",61.2,5.6,4.86,6.74,Low,4.2,Snow,Fall,3,8,2,Flatbed,1,normal,normal,2,1256,70,2775.76,905.6617211,3681.421721,61.2
"Phoenix, AZ","Houston, TX",56.3,15.5,4.78,5.75,Low,4.5,Storm,Summer,3,8,9.2,Tanker,1,slow,slow,1,1166,60,2123.29,969.3008696,3092.59087,56.3
"Los Angeles, CA","Phoenix, AZ",56.4,7.3,4.58,4.3,Medium,4.4,Snow,Spring,1,8,5.9,Dry Van,1,slow,slow,1,410,60,753.99,436.6976744,1190.687674,56.4
"Chicago, IL","New York, NY",53.8,6.7,3.7,4.76,Medium,7.9,Snow,Fall,2,8,4.5,Refrigerated,1,fast,slow,1,818,60,1537.02,635.8403361,2172.860336,53.8
"Atlanta, GA","Houston, TX",41.1,6.7,3.52,6.18,Medium,8.4,Snow,Summer,3,8,7.8,Tanker,1,fast,slow,1,806,60,1467.73,459.0809061,1926.810906,41.1
"Los Angeles, CA","New York, NY",63.4,13.1,4.02,6.7,Low,7.5,Clear,Spring,6,8,0.7,Dry Van,1,normal,normal,2,2812,70,6186.4,1687.2,7873.6,63.4
"Seattle, WA","New York, NY",60,5.5,3.5,4.92,Medium,5.5,Storm,Winter,6,8,5,Refrigerated,0,slow,slow,1,2762,60,5140.08,1964.837398,7104.917398,60
"Chicago, IL","Denver, CO",51.8,6.8,4.89,7.09,Low,9,Snow,Summer,3,8,7.6,Tanker,0,normal,slow,1,1056,60,1951.49,728.3272214,2679.817221,51.8
"Denver, CO","Chicago, IL",47,8.1,3.69,4.55,Medium,10,Storm,Winter,3,8,4.4,Dry Van,0,fast,slow,1,1056,60,1951.49,856.4043956,2807.894396,47
"Phoenix, AZ","Dallas, TX",50.5,19.3,3.3,7.14,High,6,Rain,Summer,3,8,7.2,Flatbed,1,slow,slow,1,1017,60,1851.96,470.0420168,2322.002017,50.5
"Atlanta, GA","New York, NY",69.3,20.2,3.78,6.01,Low,8.6,Fog,Spring,2,8,6.1,Refrigerated,0,slow,normal,2,858,70,1874.73,539.640599,2414.370599,69.3
"Houston, TX","Atlanta, GA",57.6,26.6,4.34,7.37,High,5.5,Fog,Fall,2,8,7.6,Tanker,0,slow,slow,1,806,60,1467.73,474.6322931,1942.362293,57.6
"Denver, CO","Los Angeles, CA",52.1,27.2,4.28,7.41,High,6.2,Fog,Fall,3,8,3.3,Dry Van,1,fast,slow,1,954,60,1754.41,551.0283401,2305.43834,52.1
"Houston, TX","Denver, CO",58.7,17.8,4.09,7.37,Medium,5,Rain,Summer,3,8,6.7,Dry Van,0,normal,slow,1,1010,60,1839.21,560.5020353,2399.712035,58.7
"Los Angeles, CA","Miami, FL",72.9,19.5,3.47,5.59,Low,8.5,Storm,Spring,5,8,0.4,Flatbed,1,fast,fast,3,2686,80,7375.76,1667.338104,9043.098104,72.9
"Seattle, WA","Miami, FL",53.9,8.8,4.73,4.79,High,9.5,Rain,Summer,8,8,5.5,Refrigerated,1,slow,slow,1,3141,60,5817.13,3101.655532,8918.785532,53.9
"Houston, TX","Dallas, TX",63.5,28.9,4.54,6.42,High,9.9,Fog,Fall,1,8,0.6,Tanker,0,normal,normal,2,259,70,554.26,183.1557632,737.4157632,63.5
"Los Angeles, CA","Dallas, TX",64.9,25.8,4.27,7.62,Medium,8.2,Storm,Winter,3,8,1.8,Dry Van,1,fast,normal,2,1423,70,3073.68,797.4028871,3871.082887,64.9
"Los Angeles, CA","Chicago, IL",43.6,18.6,3.63,5.09,Medium,7.9,Clear,Summer,6,8,4.1,Dry Van,0,fast,slow,1,2004,60,3729.44,1429.178782,5158.618782,43.6
"New York, NY","Phoenix, AZ",65.5,22.1,4.81,4.92,High,4.5,Rain,Fall,5,8,8.8,Refrigerated,1,normal,normal,2,2461,70,5377.29,2405.977642,7783.267642,65.5
"Houston, TX","Seattle, WA",50.6,22.3,3.02,4.75,High,8.1,Snow,Summer,6,8,4.7,Refrigerated,1,fast,slow,1,2173,60,3965.72,1381.570526,5347.290526,50.6
"Los Angeles, CA","Seattle, WA",66.8,16.3,4.26,6.16,High,4.3,Snow,Winter,3,8,1.7,Flatbed,1,fast,normal,2,1104,70,2395.68,763.4805195,3159.160519,66.8
"New York, NY","Chicago, IL",55.8,26.6,3.3,4.05,High,4.7,Clear,Fall,2,8,5.8,Refrigerated,0,slow,slow,1,818,60,1537.02,666.5185185,2203.538519,55.8
"Atlanta, GA","Los Angeles, CA",68.1,23.8,4.39,5.95,Low,6.2,Fog,Winter,5,8,5,Dry Van,0,slow,normal,2,2223,70,4812.8,1640.163025,6452.963025,68.1
"Chicago, IL","Denver, CO",63.9,13.8,3.45,5.11,High,5.1,Fog,Fall,3,8,1.7,Tanker,1,fast,normal,2,1056,70,2296.8,712.9549902,3009.75499,63.9
"Los Angeles, CA","Miami, FL",60,26.7,3.95,7.71,Low,5.3,Snow,Summer,6,8,1.3,Refrigerated,1,slow,slow,1,2686,60,4998.65,1376.095979,6374.745979,60
"Houston, TX","Phoenix, AZ",59.9,20.1,3.73,4.31,Low,7.9,Snow,Fall,3,8,1.4,Refrigerated,0,slow,slow,1,1166,60,2123.29,1009.090487,3132.380487,59.9
"Miami, FL","Chicago, IL",73.4,26.4,4.69,4.39,Medium,10,Clear,Summer,3,8,5.6,Flatbed,0,normal,fast,3,1370,80,3781.2,1463.621868,5244.821868,73.4
"Seattle, WA","Dallas, TX",70.9,6.7,3.84,6.33,Medium,4.9,Clear,Spring,4,8,7.4,Flatbed,0,fast,fast,3,1932,80,5197.08,1172.018957,6369.098957,70.9
"Dallas, TX","Miami, FL",40.3,10.4,4.65,6.68,Medium,9.4,Clear,Summer,4,8,6,Flatbed,0,normal,slow,1,1277,60,2353.51,888.9296407,3242.439641,40.3
"Atlanta, GA","Phoenix, AZ",41.2,17.8,4.22,4.77,High,5.6,Rain,Summer,6,8,4.7,Flatbed,0,slow,slow,1,1827,60,3334.28,1616.339623,4950.619623,41.2
"New York, NY","Miami, FL",52,11.7,4.97,7.64,Low,4.2,Fog,Spring,4,8,6.6,Refrigerated,1,fast,slow,1,1256,60,2360.02,817.0575916,3177.077592,52
"Dallas, TX","New York, NY",51.1,28.3,4.58,4.46,Low,4.7,Snow,Summer,4,8,7,Flatbed,1,fast,slow,1,1576,60,2918.75,1618.403587,4537.153587,51.1
"Los Angeles, CA","Seattle, WA",64.9,24,4.88,4.45,Low,8.2,Fog,Spring,3,8,2.1,Refrigerated,1,slow,normal,2,1104,70,2395.68,1210.678652,3606.358652,64.9
"Phoenix, AZ","Seattle, WA",63.8,11.2,4.2,5.03,Medium,6,Clear,Winter,3,8,4.5,Dry Van,0,normal,normal,2,1282,70,2762.71,1070.457256,3833.167256,63.8
"Miami, FL","Los Angeles, CA",50.5,9,3.09,4.78,Medium,7.5,Rain,Fall,7,8,1.7,Flatbed,1,slow,slow,1,2686,60,4998.65,1736.34728,6734.99728,50.5
"Dallas, TX","Phoenix, AZ",66.2,12.6,4.9,6.86,High,6,Storm,Winter,2,8,5.6,Flatbed,1,fast,normal,2,1017,70,2181.47,726.4285714,2907.898571,66.2
"Seattle, WA","New York, NY",45.8,12,4.04,5.11,Medium,5.3,Storm,Spring,8,8,5.1,Dry Van,1,fast,slow,1,2762,60,5140.08,2183.655577,7323.735577,45.8
"Los Angeles, CA","Phoenix, AZ",59.3,29.5,3.15,5.14,Medium,5.5,Fog,Fall,1,8,8.9,Tanker,1,slow,slow,1,410,60,753.99,251.2645914,1005.254591,59.3
"Chicago, IL","Phoenix, AZ",52.3,20.2,3.18,4.04,Medium,4.1,Clear,Summer,4,8,6.2,Tanker,1,slow,slow,1,1670,60,3086.16,1314.50495,4400.66495,52.3
"Houston, TX","Phoenix, AZ",46.2,18.7,3.24,7.74,High,5.8,Clear,Winter,4,8,2.8,Refrigerated,0,normal,slow,1,1166,60,2123.29,488.0930233,2611.383023,46.2
"Houston, TX","Seattle, WA",47.3,12.3,3.38,5.06,High,9,Snow,Winter,6,8,9.7,Flatbed,0,slow,slow,1,2173,60,3965.72,1451.529644,5417.249644,47.3
"Houston, TX","Denver, CO",73.9,9.9,4.81,4.06,Medium,7.3,Storm,Winter,2,8,5.3,Tanker,0,slow,fast,3,1010,80,2709.83,1196.576355,3906.406355,73.9
"Seattle, WA","Miami, FL",53.6,30,4.95,7.85,High,9.9,Clear,Spring,8,8,9.9,Flatbed,1,fast,slow,1,3141,60,5817.13,1980.630573,7797.760573,53.6
"Los Angeles, CA","Atlanta, GA",54.6,24.6,4.82,6.85,Medium,6.5,Clear,Spring,6,8,8.1,Tanker,0,fast,slow,1,2223,60,4088.1,1564.213139,5652.313139,54.6
"New York, NY","Dallas, TX",52.7,8.8,3.65,6.33,Medium,5.9,Rain,Winter,4,8,9.2,Dry Van,0,slow,slow,1,1576,60,2918.75,908.7519747,3827.501975,52.7
"Atlanta, GA","Miami, FL",46.3,25,4.28,6.68,Medium,9,Rain,Summer,2,8,4.7,Tanker,0,slow,slow,1,697,60,1288.06,446.5808383,1734.640838,46.3
"Los Angeles, CA","New York, NY",50.4,9.6,4.23,4.94,Low,4.5,Storm,Summer,7,8,9.5,Tanker,1,fast,slow,1,2812,60,5258.44,2407.846154,7666.286154,50.4
"Atlanta, GA","Houston, TX",48.2,24.5,4.25,4.62,High,6.1,Clear,Fall,3,8,3,Tanker,1,normal,slow,1,806,60,1467.73,741.4502165,2209.180216,48.2
"Houston, TX","Atlanta, GA",53.1,14.9,4.08,4.35,Medium,8.4,Storm,Winter,2,8,4.8,Tanker,0,normal,slow,1,806,60,1467.73,755.9724138,2223.702414,53.1
"Phoenix, AZ","Los Angeles, CA",52.1,21.2,3.79,7.58,High,9.1,Rain,Winter,1,8,9,Flatbed,0,fast,slow,1,410,60,753.99,205,958.99,52.1
"Los Angeles, CA","Phoenix, AZ",61.9,14.8,4.98,5.92,Low,5.4,Storm,Summer,1,8,6.5,Refrigerated,1,slow,normal,2,410,70,887.65,344.8986486,1232.548649,61.9
"Denver, CO","Houston, TX",61.1,28.3,4.7,4.27,Medium,10,Snow,Summer,3,8,5.4,Flatbed,0,fast,normal,2,1010,70,2166.45,1111.709602,3278.159602,61.1
"Denver, CO","Atlanta, GA",50.1,23.5,3.06,5.52,High,6.4,Fog,Spring,4,8,7.5,Refrigerated,0,slow,slow,1,1392,60,2540.4,771.6521739,3312.052174,50.1
"Phoenix, AZ","New York, NY",71.2,10.7,4.11,6.58,Low,5,Rain,Winter,5,8,4.9,Tanker,0,slow,fast,3,2461,80,6740.68,1537.18997,8277.86997,71.2
"Chicago, IL","New York, NY",72.8,19.7,4.4,6.1,Medium,9,Storm,Summer,2,8,2.7,Tanker,0,slow,fast,3,818,80,2269.13,590.0327869,2859.162787,72.8
"Phoenix, AZ","Dallas, TX",42.7,22.6,3.79,5.09,High,4,Rain,Spring,3,8,0.2,Dry Van,0,fast,slow,1,1017,60,1851.96,757.2554028,2609.215403,42.7
"New York, NY","Dallas, TX",74.1,20.7,3.9,4.32,Medium,8,Snow,Spring,3,8,9.8,Dry Van,1,slow,fast,3,1576,80,4305.63,1422.777778,5728.407778,74.1
"Atlanta, GA","Dallas, TX",47.5,20.6,4.03,6.13,Medium,6.9,Rain,Summer,3,8,5.7,Flatbed,0,normal,slow,1,828,60,1507.79,544.3458401,2052.13584,47.5
"Los Angeles, CA","Atlanta, GA",68.9,11.6,4.45,4.86,High,8.7,Fog,Winter,5,8,4.7,Tanker,0,normal,normal,2,2223,70,4812.8,2035.462963,6848.262963,68.9
"Atlanta, GA","Seattle, WA",49.8,25.9,4.29,5.59,High,6.5,Rain,Spring,7,8,2.2,Dry Van,0,normal,slow,1,2505,60,4584.15,1922.44186,6506.59186,49.8
"Chicago, IL","New York, NY",64.8,28.1,4.43,6.34,High,9.4,Storm,Winter,2,8,7.2,Refrigerated,1,normal,normal,2,818,70,1807.78,571.5678233,2379.347823,64.8
"Miami, FL","Dallas, TX",53.1,20.8,4.04,5.28,Low,4.9,Rain,Winter,4,8,2.9,Tanker,0,slow,slow,1,1277,60,2353.51,977.0984848,3330.608485,53.1
"New York, NY","Dallas, TX",54,24.6,3.98,4.87,High,4.7,Clear,Spring,4,8,7.9,Flatbed,0,normal,slow,1,1576,60,2918.75,1287.983573,4206.733573,54
"Dallas, TX","Phoenix, AZ",48.1,15.9,4.71,4.71,High,7.2,Fog,Summer,3,8,1.2,Tanker,1,fast,slow,1,1017,60,1851.96,1017,2868.96,48.1
"Atlanta, GA","Phoenix, AZ",59.5,5.5,3.21,5.39,Medium,4.3,Snow,Fall,4,8,1.3,Tanker,0,fast,slow,1,1827,60,3334.28,1088.064935,4422.344935,59.5
"Phoenix, AZ","Seattle, WA",67.7,20.7,3.89,4.37,Low,7.7,Rain,Summer,3,8,8.6,Refrigerated,1,normal,normal,2,1282,70,2762.71,1141.185355,3903.895355,67.7
"Houston, TX","Los Angeles, CA",61.5,29.5,4.19,6.9,High,6.7,Clear,Fall,4,8,8,Dry Van,0,normal,normal,2,1577,70,3406.32,957.6275362,4363.947536,61.5
"Dallas, TX","Phoenix, AZ",64.5,5.6,4.72,4.63,High,7.1,Storm,Spring,2,8,4.6,Tanker,0,normal,normal,2,1017,70,2181.47,1036.768898,3218.238898,64.5
"Miami, FL","Atlanta, GA",56.4,12.8,3.88,5.44,Medium,7.4,Fog,Fall,2,8,5.7,Tanker,1,normal,slow,1,697,60,1288.06,497.125,1785.185,56.4
"Denver, CO","Phoenix, AZ",71.3,10.8,3.38,4.91,Medium,9.5,Snow,Fall,2,8,7.7,Refrigerated,0,normal,fast,3,673,80,1810.37,463.287169,2273.657169,71.3
"Atlanta, GA","New York, NY",71.8,24.7,4.5,7.88,Low,6.2,Storm,Spring,2,8,9.1,Dry Van,1,fast,fast,3,858,80,2350.06,489.9746193,2840.034619,71.8
"Seattle, WA","Denver, CO",59.7,6.9,4.31,6.11,High,5.1,Snow,Spring,3,8,3.4,Tanker,0,normal,slow,1,1172,60,2144.76,826.7299509,2971.489951,59.7
"Phoenix, AZ","Chicago, IL",63.5,17.2,3.18,5.55,High,4.6,Fog,Summer,4,8,0.1,Tanker,0,fast,normal,2,1670,70,3632.25,956.8648649,4589.114865,63.5
"Atlanta, GA","New York, NY",51.6,18.5,4.84,6.16,High,8.2,Rain,Fall,3,8,4.1,Tanker,0,normal,slow,1,858,60,1592.45,674.1428571,2266.592857,51.6
"Phoenix, AZ","Dallas, TX",68.3,15.2,3.05,4.23,Low,9.1,Fog,Spring,2,8,6.9,Dry Van,0,fast,normal,2,1017,70,2181.47,733.2978723,2914.767872,68.3
"Denver, CO","Atlanta, GA",72.9,21.6,4.69,7.06,Medium,6.3,Snow,Fall,3,8,2.9,Refrigerated,0,slow,fast,3,1392,80,3744.48,924.713881,4669.193881,72.9
"Phoenix, AZ","Miami, FL",71.3,23.1,3.93,4.35,High,4.3,Storm,Winter,4,8,4.6,Flatbed,0,fast,fast,3,2276,80,6202.1,2056.248276,8258.348276,71.3
"Chicago, IL","Dallas, TX",40.2,29.7,3.73,7.39,Low,7.2,Snow,Winter,3,8,8,Dry Van,1,slow,slow,1,925,60,1704.77,466.8809202,2171.65092,40.2
"Atlanta, GA","Los Angeles, CA",58.5,17.9,3.17,6.62,Medium,9.5,Clear,Summer,5,8,2.6,Dry Van,1,slow,slow,1,2223,60,4088.1,1064.487915,5152.587915,58.5
"Phoenix, AZ","Miami, FL",50,21.3,4.07,6.39,Low,6.5,Snow,Summer,6,8,6.7,Flatbed,0,fast,slow,1,2276,60,4206.05,1449.658842,5655.708842,50
"Los Angeles, CA","New York, NY",73.1,22.6,4.51,4.97,Low,5,Storm,Fall,5,8,7.7,Refrigerated,1,normal,fast,3,2812,80,7761.12,2551.734406,10312.85441,73.1
"Houston, TX","Atlanta, GA",55,24.4,3.94,5.18,High,8.4,Rain,Fall,2,8,2,Flatbed,0,slow,slow,1,806,60,1467.73,613.0579151,2080.787915,55
"Los Angeles, CA","Denver, CO",57.3,9.7,4.86,6.37,Medium,4.7,Fog,Spring,3,8,9.5,Flatbed,1,normal,slow,1,954,60,1754.41,727.855573,2482.265573,57.3
"Phoenix, AZ","Los Angeles, CA",65.7,6.8,4.79,5.77,Low,8,Fog,Summer,1,8,1,Dry Van,0,normal,normal,2,410,70,887.65,340.3639515,1228.013951,65.7
"Miami, FL","Chicago, IL",41.7,17.5,3.5,7.64,Low,6.4,Storm,Summer,5,8,1.1,Tanker,0,slow,slow,1,1370,60,2561.9,627.617801,3189.517801,41.7
"Chicago, IL","Atlanta, GA",47.3,14.9,3.22,4.13,Medium,7.9,Snow,Winter,2,8,7.1,Dry Van,1,fast,slow,1,677,60,1251.1,527.8305085,1778.930508,47.3
"Dallas, TX","Denver, CO",44,12.3,3.26,7.37,Medium,8.5,Snow,Spring,3,8,3.4,Dry Van,0,slow,slow,1,762,60,1387.6,337.0583446,1724.658345,44
"Phoenix, AZ","Miami, FL",60.8,25,3.53,4.84,Low,8.7,Rain,Summer,5,8,5.5,Dry Van,1,slow,normal,2,2276,70,4950.3,1659.975207,6610.275207,60.8
"Denver, CO","Miami, FL",65.7,11.8,3.71,7.49,Medium,5.9,Fog,Winter,4,8,7,Dry Van,0,slow,normal,2,1984,70,4315.2,982.728972,5297.928972,65.7
"Los Angeles, CA","Dallas, TX",55.2,15.7,4.69,7.22,High,8.4,Clear,Summer,4,8,3.2,Tanker,0,fast,slow,1,1423,60,2609.78,924.3587258,3534.138726,55.2
"Phoenix, AZ","Denver, CO",70.7,27.1,3.22,5.71,Low,6.8,Snow,Fall,2,8,6.8,Dry Van,1,normal,fast,3,673,80,1810.37,379.5201401,2189.89014,70.7
"Seattle, WA","Denver, CO",40.9,19.1,3.19,7.34,High,8.5,Snow,Spring,4,8,2,Dry Van,1,normal,slow,1,1172,60,2144.76,509.3569482,2654.116948,40.9
"Seattle, WA","Atlanta, GA",58.9,19.4,4.21,6.56,Medium,5.6,Snow,Winter,6,8,0.4,Tanker,0,normal,slow,1,2505,60,4584.15,1607.629573,6191.779573,58.9
"Miami, FL","Seattle, WA",69.3,10,3.4,4.17,Low,9.8,Rain,Winter,6,8,4.8,Refrigerated,0,slow,normal,2,3141,70,6847.38,2561.007194,9408.387194,69.3
"Los Angeles, CA","Miami, FL",60.9,22.9,3.89,7.49,Low,7.1,Storm,Spring,6,8,6.2,Flatbed,0,slow,normal,2,2686,70,5882.34,1394.998665,7277.338665,60.9
"Dallas, TX","New York, NY",61.6,22.1,3.4,7.28,Medium,9.5,Storm,Winter,4,8,3.1,Refrigerated,1,fast,normal,2,1576,70,3435.68,736.043956,4171.723956,61.6
"Miami, FL","Chicago, IL",72,13,4.64,4.04,Low,4,Clear,Spring,3,8,7.6,Refrigerated,0,fast,fast,3,1370,80,3781.2,1573.465347,5354.665347,72
"Los Angeles, CA","Chicago, IL",72.6,7.9,3.46,7.61,Low,5.1,Clear,Fall,4,8,5.3,Refrigerated,0,fast,fast,3,2004,80,5502.98,911.1484888,6414.128489,72.6
"Dallas, TX","Chicago, IL",50,18,4.7,6.83,Medium,7.7,Storm,Spring,3,8,3,Tanker,0,normal,slow,1,925,60,1704.77,636.5300146,2341.300015,50
"Phoenix, AZ","Los Angeles, CA",54.3,5.7,3.42,5.73,Medium,6.5,Storm,Winter,1,8,5.9,Tanker,0,normal,slow,1,410,60,753.99,244.7120419,998.7020419,54.3
"Seattle, WA","Dallas, TX",42.7,28.6,3.2,7.42,Low,4,Rain,Summer,6,8,0.2,Refrigerated,0,slow,slow,1,1932,60,3525.9,833.2075472,4359.107547,42.7
"Chicago, IL","New York, NY",52.7,23.5,3.8,4.28,Low,8.6,Snow,Spring,2,8,9.2,Refrigerated,1,slow,slow,1,818,60,1537.02,726.2616822,2263.281682,52.7
"New York, NY","Houston, TX",56.8,23.1,3.79,4.87,Medium,8.6,Storm,Summer,4,8,9.2,Refrigerated,1,fast,slow,1,1630,60,3018.76,1268.521561,4287.281561,56.8
"Houston, TX","Miami, FL",57.7,14.1,3.51,7,Low,6,Storm,Winter,3,8,6.7,Dry Van,1,fast,slow,1,1112,60,2049.42,557.5885714,2607.008571,57.7
"Los Angeles, CA","Chicago, IL",67.3,21,3.12,4.38,Low,4.2,Fog,Summer,4,8,8.3,Flatbed,1,slow,normal,2,2004,70,4388.76,1427.506849,5816.266849,67.3
"Chicago, IL","Phoenix, AZ",53.4,27.7,4.67,6.66,High,5.6,Clear,Summer,4,8,0.2,Dry Van,0,slow,slow,1,1670,60,3086.16,1171.006006,4257.166006,53.4
"New York, NY","Houston, TX",50.2,18.8,3.13,4.54,Medium,5.1,Fog,Summer,5,8,4.5,Tanker,1,fast,slow,1,1630,60,3018.76,1123.76652,4142.52652,50.2
"Phoenix, AZ","Houston, TX",67,6.2,4.44,7.64,Medium,6.1,Storm,Spring,3,8,2.3,Refrigerated,0,normal,normal,2,1166,70,2501.07,677.6230366,3178.693037,67
"Dallas, TX","Miami, FL",73,17.8,3.23,6.51,Medium,8.4,Fog,Summer,3,8,7.9,Tanker,1,normal,fast,3,1277,80,3470.89,633.5960061,4104.486006,73
"Phoenix, AZ","New York, NY",49,27,4.1,5.14,Low,9.6,Fog,Fall,7,8,2.2,Flatbed,0,slow,slow,1,2461,60,4567.62,1963.054475,6530.674475,49
"Miami, FL","Denver, CO",70.5,22.4,3.49,6.6,Low,7.7,Fog,Summer,4,8,1.8,Flatbed,1,fast,fast,3,1984,80,5406.4,1049.115152,6455.515152,70.5
"Los Angeles, CA","New York, NY",41,22.4,4.92,4.7,Low,5.9,Rain,Winter,9,8,7.3,Flatbed,1,fast,slow,1,2812,60,5258.44,2943.625532,8202.065532,41
"Phoenix, AZ","Los Angeles, CA",63.2,27.5,4.45,6.84,Medium,6.3,Rain,Winter,1,8,2.8,Tanker,1,normal,normal,2,410,70,887.65,266.7397661,1154.389766,63.2
"Los Angeles, CA","Houston, TX",52.7,21.3,4.72,4.53,Medium,8.9,Rain,Spring,4,8,5.9,Tanker,1,fast,slow,1,1577,60,2892.22,1643.143488,4535.363488,52.7
"Denver, CO","New York, NY",46.4,9.2,4.73,5.99,Medium,5.5,Clear,Summer,6,8,8.9,Flatbed,0,slow,slow,1,1872,60,3474.43,1478.223706,4952.653706,46.4
"Miami, FL","Phoenix, AZ",52.2,17.1,4.5,4.27,Medium,5.3,Rain,Spring,6,8,0.5,Tanker,0,fast,slow,1,2276,60,4206.05,2398.594848,6604.644848,52.2
"Denver, CO","Phoenix, AZ",65.3,24.3,3.3,5.78,Medium,5.1,Rain,Summer,2,8,1.6,Dry Van,1,slow,normal,2,673,70,1446.95,384.2387543,1831.188754,65.3
"New York, NY","Chicago, IL",48.1,12.3,4.7,5.83,Low,4.1,Storm,Summer,3,8,0.8,Dry Van,1,fast,slow,1,818,60,1537.02,659.4511149,2196.471115,48.1
"Los Angeles, CA","Miami, FL",60.6,11.4,4.13,4.31,Medium,8.8,Clear,Winter,6,8,8.7,Tanker,1,fast,normal,2,2686,70,5882.34,2573.823666,8456.163666,60.6
"Denver, CO","Atlanta, GA",51.4,5.9,4.3,6.14,Medium,6.8,Rain,Summer,4,8,1.7,Tanker,1,slow,slow,1,1392,60,2540.4,974.8534202,3515.25342,51.4
"Seattle, WA","Miami, FL",42.6,10.6,3.07,6.01,Medium,5.9,Rain,Spring,10,8,3.5,Dry Van,0,fast,slow,1,3141,60,5817.13,1604.470882,7421.600882,42.6
"New York, NY","Atlanta, GA",54.6,8.3,3.33,5.37,Medium,7.4,Storm,Fall,2,8,4.9,Flatbed,1,slow,slow,1,858,60,1592.45,532.0558659,2124.505866,54.6
"Seattle, WA","Chicago, IL",65.8,15.7,3.25,6.12,Low,6.3,Storm,Summer,4,8,6.3,Flatbed,1,normal,normal,2,1993,70,4344.74,1058.374183,5403.114183,65.8
"Phoenix, AZ","Houston, TX",45,6.4,4.25,4.99,Medium,5.5,Fog,Spring,4,8,4.6,Dry Van,0,slow,slow,1,1166,60,2123.29,993.0861723,3116.376172,45
"Miami, FL","Dallas, TX",51.9,19.6,3.66,4.11,Low,6.7,Rain,Winter,4,8,6.2,Dry Van,1,normal,slow,1,1277,60,2353.51,1137.182482,3490.692482,51.9
"New York, NY","Phoenix, AZ",41.3,12.3,3.83,6.2,Low,5.8,Snow,Summer,8,8,0.4,Tanker,1,fast,slow,1,2461,60,4567.62,1520.262903,6087.882903,41.3
"New York, NY","Seattle, WA",41.7,12.2,3.99,4.57,High,4.8,Rain,Winter,9,8,3.7,Dry Van,0,slow,slow,1,2762,60,5140.08,2411.461707,7551.541707,41.7
"Atlanta, GA","Seattle, WA",48.8,26.9,3.87,5.1,Medium,7.5,Rain,Fall,7,8,2.1,Tanker,0,fast,slow,1,2505,60,4584.15,1900.852941,6485.002941,48.8
"Houston, TX","New York, NY",40.9,28.4,4.84,4.2,Low,5,Snow,Winter,5,8,3.2,Flatbed,1,slow,slow,1,1630,60,3018.76,1878.380952,4897.140952,40.9
"Chicago, IL","Miami, FL",68.4,24,3.97,6.15,Low,4.4,Fog,Fall,3,8,1.9,Refrigerated,1,normal,normal,2,1370,70,3014,884.3739837,3898.373984,68.4
"Miami, FL","Chicago, IL",55.5,24.2,3.53,5.24,Medium,7.6,Snow,Spring,4,8,5.8,Tanker,1,normal,slow,1,1370,60,2561.9,922.9198473,3484.819847,55.5
"Los Angeles, CA","New York, NY",41.2,15.1,4.84,5.17,Low,5.9,Clear,Winter,9,8,6.2,Dry Van,1,normal,slow,1,2812,60,5258.44,2632.510638,7890.950638,41.2
"Miami, FL","Los Angeles, CA",52.4,11,4.91,6.98,High,7.4,Fog,Winter,7,8,2.2,Tanker,1,normal,slow,1,2686,60,4998.65,1889.43553,6888.08553,52.4
"Denver, CO","Los Angeles, CA",58.3,18,3.15,6.05,High,8.9,Clear,Summer,3,8,5.7,Dry Van,0,normal,slow,1,954,60,1754.41,496.7107438,2251.120744,58.3
"Seattle, WA","Dallas, TX",66.3,29.1,4.92,4.9,High,8.4,Rain,Fall,4,8,2.1,Flatbed,0,fast,normal,2,1932,70,4153.8,1939.885714,6093.685714,66.3
"Los Angeles, CA","New York, NY",42.8,24.9,3.65,7.43,High,7.6,Rain,Spring,9,8,2.9,Flatbed,1,slow,slow,1,2812,60,5258.44,1381.399731,6639.839731,42.8
"Miami, FL","New York, NY",54.4,10.9,4.67,6.49,Medium,4.2,Snow,Winter,3,8,1.1,Tanker,1,slow,slow,1,1256,60,2360.02,903.7781202,3263.79812,54.4
"Seattle, WA","Dallas, TX",60,5.2,4.31,6.64,Medium,7.9,Fog,Spring,5,8,8.8,Flatbed,0,fast,slow,1,1932,60,3525.9,1254.054217,4779.954217,60
"Phoenix, AZ","Los Angeles, CA",47.4,26.6,3.84,7,Medium,7.3,Rain,Spring,2,8,3.9,Flatbed,0,slow,slow,1,410,60,753.99,224.9142857,978.9042857,47.4
"Dallas, TX","Atlanta, GA",41.1,8.8,4.12,4.63,Low,8.4,Clear,Spring,3,8,2.6,Refrigerated,0,normal,slow,1,828,60,1507.79,736.7948164,2244.584816,41.1
"Los Angeles, CA","Seattle, WA",48.9,23.2,4.99,7.19,Medium,6.1,Fog,Fall,3,8,0.5,Flatbed,1,normal,slow,1,1104,60,2034.67,766.1974965,2800.867497,48.9
"Phoenix, AZ","Dallas, TX",40.8,9.4,4.98,5.44,High,8.9,Fog,Winter,4,8,1.2,Flatbed,0,fast,slow,1,1017,60,1851.96,931.0036765,2782.963676,40.8
"New York, NY","Dallas, TX",41.9,22.2,3.15,4.81,Low,4.6,Storm,Fall,5,8,2.7,Flatbed,1,slow,slow,1,1576,60,2918.75,1032.099792,3950.849792,41.9
"Chicago, IL","Miami, FL",73.8,26.9,4.75,4.7,Low,5.6,Fog,Spring,3,8,7.8,Refrigerated,0,fast,fast,3,1370,80,3781.2,1384.574468,5165.774468,73.8
"New York, NY","Houston, TX",59.5,11.2,3.49,7.96,High,8.5,Snow,Fall,4,8,5.7,Refrigerated,0,normal,slow,1,1630,60,3018.76,714.660804,3733.420804,59.5
"New York, NY","Houston, TX",62.6,28.7,3.56,6.38,Low,8.1,Snow,Summer,4,8,4.9,Tanker,0,normal,normal,2,1630,70,3553.4,909.5297806,4462.929781,62.6
"Houston, TX","Phoenix, AZ",56.5,26.3,4.29,4.18,Medium,7.3,Storm,Fall,3,8,7.8,Refrigerated,0,slow,slow,1,1166,60,2123.29,1196.684211,3319.974211,56.5
"Chicago, IL","Dallas, TX",56.5,25,3.09,4.63,Low,6.4,Rain,Spring,3,8,3.4,Dry Van,0,normal,slow,1,925,60,1704.77,617.3326134,2322.102613,56.5
"New York, NY","Houston, TX",68.9,27.1,4.87,5.36,Medium,5.8,Clear,Spring,3,8,0.1,Dry Van,0,normal,normal,2,1630,70,3553.4,1480.988806,5034.388806,68.9
"Seattle, WA","Dallas, TX",47.9,22.6,4.11,6.15,Low,8.3,Rain,Spring,6,8,7.5,Dry Van,0,normal,slow,1,1932,60,3525.9,1291.141463,4817.041463,47.9
"Phoenix, AZ","Denver, CO",71.8,6.4,3.41,5.91,Medium,6.6,Fog,Fall,2,8,9.4,Refrigerated,1,fast,fast,3,673,80,1810.37,388.3130288,2198.683029,71.8
"Phoenix, AZ","Seattle, WA",55.8,9.8,4.79,7.86,Medium,6.9,Rain,Winter,3,8,7.9,Flatbed,0,fast,slow,1,1282,60,2346.06,781.2697201,3127.32972,55.8
"Dallas, TX","New York, NY",52.4,27.2,4.95,6.23,Medium,7.4,Clear,Summer,4,8,5.8,Tanker,1,slow,slow,1,1576,60,2918.75,1252.199037,4170.949037,52.4
"New York, NY","Los Angeles, CA",50.6,6.7,3.51,4.79,Low,7.3,Snow,Spring,7,8,6.1,Refrigerated,1,slow,slow,1,2812,60,5258.44,2060.56785,7319.00785,50.6
"Miami, FL","Chicago, IL",54.7,25.9,3.95,7.95,Medium,6.6,Clear,Summer,4,8,0.5,Flatbed,0,normal,slow,1,1370,60,2561.9,680.6918239,3242.591824,54.7
"Houston, TX","Los Angeles, CA",69.8,28.6,4.99,5.13,Medium,7.5,Rain,Winter,3,8,5.6,Flatbed,1,normal,normal,2,1577,70,3406.32,1533.962963,4940.282963,69.8
"Los Angeles, CA","Dallas, TX",70,27.7,3.9,5.12,Low,4.8,Rain,Fall,3,8,3.1,Dry Van,1,slow,normal,2,1423,70,3073.68,1083.925781,4157.605781,70
"Dallas, TX","Phoenix, AZ",63.5,21.1,4.12,4.18,High,9.6,Rain,Spring,3,8,9.9,Flatbed,1,slow,normal,2,1017,70,2181.47,1002.401914,3183.871914,63.5
"Denver, CO","Dallas, TX",64.9,6.4,4.26,7.06,Medium,8.7,Fog,Fall,2,8,2.3,Tanker,0,slow,normal,2,762,70,1634.49,459.7903683,2094.280368,64.9
"Dallas, TX","New York, NY",74.8,6.9,4.87,5.16,Low,8.1,Snow,Summer,3,8,9.7,Tanker,0,fast,fast,3,1576,80,4305.63,1487.426357,5793.056357,74.8
"Houston, TX","Dallas, TX",57.4,15.7,3.65,6.58,Medium,4.8,Rain,Spring,1,8,9.8,Tanker,0,fast,slow,1,259,60,470.34,143.6702128,614.0102128,57.4
"Dallas, TX","Denver, CO",70.1,14,3.65,6.07,High,4.3,Fog,Spring,2,8,1.4,Flatbed,1,fast,fast,3,762,80,2044.45,458.2042834,2502.654283,70.1
"Miami, FL","Chicago, IL",42.9,25.6,3.3,4.15,Medium,8.3,Fog,Fall,4,8,7.1,Refrigerated,1,fast,slow,1,1370,60,2561.9,1089.39759,3651.29759,42.9
"Miami, FL","Seattle, WA",43.8,28.3,3.9,6.94,Low,7,Snow,Summer,9,8,6.6,Tanker,0,fast,slow,1,3141,60,5817.13,1765.115274,7582.245274,43.8
"New York, NY","Denver, CO",74.4,14.4,3.34,7.41,Medium,5.9,Snow,Summer,4,8,1,Refrigerated,1,normal,fast,3,1872,80,5127.41,843.7894737,5971.199474,74.4
"Seattle, WA","Denver, CO",41.8,29.9,4.47,4.35,Medium,4.1,Clear,Summer,4,8,4.4,Refrigerated,1,normal,slow,1,1172,60,2144.76,1204.331034,3349.091034,41.8
"Miami, FL","Phoenix, AZ",72.3,20,3.37,7.13,High,9.7,Rain,Winter,4,8,6.8,Dry Van,0,normal,fast,3,2276,80,6202.1,1075.753156,7277.853156,72.3
"New York, NY","Miami, FL",53.4,23.4,4.86,6.52,High,8.7,Rain,Spring,3,8,2.1,Refrigerated,1,fast,slow,1,1256,60,2360.02,936.2208589,3296.240859,53.4
"Chicago, IL","Denver, CO",46.2,20.9,3.58,7.17,High,8.8,Storm,Winter,3,8,1.8,Flatbed,0,slow,slow,1,1056,60,1951.49,527.2635983,2478.753598,46.2
"Houston, TX","Seattle, WA",74.7,20.6,3.07,4.07,Low,5.9,Rain,Summer,4,8,8.4,Tanker,0,fast,fast,3,2173,80,5845.37,1639.093366,7484.463366,74.7
"Miami, FL","New York, NY",51.4,10.9,4.82,6.01,Medium,7.9,Storm,Fall,4,8,6.3,Refrigerated,1,fast,slow,1,1256,60,2360.02,1007.30782,3367.32782,51.4
"Denver, CO","Chicago, IL",51.9,20.9,4.18,5.17,High,4.9,Fog,Spring,3,8,4.2,Refrigerated,0,slow,slow,1,1056,60,1951.49,853.787234,2805.277234,51.9
"Seattle, WA","Chicago, IL",72,5.9,3.49,4.77,Low,7,Clear,Summer,4,8,7.3,Refrigerated,1,normal,fast,3,1993,80,5444.88,1458.190776,6903.070776,72
"Houston, TX","Atlanta, GA",60.8,27.1,4.82,7.84,High,8.6,Clear,Spring,2,8,2.3,Flatbed,0,fast,normal,2,806,70,1728.87,495.5255102,2224.39551,60.8
"Dallas, TX","Houston, TX",40.2,22.7,4.87,4.75,Low,7.8,Rain,Winter,1,8,9.3,Flatbed,1,slow,slow,1,259,60,470.34,265.5431579,735.8831579,40.2
"Phoenix, AZ","Chicago, IL",74,13.6,3.7,6.17,Medium,6.3,Fog,Winter,3,8,7.3,Dry Van,1,normal,fast,3,1670,80,4550.75,1001.458671,5552.208671,74
"Denver, CO","Miami, FL",66.1,13.6,4.04,5.44,Medium,4.1,Fog,Fall,4,8,6.7,Flatbed,1,slow,normal,2,1984,70,4315.2,1473.411765,5788.611765,66.1
"Dallas, TX","Phoenix, AZ",71.2,15.8,3.62,7.66,Medium,6.4,Clear,Summer,2,8,8.4,Tanker,1,normal,fast,3,1017,80,2728.61,480.618799,3209.228799,71.2
"Seattle, WA","Chicago, IL",49.1,26.4,3.75,4.07,High,6.3,Storm,Summer,6,8,2.5,Tanker,0,normal,slow,1,1993,60,3691.04,1836.302211,5527.342211,49.1
"Denver, CO","Dallas, TX",42,19.7,4.51,5.65,Low,6.5,Fog,Summer,3,8,0.3,Flatbed,0,normal,slow,1,762,60,1387.6,608.2513274,1995.851327,42
"Atlanta, GA","Chicago, IL",72,10.9,3.86,4.49,Medium,6.7,Snow,Spring,2,8,5.2,Tanker,0,normal,fast,3,677,80,1844.82,582.0089087,2426.828909,72
"Miami, FL","Houston, TX",59.4,11.1,3.71,6.55,High,7.5,Fog,Spring,3,8,4.8,Tanker,0,fast,slow,1,1112,60,2049.42,629.8503817,2679.270382,59.4
"Dallas, TX","Los Angeles, CA",44.3,29.1,3.56,7.63,High,6.5,Clear,Fall,5,8,8,Flatbed,0,fast,slow,1,1423,60,2609.78,663.9423329,3273.722333,44.3
"Phoenix, AZ","Houston, TX",55.9,27,4.79,4.95,High,5.2,Fog,Winter,3,8,9,Dry Van,0,fast,slow,1,1166,60,2123.29,1128.311111,3251.601111,55.9
"Seattle, WA","Phoenix, AZ",62.8,22.7,4.56,6.26,Medium,6.4,Snow,Spring,3,8,6.1,Flatbed,1,slow,normal,2,1282,70,2762.71,933.8530351,3696.563035,62.8
"New York, NY","Miami, FL",52.1,21.7,3.52,4.98,Low,8.3,Rain,Winter,4,8,2.5,Refrigerated,1,normal,slow,1,1256,60,2360.02,887.7751004,3247.7951,52.1
"Phoenix, AZ","Atlanta, GA",58.8,26.1,3.81,7.13,Medium,9,Rain,Fall,4,8,6.6,Flatbed,1,slow,slow,1,1827,60,3334.28,976.2791024,4310.559102,58.8
"Los Angeles, CA","Atlanta, GA",64.6,22.1,3.79,5.58,High,5.5,Storm,Fall,5,8,0.9,Refrigerated,1,normal,normal,2,2223,70,4812.8,1509.887097,6322.687097,64.6
"Chicago, IL","New York, NY",68.9,26.4,4.81,5.63,Low,9.1,Rain,Winter,2,8,0.2,Tanker,1,slow,normal,2,818,70,1807.78,698.8596803,2506.63968,68.9
"Miami, FL","Denver, CO",42.6,29.7,4.35,7.01,High,5.5,Storm,Summer,6,8,0.4,Flatbed,1,slow,slow,1,1984,60,3666.43,1231.155492,4897.585492,42.6
"Phoenix, AZ","Dallas, TX",45.9,22.4,3.45,4.27,Medium,6.9,Storm,Fall,3,8,2.4,Flatbed,0,normal,slow,1,1017,60,1851.96,821.6978923,2673.657892,45.9
"Chicago, IL","Houston, TX",59.9,12.1,3.76,7.26,Medium,5.1,Fog,Fall,3,8,3.3,Refrigerated,0,fast,slow,1,1083,60,1995.97,560.892562,2556.862562,59.9
"Chicago, IL","Dallas, TX",59,14.3,4.58,4.16,Low,6.6,Storm,Spring,2,8,5.1,Refrigerated,1,slow,slow,1,925,60,1704.77,1018.389423,2723.159423,59
"Seattle, WA","Miami, FL",50.6,5.8,3.33,5.58,Medium,5.9,Fog,Winter,8,8,4.3,Refrigerated,1,fast,slow,1,3141,60,5817.13,1874.467742,7691.597742,50.6
"Chicago, IL","Seattle, WA",44.3,12.4,4.77,5.21,Low,8.3,Rain,Spring,6,8,4.3,Dry Van,0,slow,slow,1,1993,60,3691.04,1824.685221,5515.725221,44.3
"Denver, CO","Dallas, TX",52.9,19.8,3.7,4.86,Low,4.7,Storm,Winter,2,8,4.4,Flatbed,1,normal,slow,1,762,60,1387.6,580.1234568,1967.723457,52.9
"New York, NY","Seattle, WA",57.2,26.8,4.09,5.92,Medium,9.5,Rain,Summer,7,8,1.1,Refrigerated,1,slow,slow,1,2762,60,5140.08,1908.206081,7048.286081,57.2
"Atlanta, GA","New York, NY",67.5,25.9,4.09,6.22,Medium,7.8,Fog,Fall,2,8,1.1,Refrigerated,0,fast,normal,2,858,70,1874.73,564.1832797,2438.91328,67.5
"Los Angeles, CA","Denver, CO",66.3,20.8,3.63,4.64,High,6.5,Storm,Winter,2,8,4.7,Refrigerated,0,fast,normal,2,954,70,2065.41,746.3405172,2811.750517,66.3
"Seattle, WA","Los Angeles, CA",53.8,15.6,3.48,5.31,Medium,9.9,Storm,Winter,3,8,5.3,Refrigerated,0,slow,slow,1,1104,60,2034.67,723.5254237,2758.195424,53.8
"Denver, CO","Miami, FL",58.5,13.1,4.05,4.46,Medium,4.8,Fog,Winter,5,8,9.5,Tanker,0,slow,slow,1,1984,60,3666.43,1801.61435,5468.04435,58.5
"Miami, FL","Denver, CO",62.4,18.3,4.63,6.51,Low,4,Snow,Fall,4,8,9.1,Tanker,0,slow,normal,2,1984,70,4315.2,1411.047619,5726.247619,62.4
"Los Angeles, CA","Phoenix, AZ",61.3,29.9,3.6,5.3,High,5.1,Fog,Spring,1,8,1.1,Refrigerated,1,fast,normal,2,410,70,887.65,278.490566,1166.140566,61.3
"Phoenix, AZ","Chicago, IL",65.6,26.3,3.1,6.02,High,8.2,Clear,Fall,4,8,2.2,Flatbed,0,normal,normal,2,1670,70,3632.25,859.9667774,4492.216777,65.6
"Los Angeles, CA","Dallas, TX",43.4,16.7,3.87,7.41,Medium,7.8,Fog,Summer,5,8,9.5,Tanker,1,normal,slow,1,1423,60,2609.78,743.1862348,3352.966235,43.4
"Houston, TX","Seattle, WA",62.9,18.1,4.22,5.53,Medium,9.9,Snow,Fall,5,8,7.7,Tanker,1,fast,normal,2,2173,70,4671.95,1658.238698,6330.188698,62.9
"New York, NY","Seattle, WA",65.3,22.1,4.93,4.86,High,7.3,Storm,Spring,6,8,10,Tanker,1,fast,normal,2,2762,70,6048.78,2801.781893,8850.561893,65.3
"Chicago, IL","Phoenix, AZ",58.3,13.7,4.05,4.93,High,4.3,Storm,Winter,4,8,3.4,Dry Van,1,normal,slow,1,1670,60,3086.16,1371.906694,4458.066694,58.3
"Houston, TX","New York, NY",51.3,6.2,4.9,6.32,High,8.9,Rain,Summer,4,8,9,Dry Van,0,fast,slow,1,1630,60,3018.76,1263.765823,4282.525823,51.3
"New York, NY","Atlanta, GA",60.1,17.3,4.47,6.27,Medium,5.6,Rain,Summer,2,8,6.1,Tanker,1,normal,normal,2,858,70,1874.73,611.6842105,2486.414211,60.1
"Houston, TX","Denver, CO",43.4,14.9,4.03,7.31,High,4.5,Rain,Spring,3,8,8.2,Dry Van,0,fast,slow,1,1010,60,1839.21,556.8125855,2396.022585,43.4
"Miami, FL","Seattle, WA",50.1,26.1,3.99,5.99,Medium,9.9,Rain,Fall,8,8,1.8,Refrigerated,0,fast,slow,1,3141,60,5817.13,2092.252087,7909.382087,50.1
"Houston, TX","Atlanta, GA",71.2,28.5,4.14,6.01,High,7.6,Snow,Spring,2,8,1.7,Tanker,1,slow,fast,3,806,80,2162.5,555.2146423,2717.714642,71.2
"Atlanta, GA","Denver, CO",55.8,17.9,3.06,7.06,High,9,Snow,Fall,4,8,7.5,Dry Van,0,normal,slow,1,1392,60,2540.4,603.3314448,3143.731445,55.8
"Houston, TX","Chicago, IL",61.6,14.9,4.58,5.87,Low,8.1,Fog,Fall,3,8,10,Flatbed,0,normal,normal,2,1083,70,2350.11,844.9982964,3195.108296,61.6
"Atlanta, GA","Houston, TX",61.5,15.6,4.24,5.37,Medium,4.2,Storm,Summer,2,8,5.5,Tanker,0,normal,normal,2,806,70,1728.87,636.3947858,2365.264786,61.5
"Houston, TX","Dallas, TX",65.2,7.1,3.79,6.07,High,9,Fog,Winter,1,8,5.8,Tanker,1,normal,normal,2,259,70,554.26,161.7149918,715.9749918,65.2
"Denver, CO","Miami, FL",48.2,13.5,3.39,4.6,Low,4.3,Rain,Winter,6,8,0.8,Dry Van,0,slow,slow,1,1984,60,3666.43,1462.121739,5128.551739,48.2
"Dallas, TX","Chicago, IL",41.9,8.7,4.15,6.96,Low,4.5,Storm,Summer,3,8,9.7,Refrigerated,0,normal,slow,1,925,60,1704.77,551.5445402,2256.31454,41.9
"Denver, CO","Atlanta, GA",56.8,23.5,3.66,5.97,High,9.5,Storm,Winter,4,8,9.3,Flatbed,0,slow,slow,1,1392,60,2540.4,853.3869347,3393.786935,56.8
"Miami, FL","Houston, TX",48.1,12.4,3.88,5.26,Medium,6.2,Rain,Spring,3,8,0.3,Refrigerated,1,normal,slow,1,1112,60,2049.42,820.2585551,2869.678555,48.1
"Seattle, WA","Miami, FL",67.6,18.3,4.16,4.21,Low,5.5,Clear,Summer,6,8,2.3,Refrigerated,0,slow,normal,2,3141,70,6847.38,3103.695962,9951.075962,67.6
"Denver, CO","Atlanta, GA",67.2,10,4.59,5.72,High,10,Clear,Spring,3,8,0.8,Flatbed,1,fast,normal,2,1392,70,2992.8,1117.006993,4109.806993,67.2
"Phoenix, AZ","Chicago, IL",55.3,5.1,4.75,7.51,Low,8.8,Fog,Spring,4,8,3.7,Refrigerated,1,slow,slow,1,1670,60,3086.16,1056.258322,4142.418322,55.3
"New York, NY","Los Angeles, CA",57.1,8.8,3.49,7.89,Low,4.9,Snow,Winter,7,8,4.8,Flatbed,0,slow,slow,1,2812,60,5258.44,1243.837769,6502.277769,57.1
"Houston, TX","Denver, CO",63.1,16,3.71,7.02,High,5.9,Fog,Fall,3,8,7.6,Refrigerated,0,fast,normal,2,1010,70,2166.45,533.7749288,2700.224929,63.1
"Chicago, IL","New York, NY",70,27.4,4.3,6.9,High,7.3,Fog,Fall,2,8,4.1,Refrigerated,1,normal,normal,2,818,70,1807.78,509.7681159,2317.548116,70
"New York, NY","Denver, CO",54,14.1,4.41,4.71,High,6.2,Snow,Spring,5,8,1.6,Tanker,1,slow,slow,1,1872,60,3474.43,1752.764331,5227.194331,54
"Seattle, WA","Miami, FL",70,17.9,4.37,4.3,Low,6.7,Fog,Fall,6,8,2.9,Tanker,0,normal,normal,2,3141,70,6847.38,3192.132558,10039.51256,70
"Miami, FL","Los Angeles, CA",50.9,17.7,4.17,4.27,Low,7.9,Storm,Fall,7,8,8.3,Refrigerated,1,fast,slow,1,2686,60,4998.65,2623.096019,7621.746019,50.9
"Atlanta, GA","New York, NY",46.1,18.8,4.89,6.07,Medium,9,Fog,Summer,3,8,5.8,Refrigerated,1,normal,slow,1,858,60,1592.45,691.2059308,2283.655931,46.1
"Atlanta, GA","Denver, CO",51.6,6.6,4.04,7.27,Medium,5.2,Clear,Spring,4,8,2,Flatbed,1,fast,slow,1,1392,60,2540.4,773.5460798,3313.94608,51.6
"Dallas, TX","Denver, CO",57.9,7,4.17,4.13,Medium,4.6,Snow,Fall,2,8,5.9,Flatbed,1,fast,slow,1,762,60,1387.6,769.3801453,2156.980145,57.9
"Denver, CO","Phoenix, AZ",60.1,26,4.44,4.52,Low,7.6,Fog,Summer,2,8,0.4,Dry Van,0,normal,normal,2,673,70,1446.95,661.0884956,2108.038496,60.1
"Houston, TX","Miami, FL",71.7,26.3,4.65,6.98,Medium,7.8,Rain,Spring,2,8,8.1,Refrigerated,0,normal,fast,3,1112,80,3022.42,740.8022923,3763.222292,71.7
"Dallas, TX","Denver, CO",51.5,14.4,4.79,4.07,Low,8.2,Rain,Winter,2,8,7.1,Refrigerated,0,normal,slow,1,762,60,1387.6,896.8009828,2284.400983,51.5
"New York, NY","Seattle, WA",64.1,5.9,4.65,5.14,Medium,6.7,Clear,Summer,6,8,2.7,Tanker,0,slow,normal,2,2762,70,6048.78,2498.696498,8547.476498,64.1
"Houston, TX","Los Angeles, CA",53.3,20.8,4.63,5.19,Medium,5.3,Rain,Spring,4,8,6.7,Tanker,1,normal,slow,1,1577,60,2892.22,1406.842004,4299.062004,53.3
"Los Angeles, CA","Seattle, WA",40.6,26.3,4.04,6.49,Low,4.5,Clear,Winter,4,8,9.4,Refrigerated,1,slow,slow,1,1104,60,2034.67,687.2357473,2721.905747,40.6
"Seattle, WA","Phoenix, AZ",66.7,19.3,4.51,5.09,Low,5.7,Rain,Winter,3,8,8.7,Refrigerated,0,normal,normal,2,1282,70,2762.71,1135.917485,3898.627485,66.7
"Chicago, IL","New York, NY",51.9,24.9,4.7,6.49,Low,6.1,Storm,Winter,2,8,5.8,Tanker,1,normal,slow,1,818,60,1537.02,592.3882897,2129.40829,51.9
"Los Angeles, CA","New York, NY",61.7,26.2,3.34,5.47,Low,7.5,Rain,Winter,6,8,6.8,Dry Van,0,fast,normal,2,2812,70,6186.4,1717.016453,7903.416453,61.7
"Houston, TX","Seattle, WA",52.7,6.6,4.8,4.15,High,9.7,Storm,Winter,6,8,9.4,Tanker,0,slow,slow,1,2173,60,3965.72,2513.349398,6479.069398,52.7
"Los Angeles, CA","Dallas, TX",41.4,17.2,3.9,5.33,Low,9.7,Rain,Spring,5,8,6.6,Dry Van,1,normal,slow,1,1423,60,2609.78,1041.219512,3650.999512,41.4
"Phoenix, AZ","Atlanta, GA",65.7,23.2,3.85,7.7,Low,5,Clear,Spring,4,8,0.6,Refrigerated,0,normal,normal,2,1827,70,3928.05,913.5,4841.55,65.7
"Chicago, IL","Denver, CO",61.8,12.9,3.33,4.16,Low,5,Snow,Fall,3,8,1.9,Tanker,1,slow,normal,2,1056,70,2296.8,845.3076923,3142.107692,61.8
"Seattle, WA","New York, NY",61.9,8.5,4.95,5.77,Medium,9.7,Storm,Fall,6,8,1.2,Dry Van,1,fast,normal,2,2762,70,6048.78,2369.480069,8418.260069,61.9
"Houston, TX","Seattle, WA",72.9,7,3.7,7.83,Low,4.5,Storm,Fall,4,8,9.7,Refrigerated,0,normal,fast,3,2173,80,5845.37,1026.832695,6872.202695,72.9
"Atlanta, GA","Chicago, IL",56.5,9.1,3.4,7.56,Medium,9.5,Snow,Winter,2,8,5.8,Tanker,1,fast,slow,1,677,60,1251.1,304.4708995,1555.570899,56.5
"Denver, CO","Houston, TX",47.8,12.7,4.4,4.9,Low,7.7,Snow,Fall,3,8,2.9,Refrigerated,0,normal,slow,1,1010,60,1839.21,906.9387755,2746.148776,47.8
"Atlanta, GA","Denver, CO",64.4,28.4,3.33,6.6,Low,5.5,Fog,Spring,3,8,1,Dry Van,1,fast,normal,2,1392,70,2992.8,702.3272727,3695.127273,64.4
"Atlanta, GA","Los Angeles, CA",67.7,13.9,4.91,7.4,Low,5.8,Fog,Summer,5,8,1.7,Tanker,1,slow,normal,2,2223,70,4812.8,1474.990541,6287.790541,67.7
"Phoenix, AZ","New York, NY",61.7,11.2,4.75,4.42,Low,4.2,Fog,Spring,5,8,8.5,Tanker,0,normal,normal,2,2461,70,5377.29,2644.739819,8022.029819,61.7
"Atlanta, GA","Los Angeles, CA",73.5,13.4,3.43,6.25,Low,7.2,Snow,Summer,4,8,3.5,Flatbed,1,fast,fast,3,2223,80,6026.55,1219.9824,7246.5324,73.5
"Phoenix, AZ","Denver, CO",41.2,21.6,4.05,7.28,Medium,5.8,Clear,Summer,3,8,8,Dry Van,1,fast,slow,1,673,60,1228.23,374.4024725,1602.632473,41.2
"Dallas, TX","Phoenix, AZ",44.1,12.3,4.94,5.28,Medium,4.6,Snow,Spring,3,8,7.3,Dry Van,0,slow,slow,1,1017,60,1851.96,951.5113636,2803.471364,44.1
"Dallas, TX","Chicago, IL",50.4,16.7,3.04,7.16,High,5.9,Storm,Summer,3,8,6.1,Flatbed,0,slow,slow,1,925,60,1704.77,392.7374302,2097.50743,50.4
"Seattle, WA","Atlanta, GA",59.1,25.9,3.61,7.33,High,8.7,Snow,Winter,6,8,2.4,Tanker,1,fast,slow,1,2505,60,4584.15,1233.703956,5817.853956,59.1
"Miami, FL","Phoenix, AZ",65.1,27,4.28,5.52,High,5.1,Snow,Summer,5,8,0.8,Dry Van,0,normal,normal,2,2276,70,4950.3,1764.724638,6715.024638,65.1
"Seattle, WA","Chicago, IL",60,27.9,4.05,4.55,Medium,7.4,Fog,Winter,5,8,5.1,Flatbed,0,normal,slow,1,1993,60,3691.04,1773.989011,5465.029011,60
"Denver, CO","Miami, FL",56.4,28.3,4.44,4.31,High,5.3,Fog,Summer,5,8,8.9,Refrigerated,0,fast,slow,1,1984,60,3666.43,2043.842227,5710.272227,56.4
"Atlanta, GA","Chicago, IL",68.4,19,4.09,7.83,Medium,8.5,Snow,Fall,2,8,3.5,Refrigerated,0,fast,normal,2,677,70,1472.47,353.6309068,1826.100907,68.4
"Dallas, TX","Houston, TX",61.5,13,4.14,4.95,Low,4.9,Rain,Fall,1,8,3,Refrigerated,1,slow,normal,2,259,70,554.26,216.6181818,770.8781818,61.5
"Los Angeles, CA","Denver, CO",42.3,28.6,4.24,6.92,High,8.1,Snow,Spring,3,8,2.6,Flatbed,0,fast,slow,1,954,60,1754.41,584.5317919,2338.941792,42.3
"Los Angeles, CA","Dallas, TX",73.6,7.2,4.37,7.85,High,5.8,Fog,Winter,3,8,9.3,Refrigerated,1,normal,fast,3,1423,80,3847.79,792.166879,4639.956879,73.6
"Los Angeles, CA","Phoenix, AZ",48.1,13.4,3.07,7.33,Low,9.1,Fog,Summer,2,8,7.5,Dry Van,1,slow,slow,1,410,60,753.99,171.7189632,925.7089632,48.1
"Houston, TX","Seattle, WA",71.9,23.3,4.66,6.98,High,7.8,Snow,Summer,4,8,5.6,Refrigerated,1,fast,fast,3,2173,80,5845.37,1450.74212,7296.11212,71.9
"New York, NY","Atlanta, GA",48.8,8.9,3.56,4.01,Low,4.7,Fog,Fall,3,8,2.2,Dry Van,1,slow,slow,1,858,60,1592.45,761.7157107,2354.165711,48.8
"Seattle, WA","Houston, TX",45.9,24.7,4.41,5.29,High,6,Fog,Winter,6,8,8.5,Dry Van,1,normal,slow,1,2173,60,3965.72,1811.517958,5777.237958,45.9
"Chicago, IL","Los Angeles, CA",42.1,14.4,3.41,7.76,Low,8.2,Rain,Spring,6,8,2.9,Tanker,0,fast,slow,1,2004,60,3729.44,880.6237113,4610.063711,42.1
"Chicago, IL","Seattle, WA",69.1,27.7,3.22,5.76,Medium,9.6,Fog,Fall,4,8,2.3,Tanker,1,fast,normal,2,1993,70,4344.74,1114.142361,5458.882361,69.1
"Houston, TX","Chicago, IL",45.2,17.6,3.91,7.99,Low,7.7,Storm,Fall,3,8,3.3,Flatbed,1,slow,slow,1,1083,60,1995.97,529.9787234,2525.948723,45.2
"Dallas, TX","Denver, CO",61.5,22.4,3.59,6.19,Medium,7.8,Rain,Fall,2,8,9.2,Tanker,0,normal,normal,2,762,70,1634.49,441.9353796,2076.42538,61.5
"Miami, FL","New York, NY",74,21.7,4.94,7.33,Medium,5.6,Rain,Fall,3,8,0,Tanker,1,slow,fast,3,1256,80,3484.14,846.4720327,4330.612033,74
"New York, NY","Atlanta, GA",40.1,23,3.85,5.25,Medium,8.6,Rain,Summer,3,8,2,Refrigerated,0,normal,slow,1,858,60,1592.45,629.2,2221.65,40.1
"Miami, FL","Los Angeles, CA",47.8,5,4.87,5.22,Medium,5.2,Storm,Fall,8,8,3.3,Flatbed,0,fast,slow,1,2686,60,4998.65,2505.904215,7504.554215,47.8
"Chicago, IL","New York, NY",42.4,6.3,3.59,5.18,Low,4.7,Rain,Fall,3,8,5.3,Tanker,0,fast,slow,1,818,60,1537.02,566.9150579,2103.935058,42.4
"Los Angeles, CA","Dallas, TX",67.7,19.2,4.45,5.67,Medium,6.3,Rain,Winter,3,8,5.2,Refrigerated,1,slow,normal,2,1423,70,3073.68,1116.816578,4190.496578,67.7
"Miami, FL","New York, NY",56.4,23.5,4.67,7,High,4.9,Clear,Winter,3,8,6.9,Refrigerated,1,fast,slow,1,1256,60,2360.02,837.9314286,3197.951429,56.4
"Miami, FL","Chicago, IL",44.6,26.6,4.23,5.42,High,4.2,Clear,Winter,4,8,9.2,Flatbed,0,slow,slow,1,1370,60,2561.9,1069.206642,3631.106642,44.6
"Los Angeles, CA","Denver, CO",74,8.4,4.14,7.19,Low,7.2,Snow,Summer,2,8,5.8,Flatbed,1,normal,fast,3,954,80,2586.29,549.3129346,3135.602935,74
"Los Angeles, CA","Chicago, IL",65.5,24,4.54,6.65,High,5.3,Snow,Spring,4,8,7.8,Flatbed,1,normal,normal,2,2004,70,4388.76,1368.144361,5756.904361,65.5
"New York, NY","Atlanta, GA",42.8,18.4,3.63,4.9,Medium,7,Clear,Fall,3,8,0.1,Dry Van,0,fast,slow,1,858,60,1592.45,635.6204082,2228.070408,42.8
"Phoenix, AZ","New York, NY",68.7,29.1,3.36,6.38,High,6.6,Snow,Summer,5,8,5.7,Tanker,1,normal,normal,2,2461,70,5377.29,1296.075235,6673.365235,68.7
"Atlanta, GA","Houston, TX",40.8,29.2,4.62,7,Medium,8.6,Rain,Spring,3,8,7.5,Tanker,0,fast,slow,1,806,60,1467.73,531.96,1999.69,40.8
"Los Angeles, CA","Dallas, TX",71.5,9.4,3.58,6.21,Low,5.9,Storm,Winter,3,8,4.9,Refrigerated,0,slow,fast,3,1423,80,3847.79,820.3446055,4668.134605,71.5
"Phoenix, AZ","Los Angeles, CA",58.3,14.1,3.5,5.63,High,7.1,Clear,Summer,1,8,7.2,Dry Van,1,slow,slow,1,410,60,753.99,254.8845471,1008.874547,58.3
"New York, NY","Atlanta, GA",55.3,7.7,3.53,5.04,Medium,6.9,Fog,Fall,2,8,5,Flatbed,1,fast,slow,1,858,60,1592.45,600.9404762,2193.390476,55.3
"Atlanta, GA","Phoenix, AZ",50.4,20.4,3.48,5.87,Low,5.2,Snow,Spring,5,8,2.7,Tanker,0,fast,slow,1,1827,60,3334.28,1083.127768,4417.407768,50.4
"Miami, FL","Chicago, IL",68.5,8.2,3.74,5.91,Low,6.6,Snow,Fall,3,8,8,Refrigerated,1,slow,normal,2,1370,70,3014,866.9712352,3880.971235,68.5
"Phoenix, AZ","Denver, CO",49.9,19.6,4.19,7.11,Medium,7,Fog,Spring,2,8,5.4,Dry Van,1,fast,slow,1,673,60,1228.23,396.6061885,1624.836188,49.9
"Miami, FL","Los Angeles, CA",45.1,22.5,3.29,4.06,Low,7.7,Snow,Fall,8,8,7.7,Flatbed,1,slow,slow,1,2686,60,4998.65,2176.586207,7175.236207,45.1
"Miami, FL","Los Angeles, CA",73.1,21.6,3.96,5.41,Low,6.9,Rain,Fall,5,8,1.7,Dry Van,0,slow,fast,3,2686,80,7375.76,1966.092421,9341.852421,73.1
"Los Angeles, CA","Denver, CO",47,29.7,3.01,5.05,Low,5.2,Snow,Summer,3,8,6.9,Dry Van,1,slow,slow,1,954,60,1754.41,568.6217822,2323.031782,47
"Dallas, TX","Chicago, IL",49,16.1,4.32,5.76,High,8.2,Rain,Spring,3,8,1.1,Refrigerated,1,normal,slow,1,925,60,1704.77,693.75,2398.52,49
"Seattle, WA","Houston, TX",65.2,21.4,3.31,5.07,Medium,6.4,Storm,Spring,5,8,6.3,Tanker,0,fast,normal,2,2173,70,4671.95,1418.664694,6090.614694,65.2
"Phoenix, AZ","Seattle, WA",41.5,23.6,3.97,5.27,High,4.8,Fog,Winter,4,8,0.4,Dry Van,1,normal,slow,1,1282,60,2346.06,965.7571157,3311.817116,41.5
"Dallas, TX","Denver, CO",41.1,23.3,3.5,5.47,High,8.9,Clear,Fall,3,8,8.4,Tanker,1,fast,slow,1,762,60,1387.6,487.5685558,1875.168556,41.1
"New York, NY","Atlanta, GA",52,7.9,3.18,5.34,High,4.8,Rain,Fall,3,8,0.5,Dry Van,1,normal,slow,1,858,60,1592.45,510.9438202,2103.39382,52
"Dallas, TX","Atlanta, GA",45.1,23.9,3.44,7.19,High,5.1,Snow,Fall,3,8,3.3,Dry Van,0,fast,slow,1,828,60,1507.79,396.1502086,1903.940209,45.1
"Seattle, WA","Atlanta, GA",41.4,17.4,3.3,5.95,Low,4.8,Fog,Spring,8,8,1.1,Tanker,0,slow,slow,1,2505,60,4584.15,1389.327731,5973.477731,41.4
"Denver, CO","Dallas, TX",60.8,29.4,3.9,6.75,Medium,7.2,Storm,Fall,2,8,1.4,Flatbed,1,slow,normal,2,762,70,1634.49,440.2666667,2074.756667,60.8
"New York, NY","Dallas, TX",54.4,20.4,4.06,5.52,High,6.3,Rain,Summer,4,8,1.4,Flatbed,0,normal,slow,1,1576,60,2918.75,1159.15942,4077.90942,54.4
"Denver, CO","Seattle, WA",55.6,29.6,3.7,6.58,Medium,4.8,Rain,Spring,3,8,9.8,Flatbed,1,fast,slow,1,1172,60,2144.76,659.0273556,2803.787356,55.6
"Chicago, IL","Miami, FL",40.8,8.7,3.05,7.96,Low,5.7,Fog,Winter,5,8,10,Flatbed,0,fast,slow,1,1370,60,2561.9,524.9371859,3086.837186,40.8
"Houston, TX","Los Angeles, CA",41.2,7,3.96,5.62,Medium,7.6,Snow,Fall,5,8,4.9,Refrigerated,1,fast,slow,1,1577,60,2892.22,1111.19573,4003.41573,41.2
"Atlanta, GA","Los Angeles, CA",68.8,17,3.96,5.27,Low,8.7,Snow,Summer,5,8,3.2,Flatbed,0,normal,normal,2,2223,70,4812.8,1670.413662,6483.213662,68.8
"Los Angeles, CA","Chicago, IL",74.4,8.9,4.08,4.4,Low,5.9,Clear,Summer,4,8,2,Refrigerated,0,slow,fast,3,2004,80,5502.98,1858.254545,7361.234545,74.4
"Phoenix, AZ","Miami, FL",50.4,21.1,4,5.44,High,4.8,Storm,Fall,6,8,6.1,Flatbed,1,slow,slow,1,2276,60,4206.05,1673.529412,5879.579412,50.4
"New York, NY","Houston, TX",40.7,29.6,3.73,7.11,Medium,6,Clear,Summer,6,8,0.2,Refrigerated,1,slow,slow,1,1630,60,3018.76,855.1195499,3873.87955,40.7
"Atlanta, GA","Seattle, WA",71.1,22.3,3.29,6.36,High,9.4,Clear,Winter,5,8,1.5,Flatbed,0,normal,fast,3,2505,80,6755.98,1295.825472,8051.805472,71.1
"Los Angeles, CA","Miami, FL",50.6,16.4,4.05,7.4,High,9.6,Storm,Spring,7,8,0.1,Tanker,1,slow,slow,1,2686,60,4998.65,1470.040541,6468.690541,50.6
"Dallas, TX","Miami, FL",41.9,11.6,4.03,5.92,Medium,7.6,Clear,Fall,4,8,8.2,Refrigerated,0,normal,slow,1,1277,60,2353.51,869.3091216,3222.819122,41.9
"Atlanta, GA","Phoenix, AZ",69.7,25.3,3.37,6.38,High,7.5,Clear,Spring,4,8,8.5,Tanker,1,fast,normal,2,1827,70,3928.05,965.0454545,4893.095455,69.7
"Denver, CO","Miami, FL",54,6.9,4.09,6.68,Medium,9.6,Rain,Winter,5,8,5.4,Flatbed,1,fast,slow,1,1984,60,3666.43,1214.754491,4881.184491,54
"Atlanta, GA","Dallas, TX",56.7,19,4.19,5.64,Medium,9,Clear,Summer,2,8,9,Dry Van,1,fast,slow,1,828,60,1507.79,615.1276596,2122.91766,56.7
"Dallas, TX","Miami, FL",57.8,21.1,3.79,5.87,Low,9.4,Rain,Winter,3,8,4.9,Flatbed,0,normal,slow,1,1277,60,2353.51,824.5025554,3178.012555,57.8
"Phoenix, AZ","New York, NY",73.3,12.4,3.49,6.41,High,4.8,Snow,Winter,5,8,0.9,Flatbed,1,fast,fast,3,2461,80,6740.68,1339.920437,8080.600437,73.3
"Atlanta, GA","Houston, TX",61.7,6.8,3.41,5.34,Medium,6.2,Snow,Winter,2,8,3.9,Flatbed,0,fast,normal,2,806,70,1728.87,514.6928839,2243.562884,61.7
"Houston, TX","Los Angeles, CA",72.2,11.3,3.71,4.62,Medium,8.1,Fog,Spring,3,8,6.4,Dry Van,1,fast,fast,3,1577,80,4264.21,1266.378788,5530.588788,72.2
"Denver, CO","Chicago, IL",59.4,7.2,4.46,6.41,Medium,8,Clear,Fall,3,8,7.8,Dry Van,1,fast,slow,1,1056,60,1951.49,734.7519501,2686.24195,59.4
"Denver, CO","Dallas, TX",72.5,29.7,4.16,4.44,Medium,6.8,Snow,Spring,2,8,1,Flatbed,0,slow,fast,3,762,80,2044.45,713.9459459,2758.395946,72.5
"Seattle, WA","Chicago, IL",73.9,19.2,3.47,7.37,Low,9.1,Clear,Summer,4,8,8.7,Dry Van,1,normal,fast,3,1993,80,5444.88,938.3595658,6383.239566,73.9
"Chicago, IL","Los Angeles, CA",72.6,28.7,4.74,5,Low,9.1,Storm,Winter,4,8,7.8,Refrigerated,0,fast,fast,3,2004,80,5502.98,1899.792,7402.772,72.6
"Houston, TX","New York, NY",46.4,7.9,4.68,7.11,High,6,Clear,Summer,5,8,1.2,Dry Van,0,fast,slow,1,1630,60,3018.76,1072.911392,4091.671392,46.4
"Denver, CO","Dallas, TX",40.7,14.8,3.15,5.9,Medium,6.5,Clear,Summer,3,8,3.7,Dry Van,0,normal,slow,1,762,60,1387.6,406.8305085,1794.430508,40.7
"Los Angeles, CA","Chicago, IL",57.3,5.5,4.22,7.32,High,5.4,Clear,Winter,5,8,8.2,Tanker,0,slow,slow,1,2004,60,3729.44,1155.311475,4884.751475,57.3
"Phoenix, AZ","Miami, FL",72.6,28.2,3.4,5.06,High,8.2,Clear,Summer,4,8,4.4,Refrigerated,0,normal,fast,3,2276,80,6202.1,1529.328063,7731.428063,72.6
"Chicago, IL","Miami, FL",56.1,20.2,3.66,6.04,Low,4.8,Storm,Winter,4,8,0.9,Flatbed,1,slow,slow,1,1370,60,2561.9,830.1655629,3392.065563,56.1
"Atlanta, GA","Los Angeles, CA",70,10.1,4.15,4.6,High,5.6,Storm,Spring,4,8,1.4,Tanker,0,slow,normal,2,2223,70,4812.8,2005.532609,6818.332609,70
"Seattle, WA","Houston, TX",70.7,5.3,3.12,7.22,High,5.7,Rain,Fall,4,8,1.5,Refrigerated,0,fast,fast,3,2173,80,5845.37,939.0249307,6784.394931,70.7
"Denver, CO","Atlanta, GA",60,29.7,3.15,5.6,High,4.3,Fog,Spring,3,8,4.5,Dry Van,1,fast,slow,1,1392,60,2540.4,783,3323.4,60
"Los Angeles, CA","Denver, CO",74.7,21.3,3.25,6.02,Medium,7.2,Storm,Summer,2,8,6.8,Dry Van,0,fast,fast,3,954,80,2586.29,515.0332226,3101.323223,74.7
"New York, NY","Chicago, IL",68.4,21.2,4.75,5.52,Medium,7.5,Snow,Fall,2,8,6.3,Flatbed,0,fast,normal,2,818,70,1807.78,703.8949275,2511.674928,68.4
"Denver, CO","Atlanta, GA",57.7,24.3,4.41,4.48,Medium,7.5,Rain,Spring,4,8,1.6,Flatbed,0,fast,slow,1,1392,60,2540.4,1370.25,3910.65,57.7
"Los Angeles, CA","Dallas, TX",64.6,24.4,3.56,5.15,Low,9.4,Clear,Winter,3,8,5.7,Tanker,0,slow,normal,2,1423,70,3073.68,983.6660194,4057.346019,64.6
"Atlanta, GA","Houston, TX",73.4,21.4,3.93,4.61,High,7.1,Clear,Spring,2,8,4,Flatbed,0,slow,fast,3,806,80,2162.5,687.1106291,2849.610629,73.4
"Denver, CO","Chicago, IL",52,8.8,4.16,6.41,Low,5.2,Fog,Spring,3,8,9.9,Refrigerated,0,normal,slow,1,1056,60,1951.49,685.3291732,2636.819173,52
"Miami, FL","New York, NY",69.3,16.8,3.87,5.18,Medium,8.6,Storm,Summer,3,8,1,Tanker,0,normal,normal,2,1256,70,2775.76,938.3629344,3714.122934,69.3
"Los Angeles, CA","Atlanta, GA",67.7,15.9,3.26,5.36,Medium,7.1,Rain,Spring,5,8,6.4,Tanker,1,normal,normal,2,2223,70,4812.8,1352.048507,6164.848507,67.7
"Houston, TX","Denver, CO",45.6,15.3,3.15,7.02,Medium,6.4,Clear,Fall,3,8,6.8,Tanker,0,slow,slow,1,1010,60,1839.21,453.2051282,2292.415128,45.6
"Dallas, TX","New York, NY",51.7,12.6,3.82,4.09,Medium,8,Storm,Summer,4,8,0.5,Refrigerated,1,fast,slow,1,1576,60,2918.75,1471.96088,4390.71088,51.7
"Chicago, IL","Houston, TX",49.2,8.2,3.74,6.95,Medium,5.8,Snow,Spring,3,8,4.2,Tanker,0,slow,slow,1,1083,60,1995.97,582.7942446,2578.764245,49.2
"Phoenix, AZ","Seattle, WA",51.6,23.1,4.22,4.48,High,5,Fog,Summer,4,8,8.1,Dry Van,0,slow,slow,1,1282,60,2346.06,1207.598214,3553.658214,51.6
"Phoenix, AZ","Atlanta, GA",60.8,9.3,3.62,4.08,Medium,8.6,Fog,Fall,4,8,8.3,Dry Van,0,fast,normal,2,1827,70,3928.05,1621.014706,5549.064706,60.8
"Phoenix, AZ","Atlanta, GA",46.5,29.3,4.43,7.34,Low,4.1,Clear,Spring,5,8,7.4,Tanker,1,normal,slow,1,1827,60,3334.28,1102.671662,4436.951662,46.5
"Atlanta, GA","Seattle, WA",59.9,15.7,3.04,4.94,High,5.7,Rain,Winter,6,8,6.3,Dry Van,1,fast,slow,1,2505,60,4584.15,1541.538462,6125.688462,59.9
"Seattle, WA","Houston, TX",49.7,27.5,3.93,5.57,Low,8.3,Snow,Summer,6,8,0.3,Tanker,0,fast,slow,1,2173,60,3965.72,1533.193896,5498.913896,49.7
"Chicago, IL","New York, NY",61.4,13,4.54,7.89,Medium,9.7,Snow,Spring,2,8,2.3,Refrigerated,1,slow,normal,2,818,70,1807.78,470.6869455,2278.466946,61.4
"Seattle, WA","Dallas, TX",56.1,10.2,4.41,5.14,Low,5.6,Snow,Fall,5,8,9.7,Dry Van,0,slow,slow,1,1932,60,3525.9,1657.610895,5183.510895,56.1
"Phoenix, AZ","Atlanta, GA",51.6,5.7,3.9,6.61,Low,8.9,Snow,Fall,5,8,5.1,Dry Van,1,slow,slow,1,1827,60,3334.28,1077.95764,4412.23764,51.6
"New York, NY","Atlanta, GA",59.3,11.9,4.59,4.69,Medium,9.4,Storm,Summer,2,8,3.7,Flatbed,1,fast,slow,1,858,60,1592.45,839.7057569,2432.155757,59.3
"Phoenix, AZ","Atlanta, GA",66,16.4,3.06,7.68,Medium,6.6,Clear,Summer,4,8,4.3,Dry Van,1,slow,normal,2,1827,70,3928.05,727.9453125,4655.995313,66
"Atlanta, GA","Seattle, WA",65,26.5,3.02,7.87,Medium,6,Rain,Fall,5,8,0.5,Flatbed,0,normal,normal,2,2505,70,5398.28,961.2579416,6359.537942,65
"Chicago, IL","Los Angeles, CA",61.9,27,4.26,4.91,Medium,6.8,Clear,Spring,5,8,9.2,Tanker,1,slow,normal,2,2004,70,4388.76,1738.704684,6127.464684,61.9
"Seattle, WA","Chicago, IL",58.9,9,3.99,4.36,High,9.7,Storm,Fall,5,8,8.5,Refrigerated,0,slow,slow,1,1993,60,3691.04,1823.869266,5514.909266,58.9
"Atlanta, GA","New York, NY",46.4,22.4,4.77,6.3,Low,7.8,Clear,Summer,3,8,0.4,Flatbed,1,normal,slow,1,858,60,1592.45,649.6285714,2242.078571,46.4
"Chicago, IL","Houston, TX",73.4,12,4.46,6.31,High,5.4,Fog,Spring,2,8,4.9,Flatbed,1,fast,fast,3,1083,80,2943.59,765.4801902,3709.07019,73.4
"Atlanta, GA","Chicago, IL",50.2,25.2,3.96,6.62,Medium,5.1,Storm,Spring,2,8,5.3,Flatbed,1,slow,slow,1,677,60,1251.1,404.9728097,1656.07281,50.2
"Houston, TX","Seattle, WA",66.9,13.9,4.39,7.77,High,7.8,Clear,Fall,5,8,6.8,Refrigerated,1,slow,normal,2,2173,70,4671.95,1227.731017,5899.681017,66.9
"Miami, FL","Chicago, IL",70.5,17.9,3.77,4.23,High,6.3,Storm,Spring,3,8,0.9,Dry Van,0,slow,fast,3,1370,80,3781.2,1221.016548,5002.216548,70.5
"Denver, CO","Miami, FL",53.9,27.7,4.91,4.48,Medium,4.7,Storm,Spring,5,8,3,Flatbed,0,normal,slow,1,1984,60,3666.43,2174.428571,5840.858571,53.9
"New York, NY","Dallas, TX",41.2,11.9,4.39,5.7,Medium,7.1,Rain,Spring,5,8,0.7,Refrigerated,0,fast,slow,1,1576,60,2918.75,1213.796491,4132.546491,41.2
"Dallas, TX","Los Angeles, CA",67.1,11.6,3.65,5.24,Low,7.9,Rain,Spring,3,8,1.3,Dry Van,1,slow,normal,2,1423,70,3073.68,991.2118321,4064.891832,67.1
"Dallas, TX","Phoenix, AZ",53.3,18.2,3.06,4.23,High,8.1,Rain,Winter,3,8,7.1,Flatbed,0,slow,slow,1,1017,60,1851.96,735.7021277,2587.662128,53.3
"Miami, FL","Houston, TX",43.7,22.3,3.36,4.39,Medium,8.5,Rain,Winter,4,8,7.2,Refrigerated,1,fast,slow,1,1112,60,2049.42,851.0979499,2900.51795,43.7
"Denver, CO","Dallas, TX",74.7,8.4,4.93,6.4,Medium,8.9,Clear,Spring,2,8,5.7,Tanker,0,slow,fast,3,762,80,2044.45,586.978125,2631.428125,74.7
"Chicago, IL","Los Angeles, CA",51.2,28.1,3.23,5.27,Low,4.2,Rain,Fall,5,8,4.3,Flatbed,1,slow,slow,1,2004,60,3729.44,1228.258065,4957.698065,51.2
"Atlanta, GA","Los Angeles, CA",58.9,24.9,4.68,5.6,High,6.6,Storm,Summer,5,8,0.5,Tanker,0,normal,slow,1,2223,60,4088.1,1857.792857,5945.892857,58.9
"New York, NY","Seattle, WA",42.3,23.3,4.08,4.79,High,7.2,Rain,Fall,9,8,4.4,Tanker,0,fast,slow,1,2762,60,5140.08,2352.601253,7492.681253,42.3
"New York, NY","Phoenix, AZ",56.2,8.7,4.45,4.75,Medium,8.4,Snow,Spring,6,8,4.5,Flatbed,0,normal,slow,1,2461,60,4567.62,2305.568421,6873.188421,56.2
"Denver, CO","Houston, TX",64.8,5.8,3.59,7.48,High,4.1,Fog,Winter,2,8,7,Flatbed,0,normal,normal,2,1010,70,2166.45,484.7459893,2651.195989,64.8
"Dallas, TX","Atlanta, GA",48.3,9.7,4.22,6.38,High,7.1,Storm,Winter,3,8,9.3,Tanker,1,fast,slow,1,828,60,1507.79,547.6739812,2055.463981,48.3
"New York, NY","Los Angeles, CA",73.9,13.9,3.28,5.59,High,7,Rain,Spring,5,8,7.5,Refrigerated,0,slow,fast,3,2812,80,7761.12,1649.974955,9411.094955,73.9
"Dallas, TX","Seattle, WA",70.7,18.1,4.78,5.32,High,4.4,Clear,Spring,4,8,2.5,Flatbed,1,fast,fast,3,1932,80,5197.08,1735.894737,6932.974737,70.7
"Seattle, WA","New York, NY",74.2,21.9,4.86,7.34,Medium,7.5,Snow,Summer,5,8,2.6,Refrigerated,0,slow,fast,3,2762,80,7584.45,1828.790191,9413.240191,74.2
"Dallas, TX","Denver, CO",60.7,5.9,3.97,7.44,Low,7,Rain,Spring,2,8,7.9,Flatbed,0,normal,normal,2,762,70,1634.49,406.6048387,2041.094839,60.7
"New York, NY","Phoenix, AZ",73.5,29.8,4.83,4.34,Medium,6,Storm,Winter,5,8,8,Dry Van,1,slow,fast,3,2461,80,6740.68,2738.854839,9479.534839,73.5
"Los Angeles, CA","Houston, TX",60,17,3.21,7.36,Low,8.5,Clear,Winter,4,8,4.3,Flatbed,0,normal,slow,1,1577,60,2892.22,687.794837,3580.014837,60
"Dallas, TX","Chicago, IL",55.5,7.1,4.78,7.48,Low,10,Storm,Winter,3,8,7.5,Flatbed,0,normal,slow,1,925,60,1704.77,591.1096257,2295.879626,55.5
"Phoenix, AZ","Chicago, IL",63.4,21.2,4.8,7.32,High,9.6,Snow,Winter,4,8,8.7,Flatbed,0,normal,normal,2,1670,70,3632.25,1095.081967,4727.331967,63.4
"Miami, FL","New York, NY",69.6,20.2,3.76,4.23,High,8.1,Clear,Summer,3,8,4.7,Dry Van,1,normal,normal,2,1256,70,2775.76,1116.444444,3892.204444,69.6
"Los Angeles, CA","Chicago, IL",71.9,25.6,3.9,5.55,Low,5.4,Storm,Fall,4,8,8,Dry Van,1,fast,fast,3,2004,80,5502.98,1408.216216,6911.196216,71.9
"Seattle, WA","Chicago, IL",53.6,26.1,4.98,7.94,Low,6.6,Snow,Winter,5,8,3,Dry Van,1,slow,slow,1,1993,60,3691.04,1250.017632,4941.057632,53.6
"Phoenix, AZ","Dallas, TX",57.2,10,4.42,6.15,Medium,9.4,Fog,Winter,3,8,3.2,Flatbed,0,fast,slow,1,1017,60,1851.96,730.9170732,2582.877073,57.2
"Dallas, TX","Houston, TX",66.3,9.8,3.06,7.41,Medium,4.8,Snow,Summer,1,8,1,Flatbed,1,slow,normal,2,259,70,554.26,106.9554656,661.2154656,66.3
"Seattle, WA","Houston, TX",72,23.1,4.63,7.49,Low,9.8,Fog,Fall,4,8,6.1,Flatbed,0,fast,fast,3,2173,80,5845.37,1343.256342,7188.626342,72
"Denver, CO","Los Angeles, CA",46.4,22.2,4.99,5.87,High,8.3,Rain,Summer,3,8,4.3,Dry Van,0,normal,slow,1,954,60,1754.41,810.9812606,2565.391261,46.4
"Miami, FL","Houston, TX",57.7,14.2,4.5,7.5,High,9.3,Fog,Winter,3,8,9,Flatbed,1,slow,slow,1,1112,60,2049.42,667.2,2716.62,57.7
"Dallas, TX","Denver, CO",50.8,23.2,3.61,4.21,Low,6.2,Fog,Fall,2,8,3.3,Dry Van,0,slow,slow,1,762,60,1387.6,653.4014252,2041.001425,50.8
"New York, NY","Seattle, WA",63.1,23.3,4.79,5.73,Low,5,Clear,Winter,6,8,1.1,Dry Van,0,slow,normal,2,2762,70,6048.78,2308.897033,8357.677033,63.1
"Chicago, IL","Denver, CO",70.8,22.5,3.84,7.01,High,8.4,Clear,Winter,2,8,6.8,Dry Van,1,normal,fast,3,1056,80,2877.6,578.4650499,3456.06505,70.8
"Los Angeles, CA","Seattle, WA",73.7,29.2,3.76,6.36,Medium,4.8,Rain,Spring,2,8,4.3,Tanker,0,normal,fast,3,1104,80,3000.67,652.6792453,3653.349245,73.7
"Seattle, WA","Chicago, IL",59.9,15.7,4.64,7.18,Medium,8.4,Rain,Spring,5,8,8.8,Flatbed,0,normal,slow,1,1993,60,3691.04,1287.955432,4978.995432,59.9
"Denver, CO","Houston, TX",41.3,10.2,3.57,4.45,Low,4.4,Storm,Summer,4,8,1.6,Tanker,1,fast,slow,1,1010,60,1839.21,810.2696629,2649.479663,41.3
"Los Angeles, CA","Dallas, TX",52.9,21.8,3.45,4.96,Medium,7.4,Rain,Summer,4,8,7.6,Tanker,0,slow,slow,1,1423,60,2609.78,989.7883065,3599.568306,52.9
"Chicago, IL","Houston, TX",55.7,27.3,4.25,7.96,Low,8.9,Fog,Winter,3,8,3.2,Tanker,1,normal,slow,1,1083,60,1995.97,578.2349246,2574.204925,55.7
"Denver, CO","Los Angeles, CA",65.3,18.8,4.57,5.13,Medium,5.1,Snow,Winter,2,8,2.3,Refrigerated,1,normal,normal,2,954,70,2065.41,849.8596491,2915.269649,65.3
"Atlanta, GA","Miami, FL",40.7,10.7,3.05,5.38,High,4.9,Rain,Summer,3,8,3.8,Refrigerated,0,normal,slow,1,697,60,1288.06,395.1394052,1683.199405,40.7
"Chicago, IL","Phoenix, AZ",54,10.2,4.36,5.46,Medium,4.9,Fog,Summer,4,8,1.9,Dry Van,0,normal,slow,1,1670,60,3086.16,1333.553114,4419.713114,54
"Atlanta, GA","Chicago, IL",65.9,13,3.21,6.87,Low,5.8,Storm,Spring,2,8,1.5,Dry Van,1,normal,normal,2,677,70,1472.47,316.3275109,1788.797511,65.9
"Los Angeles, CA","Phoenix, AZ",60.7,14,3.04,4.39,High,5.7,Clear,Summer,1,8,1,Flatbed,1,fast,normal,2,410,70,887.65,283.9179954,1171.567995,60.7
"Dallas, TX","Houston, TX",44.2,10.3,3.34,4.27,Low,8,Rain,Spring,1,8,6.8,Dry Van,0,slow,slow,1,259,60,470.34,202.5901639,672.9301639,44.2
"Seattle, WA","Houston, TX",56.8,15.7,4.44,6.24,Medium,10,Clear,Fall,5,8,1.8,Refrigerated,0,fast,slow,1,2173,60,3965.72,1546.173077,5511.893077,56.8
"Chicago, IL","New York, NY",48.2,19,3.25,7.8,High,9.2,Storm,Fall,3,8,1.7,Tanker,0,slow,slow,1,818,60,1537.02,340.8333333,1877.853333,48.2
"Seattle, WA","Dallas, TX",67.1,10.5,3.12,6.18,Low,8.1,Rain,Winter,4,8,9.5,Refrigerated,1,fast,normal,2,1932,70,4153.8,975.3786408,5129.178641,67.1
"Atlanta, GA","Los Angeles, CA",57.9,6.4,3.41,4.36,High,6.4,Snow,Spring,5,8,5.8,Flatbed,1,normal,slow,1,2223,60,4088.1,1738.630734,5826.730734,57.9
"Dallas, TX","Chicago, IL",41.4,18.8,3.27,5.37,High,7.1,Storm,Fall,3,8,0.8,Dry Van,1,slow,slow,1,925,60,1704.77,563.2681564,2268.038156,41.4
"Chicago, IL","Phoenix, AZ",40.5,20.7,4.1,7.25,Medium,7.2,Storm,Winter,6,8,4.2,Flatbed,0,fast,slow,1,1670,60,3086.16,944.4137931,4030.573793,40.5
"Atlanta, GA","Dallas, TX",57.6,23.2,3.96,5.15,High,6.2,Clear,Summer,2,8,4.7,Tanker,0,slow,slow,1,828,60,1507.79,636.6757282,2144.465728,57.6
"Seattle, WA","Los Angeles, CA",72.7,24.9,3.11,8,High,8.2,Clear,Spring,2,8,6.9,Tanker,1,fast,fast,3,1104,80,3000.67,429.18,3429.85,72.7
"Phoenix, AZ","New York, NY",48.4,11.4,3.61,6.39,High,5,Snow,Winter,7,8,6.8,Tanker,0,normal,slow,1,2461,60,4567.62,1390.330203,5957.950203,48.4
"New York, NY","Atlanta, GA",57.5,14.1,3.86,5.55,Medium,9.8,Storm,Summer,2,8,2,Refrigerated,0,normal,slow,1,858,60,1592.45,596.7351351,2189.185135,57.5
"Chicago, IL","Houston, TX",66.3,22.6,4.62,5.37,Low,9.6,Clear,Summer,3,8,0.3,Flatbed,1,fast,normal,2,1083,70,2350.11,931.7430168,3281.853017,66.3
"Atlanta, GA","New York, NY",67.9,21.8,3.87,5.03,High,4.4,Fog,Summer,2,8,4.6,Flatbed,0,normal,normal,2,858,70,1874.73,660.1312127,2534.861213,67.9
"Denver, CO","Atlanta, GA",62.6,28.7,3.2,5.35,High,6.9,Rain,Spring,3,8,5,Refrigerated,0,slow,normal,2,1392,70,2992.8,832.5981308,3825.398131,62.6
"Atlanta, GA","Phoenix, AZ",61.3,6,3.23,7.01,Medium,8.3,Snow,Fall,4,8,6.5,Flatbed,0,normal,normal,2,1827,70,3928.05,841.8273894,4769.877389,61.3
"Houston, TX","Dallas, TX",62.3,28.7,3.41,7.96,High,9,Snow,Spring,1,8,5.2,Tanker,0,fast,normal,2,259,70,554.26,110.9535176,665.2135176,62.3
"Miami, FL","Dallas, TX",58.1,7.5,4.32,6.26,Low,4.1,Fog,Fall,3,8,2.8,Tanker,1,normal,slow,1,1277,60,2353.51,881.2523962,3234.762396,58.1
"Dallas, TX","Seattle, WA",50.9,28,4.07,6.78,Low,4.5,Clear,Spring,5,8,2.6,Tanker,0,fast,slow,1,1932,60,3525.9,1159.769912,4685.669912,50.9
"Dallas, TX","Atlanta, GA",64.1,19.2,3.75,6.62,High,5,Rain,Summer,2,8,8.5,Tanker,1,slow,normal,2,828,70,1776.06,469.0332326,2245.093233,64.1
"New York, NY","Chicago, IL",62.7,12.7,3.74,4.33,Medium,9.1,Rain,Fall,2,8,0.8,Flatbed,1,slow,normal,2,818,70,1807.78,706.5404157,2514.320416,62.7
"Atlanta, GA","Chicago, IL",55.5,24.1,3.03,4.11,Low,5,Snow,Summer,2,8,5.7,Dry Van,0,slow,slow,1,677,60,1251.1,499.1021898,1750.20219,55.5
"Denver, CO","Seattle, WA",60.9,22.2,3.44,5.58,Low,7.6,Fog,Winter,3,8,7.3,Tanker,1,fast,normal,2,1172,70,2525.66,722.5232975,3248.183297,60.9
"Denver, CO","Seattle, WA",67.8,9.1,4.08,6.03,Low,4.6,Storm,Spring,3,8,4.6,Dry Van,1,fast,normal,2,1172,70,2525.66,792.9950249,3318.655025,67.8
"Dallas, TX","Chicago, IL",49.5,24.1,3.37,6.69,Medium,9.5,Storm,Winter,3,8,9,Tanker,0,slow,slow,1,925,60,1704.77,465.9566517,2170.726652,49.5
"Miami, FL","Houston, TX",51.1,27.4,3.06,4.11,Medium,7.6,Storm,Spring,3,8,7.5,Tanker,0,slow,slow,1,1112,60,2049.42,827.9124088,2877.332409,51.1
"Atlanta, GA","New York, NY",73.3,22.6,4.9,5.32,Medium,8.2,Storm,Winter,2,8,3.8,Flatbed,0,fast,fast,3,858,80,2350.06,790.2631579,3140.323158,73.3
"Miami, FL","Phoenix, AZ",49.3,12.9,4.84,7.88,High,5.7,Clear,Winter,6,8,7.6,Dry Van,0,fast,slow,1,2276,60,4206.05,1397.949239,5603.999239,49.3
"Houston, TX","New York, NY",61,20.9,4.53,4.61,Low,9.8,Clear,Fall,4,8,4.7,Dry Van,0,fast,normal,2,1630,70,3553.4,1601.713666,5155.113666,61
"Denver, CO","New York, NY",74.8,21.5,4.59,4.11,High,8.9,Fog,Summer,4,8,1.3,Tanker,0,fast,fast,3,1872,80,5127.41,2090.627737,7218.037737,74.8
"Seattle, WA","Houston, TX",63.8,29.9,4.33,5.05,High,5.2,Snow,Fall,5,8,9.9,Refrigerated,0,slow,normal,2,2173,70,4671.95,1863.186139,6535.136139,63.8
"Miami, FL","Chicago, IL",44.5,8.3,4.36,5.49,Low,8.4,Storm,Summer,4,8,6.3,Refrigerated,0,normal,slow,1,1370,60,2561.9,1088.014572,3649.914572,44.5
"Atlanta, GA","Chicago, IL",59.2,18.5,3.18,5.64,Low,7.3,Snow,Spring,2,8,9,Tanker,1,slow,slow,1,677,60,1251.1,381.712766,1632.812766,59.2
"New York, NY","Seattle, WA",68.8,14.4,4.43,5.58,Medium,5.4,Storm,Winter,6,8,0.7,Tanker,0,slow,normal,2,2762,70,6048.78,2192.770609,8241.550609,68.8
"Denver, CO","Chicago, IL",56.1,28.9,3.63,7.61,Medium,5.4,Clear,Fall,3,8,0,Refrigerated,0,normal,slow,1,1056,60,1951.49,503.7161629,2455.206163,56.1
"Houston, TX","Seattle, WA",74.3,8.6,3.81,7.74,Low,5.2,Storm,Spring,4,8,8.2,Dry Van,1,fast,fast,3,2173,80,5845.37,1069.655039,6915.025039,74.3
"Atlanta, GA","Seattle, WA",49.9,12.9,4.81,4.94,High,7.3,Storm,Winter,7,8,2.7,Dry Van,0,slow,slow,1,2505,60,4584.15,2439.078947,7023.228947,49.9
"Miami, FL","Denver, CO",63.3,6.2,3.27,4.76,Low,5.5,Rain,Fall,4,8,4.9,Dry Van,0,fast,normal,2,1984,70,4315.2,1362.957983,5678.157983,63.3
"Seattle, WA","Los Angeles, CA",74.8,7.8,4.18,6.73,High,9.6,Snow,Spring,2,8,7.6,Tanker,1,normal,fast,3,1104,80,3000.67,685.6939079,3686.363908,74.8
"Chicago, IL","Seattle, WA",68.5,25.9,3.72,5.6,High,9.3,Fog,Summer,4,8,3.3,Tanker,0,normal,normal,2,1993,70,4344.74,1323.921429,5668.661429,68.5
"Atlanta, GA","Dallas, TX",65.4,9,4.4,6.77,Medium,6.8,Fog,Winter,2,8,3.2,Refrigerated,0,fast,normal,2,828,70,1776.06,538.1388479,2314.198848,65.4
"Seattle, WA","Miami, FL",44,25.7,4.52,4.75,Medium,8.3,Clear,Summer,9,8,7.5,Refrigerated,1,fast,slow,1,3141,60,5817.13,2988.909474,8806.039474,44
"Denver, CO","Seattle, WA",45.5,10.9,3.73,7.17,Low,8.4,Storm,Summer,4,8,2.2,Dry Van,0,slow,slow,1,1172,60,2144.76,609.7015342,2754.461534,45.5
"Dallas, TX","Los Angeles, CA",49.8,8.6,3.66,6.34,Low,8.2,Clear,Winter,4,8,5,Tanker,1,normal,slow,1,1423,60,2609.78,821.4794953,3431.259495,49.8
"Denver, CO","Chicago, IL",40.3,14.9,4.17,6.28,Low,8.5,Fog,Spring,4,8,2.6,Flatbed,0,slow,slow,1,1056,60,1951.49,701.1974522,2652.687452,40.3
"Atlanta, GA","Miami, FL",65.7,7.3,4.9,6.17,Low,5.8,Clear,Fall,2,8,0.4,Flatbed,1,slow,normal,2,697,70,1515.97,553.5332253,2069.503225,65.7
"Chicago, IL","Houston, TX",57,9,4.67,7.19,High,4.9,Clear,Summer,3,8,3,Flatbed,1,fast,slow,1,1083,60,1995.97,703.4228095,2699.392809,57
"Denver, CO","Los Angeles, CA",65,12.4,4.1,6.51,High,6.9,Rain,Fall,2,8,8,Tanker,0,fast,normal,2,954,70,2065.41,600.8294931,2666.239493,65
"Dallas, TX","Miami, FL",53.4,25.8,3.98,4.99,High,7,Snow,Summer,3,8,6.9,Flatbed,1,slow,slow,1,1277,60,2353.51,1018.529058,3372.039058,53.4
"Phoenix, AZ","New York, NY",49.1,28.9,4.55,7.15,Medium,7.7,Fog,Spring,7,8,4,Flatbed,1,fast,slow,1,2461,60,4567.62,1566.090909,6133.710909,49.1
"Los Angeles, CA","Denver, CO",59,26.1,4.05,4.14,High,4.2,Rain,Spring,3,8,3.3,Dry Van,0,normal,slow,1,954,60,1754.41,933.2608696,2687.67087,59
"Seattle, WA","Chicago, IL",45.7,24.4,4.72,7.56,Medium,5.8,Fog,Fall,6,8,5.1,Flatbed,0,fast,slow,1,1993,60,3691.04,1244.306878,4935.346878,45.7
"New York, NY","Chicago, IL",73.1,22.1,4.6,4.71,Low,8.3,Fog,Summer,2,8,0.9,Flatbed,0,normal,fast,3,818,80,2269.13,798.895966,3068.025966,73.1
"Atlanta, GA","New York, NY",43.8,23.1,3.28,5.87,Low,6.1,Clear,Spring,3,8,7.1,Dry Van,1,normal,slow,1,858,60,1592.45,479.427598,2071.877598,43.8
"Los Angeles, CA","Atlanta, GA",58,16.6,3.8,7.45,Medium,6,Clear,Fall,5,8,3.6,Flatbed,1,normal,slow,1,2223,60,4088.1,1133.879195,5221.979195,58
"Dallas, TX","Atlanta, GA",51.5,22.5,3.09,5.54,High,6.1,Clear,Winter,3,8,9.7,Refrigerated,0,slow,slow,1,828,60,1507.79,461.8267148,1969.616715,51.5
"Denver, CO","Chicago, IL",68.9,22.5,4.93,7.24,Medium,4.5,Rain,Summer,2,8,5.4,Refrigerated,1,slow,normal,2,1056,70,2296.8,719.0718232,3015.871823,68.9
"Phoenix, AZ","Seattle, WA",48.8,28,4.85,7.2,Medium,9.9,Fog,Winter,4,8,8.3,Refrigerated,0,fast,slow,1,1282,60,2346.06,863.5694444,3209.629444,48.8
"Phoenix, AZ","Chicago, IL",45.7,23.8,3.49,4.01,High,9.5,Snow,Summer,5,8,9.3,Dry Van,0,fast,slow,1,1670,60,3086.16,1453.441397,4539.601397,45.7
"Los Angeles, CA","Miami, FL",71.1,16.4,3.55,7.67,Low,6.3,Fog,Summer,5,8,3.3,Flatbed,0,slow,fast,3,2686,80,7375.76,1243.194263,8618.954263,71.1
"Denver, CO","Houston, TX",74.8,5.6,4.8,4.02,Low,6.2,Rain,Fall,2,8,7.6,Refrigerated,1,normal,fast,3,1010,80,2709.83,1205.970149,3915.800149,74.8
"Chicago, IL","Denver, CO",59.4,12.4,3.27,7.09,High,5.3,Clear,Spring,3,8,2.8,Tanker,1,normal,slow,1,1056,60,1951.49,487.0409027,2438.530903,59.4
"Seattle, WA","Los Angeles, CA",63.1,5.4,3.48,5.72,Low,6,Clear,Spring,3,8,7.9,Flatbed,1,slow,normal,2,1104,70,2395.68,671.6643357,3067.344336,63.1
"New York, NY","Seattle, WA",51.8,22.5,4.69,6.38,Low,8.7,Rain,Summer,7,8,5.7,Tanker,0,slow,slow,1,2762,60,5140.08,2030.373041,7170.453041,51.8
"New York, NY","Seattle, WA",66.1,10.2,4.56,7.22,High,8.9,Fog,Fall,6,8,1.9,Refrigerated,1,normal,normal,2,2762,70,6048.78,1744.421053,7793.201053,66.1
"Atlanta, GA","Seattle, WA",66,27.2,4.3,4.58,Low,9.6,Storm,Spring,5,8,4.3,Dry Van,1,slow,normal,2,2505,70,5398.28,2351.855895,7750.135895,66
"Dallas, TX","Miami, FL",67.2,23.4,4.94,4.46,High,7.5,Fog,Winter,3,8,8.9,Tanker,1,slow,normal,2,1277,70,2771.09,1414.434978,4185.524978,67.2
"Denver, CO","Chicago, IL",74.2,17.8,4.66,5.71,Medium,6.5,Clear,Fall,2,8,8.2,Tanker,0,normal,fast,3,1056,80,2877.6,861.8143608,3739.414361,74.2
"Denver, CO","Seattle, WA",49,6.4,4.63,6.48,Low,9.8,Snow,Winter,3,8,0.7,Tanker,0,slow,slow,1,1172,60,2144.76,837.4012346,2982.161235,49
"Chicago, IL","Los Angeles, CA",43,11.5,3.25,4.9,Low,4.6,Snow,Summer,6,8,5,Refrigerated,0,slow,slow,1,2004,60,3729.44,1329.183673,5058.623673,43
"Denver, CO","Miami, FL",46.1,21.5,3.92,5.48,Medium,5.6,Storm,Fall,6,8,8.9,Flatbed,1,slow,slow,1,1984,60,3666.43,1419.211679,5085.641679,46.1
"Denver, CO","Los Angeles, CA",49.7,27,4.08,7.62,Low,4.2,Storm,Spring,3,8,2.5,Flatbed,0,fast,slow,1,954,60,1754.41,510.8031496,2265.21315,49.7
"Miami, FL","Denver, CO",73.4,27.1,4.13,6.59,High,9.2,Clear,Summer,4,8,6.3,Refrigerated,1,normal,fast,3,1984,80,5406.4,1243.38695,6649.78695,73.4
"New York, NY","Seattle, WA",64,29.4,3.11,4.56,High,6.7,Clear,Spring,6,8,7.8,Refrigerated,0,normal,normal,2,2762,70,6048.78,1883.732456,7932.512456,64
"Miami, FL","Dallas, TX",74.2,12.9,3.86,5.1,High,7.5,Rain,Fall,3,8,7.3,Dry Van,1,fast,fast,3,1277,80,3470.89,966.5137255,4437.403725,74.2
"Los Angeles, CA","Houston, TX",60.1,20,3.05,4.72,Medium,7.3,Storm,Winter,4,8,1.9,Flatbed,1,fast,normal,2,1577,70,3406.32,1019.036017,4425.356017,60.1
"Miami, FL","Phoenix, AZ",57.1,12.7,3.32,6.44,High,8,Storm,Fall,5,8,2.2,Flatbed,1,fast,slow,1,2276,60,4206.05,1173.341615,5379.391615,57.1
"Chicago, IL","Miami, FL",71.7,13.8,3.42,7.09,Low,5.1,Storm,Fall,3,8,1,Tanker,1,slow,fast,3,1370,80,3781.2,660.8462623,4442.046262,71.7
"Phoenix, AZ","Atlanta, GA",54.4,6.6,4.74,6.05,High,7.5,Rain,Winter,5,8,6.5,Tanker,1,fast,slow,1,1827,60,3334.28,1431.401653,4765.681653,54.4
"Denver, CO","Chicago, IL",44,16.9,3.71,5.96,Low,9.5,Fog,Fall,3,8,1.2,Tanker,1,fast,slow,1,1056,60,1951.49,657.3422819,2608.832282,44
"Seattle, WA","Los Angeles, CA",47.5,25.4,3.49,5.72,High,7.9,Fog,Fall,3,8,7.4,Refrigerated,0,fast,slow,1,1104,60,2034.67,673.5944056,2708.264406,47.5
"Miami, FL","Seattle, WA",59,19.1,3.21,5.74,Low,4.5,Fog,Winter,7,8,9,Dry Van,0,fast,slow,1,3141,60,5817.13,1756.552265,7573.682265,59
"Denver, CO","Los Angeles, CA",66,19.3,3.39,6.38,High,8.5,Rain,Summer,2,8,8.2,Flatbed,1,fast,normal,2,954,70,2065.41,506.9059561,2572.315956,66
"Dallas, TX","Miami, FL",40.1,18,3.79,5.19,Medium,8.6,Storm,Summer,4,8,9,Tanker,0,normal,slow,1,1277,60,2353.51,932.5298651,3286.039865,40.1
"Dallas, TX","Chicago, IL",55.7,22,3.19,5.64,Medium,9.7,Storm,Spring,3,8,0.6,Dry Van,1,slow,slow,1,925,60,1704.77,523.1826241,2227.952624,55.7
"Houston, TX","New York, NY",60.3,17.5,4.94,4.52,High,9.4,Fog,Fall,4,8,9,Tanker,0,slow,normal,2,1630,70,3553.4,1781.460177,5334.860177,60.3
"Los Angeles, CA","Miami, FL",68.5,14.7,4.7,6.55,Medium,4.8,Rain,Spring,5,8,3.1,Refrigerated,1,fast,normal,2,2686,70,5882.34,1927.358779,7809.698779,68.5
"Denver, CO","Atlanta, GA",54.2,5.6,4.84,5.55,High,9.9,Storm,Winter,4,8,0.8,Dry Van,1,slow,slow,1,1392,60,2540.4,1213.924324,3754.324324,54.2
"Los Angeles, CA","Houston, TX",49.5,11.1,3.51,7.66,High,7,Snow,Spring,4,8,2.8,Dry Van,1,slow,slow,1,1577,60,2892.22,722.6201044,3614.840104,49.5
"Los Angeles, CA","Miami, FL",52.3,13,3.49,5.64,Low,8,Storm,Spring,7,8,4.3,Tanker,0,normal,slow,1,2686,60,4998.65,1662.08156,6660.73156,52.3
"Atlanta, GA","Miami, FL",53.6,5.4,4.8,6.11,High,9.1,Snow,Winter,2,8,2.3,Refrigerated,0,fast,slow,1,697,60,1288.06,547.5613748,1835.621375,53.6
"Seattle, WA","Denver, CO",53.5,25.1,3.77,4.82,Medium,4.4,Clear,Fall,3,8,7.6,Dry Van,1,normal,slow,1,1172,60,2144.76,916.6887967,3061.448797,53.5
"Seattle, WA","Miami, FL",65.4,22.1,3.27,4.57,High,8.5,Snow,Fall,7,8,6.4,Dry Van,1,slow,normal,2,3141,70,6847.38,2247.498906,9094.878906,65.4
"Atlanta, GA","Dallas, TX",74.5,6.6,4.22,5.92,Medium,5.5,Storm,Winter,2,8,5.9,Flatbed,0,slow,fast,3,828,80,2221.52,590.2297297,2811.74973,74.5
"Phoenix, AZ","New York, NY",52.1,21.9,3.41,6.47,Low,4.8,Rain,Summer,6,8,9.3,Refrigerated,1,slow,slow,1,2461,60,4567.62,1297.064915,5864.684915,52.1
"Dallas, TX","Chicago, IL",72.4,13.3,3.66,5.6,Low,8.2,Fog,Summer,2,8,2.2,Flatbed,1,normal,fast,3,925,80,2514.15,604.5535714,3118.703571,72.4
"Houston, TX","Phoenix, AZ",67.1,29.1,3.51,7.34,Medium,7.6,Snow,Spring,3,8,9.5,Flatbed,0,slow,normal,2,1166,70,2501.07,557.5831063,3058.653106,67.1
"Los Angeles, CA","Miami, FL",73.3,5.2,4.48,5.09,Low,8.2,Fog,Fall,5,8,10,Flatbed,0,fast,fast,3,2686,80,7375.76,2364.102161,9739.862161,73.3
"Denver, CO","Phoenix, AZ",42.4,7.9,4.83,6.52,Low,9.1,Clear,Summer,2,8,4.5,Refrigerated,0,normal,slow,1,673,60,1228.23,498.5567485,1726.786748,42.4
"Houston, TX","Chicago, IL",46.6,6.7,3.38,5.64,Medium,4.7,Rain,Fall,3,8,4.5,Tanker,0,slow,slow,1,1083,60,1995.97,649.0319149,2645.001915,46.6
"New York, NY","Seattle, WA",56.4,15.7,4.29,7.75,High,4.6,Clear,Spring,7,8,7.7,Tanker,0,normal,slow,1,2762,60,5140.08,1528.900645,6668.980645,56.4
"Houston, TX","Miami, FL",69,28.1,4.27,4.42,Low,9.4,Storm,Summer,3,8,7.5,Tanker,0,slow,normal,2,1112,70,2413.04,1074.262443,3487.302443,69
"Los Angeles, CA","Miami, FL",68,8.4,3.44,6.31,Medium,5.6,Fog,Winter,5,8,6.1,Dry Van,1,fast,normal,2,2686,70,5882.34,1464.316957,7346.656957,68
"Phoenix, AZ","Seattle, WA",63,28.1,3.32,6.39,Medium,6.1,Snow,Spring,3,8,9.7,Refrigerated,1,normal,normal,2,1282,70,2762.71,666.0782473,3428.788247,63
"Miami, FL","Seattle, WA",48.1,9.4,4.99,7.01,High,6.5,Snow,Summer,9,8,3.6,Tanker,1,normal,slow,1,3141,60,5817.13,2235.890157,8053.020157,48.1
"Miami, FL","Houston, TX",49.7,9.5,4.11,7.37,High,4.9,Rain,Summer,3,8,9.8,Flatbed,0,slow,slow,1,1112,60,2049.42,620.1248304,2669.54483,49.7
"Denver, CO","Miami, FL",60.9,28.2,3.89,7.93,Low,5.8,Clear,Winter,5,8,6.4,Flatbed,0,slow,normal,2,1984,70,4315.2,973.2358134,5288.435813,60.9
"Houston, TX","Miami, FL",61.9,12.6,4.24,5.1,Low,4.3,Storm,Spring,3,8,8.8,Flatbed,0,fast,normal,2,1112,70,2413.04,924.4862745,3337.526275,61.9
"Los Angeles, CA","Chicago, IL",65.1,22.1,4.12,4.5,Medium,5.1,Clear,Spring,4,8,7.1,Flatbed,1,normal,normal,2,2004,70,4388.76,1834.773333,6223.533333,65.1
"Miami, FL","Phoenix, AZ",64.5,18.2,4.34,7.34,High,5.1,Rain,Fall,5,8,6.4,Refrigerated,0,slow,normal,2,2276,70,4950.3,1345.754768,6296.054768,64.5
"Houston, TX","New York, NY",59.4,8.1,4.6,7.14,High,4.1,Storm,Fall,4,8,0.7,Tanker,1,normal,slow,1,1630,60,3018.76,1050.140056,4068.900056,59.4
"Los Angeles, CA","Phoenix, AZ",65.8,27.5,3.47,5.83,Low,5.1,Fog,Fall,1,8,6.9,Tanker,1,fast,normal,2,410,70,887.65,244.0308748,1131.680875,65.8
"Denver, CO","Los Angeles, CA",51.7,16.7,4.79,5.54,Low,6.4,Rain,Summer,3,8,7.5,Refrigerated,1,fast,slow,1,954,60,1754.41,824.8483755,2579.258375,51.7
"Houston, TX","Atlanta, GA",40.7,22.2,3.9,6.1,High,7.4,Rain,Spring,3,8,9.8,Flatbed,0,slow,slow,1,806,60,1467.73,515.3114754,1983.041475,40.7
"Atlanta, GA","Chicago, IL",51.4,18.5,3.34,4.09,Low,6,Storm,Spring,2,8,0.4,Flatbed,1,slow,slow,1,677,60,1251.1,552.8557457,1803.955746,51.4
"New York, NY","Chicago, IL",66.7,28.8,4.97,5.69,Medium,9.7,Clear,Winter,2,8,6.9,Refrigerated,1,slow,normal,2,818,70,1807.78,714.4920914,2522.272091,66.7
"Houston, TX","Phoenix, AZ",68.4,18.3,3.67,5.33,Low,9.4,Storm,Fall,3,8,4.1,Dry Van,0,slow,normal,2,1166,70,2501.07,802.8555347,3303.925535,68.4
"Seattle, WA","Los Angeles, CA",52.8,26.2,4.52,4.88,Medium,6.5,Storm,Winter,3,8,9.5,Tanker,0,normal,slow,1,1104,60,2034.67,1022.557377,3057.227377,52.8
"Los Angeles, CA","Miami, FL",66.4,22.8,4.75,7.8,Medium,4.2,Snow,Summer,6,8,8.7,Dry Van,1,normal,normal,2,2686,70,5882.34,1635.705128,7518.045128,66.4
"Phoenix, AZ","Los Angeles, CA",69.3,23.4,4.59,4.88,Low,7.9,Storm,Winter,1,8,9.9,Dry Van,0,normal,normal,2,410,70,887.65,385.6352459,1273.285246,69.3
"New York, NY","Chicago, IL",70,6.6,4.91,6.45,High,8.8,Fog,Fall,2,8,3.2,Refrigerated,0,fast,normal,2,818,70,1807.78,622.6945736,2430.474574,70
"Denver, CO","Dallas, TX",45.1,13.9,4.72,4.15,Low,4.9,Fog,Winter,3,8,5.5,Tanker,0,fast,slow,1,762,60,1387.6,866.660241,2254.260241,45.1
"Chicago, IL","Phoenix, AZ",58.3,22.3,3.09,5.47,Low,5.3,Rain,Fall,4,8,2.3,Refrigerated,0,fast,slow,1,1670,60,3086.16,943.3820841,4029.542084,58.3
"Dallas, TX","Miami, FL",74.1,12.2,3.46,7.34,Low,6.5,Rain,Spring,3,8,4.4,Tanker,0,slow,fast,3,1277,80,3470.89,601.9645777,4072.854578,74.1
"Chicago, IL","Denver, CO",51.4,12.2,4.76,4.65,High,5.1,Storm,Winter,3,8,3.4,Dry Van,0,normal,slow,1,1056,60,1951.49,1080.980645,3032.470645,51.4
"Seattle, WA","New York, NY",68.2,27.6,4.58,4.94,Low,9.9,Rain,Summer,6,8,8.3,Dry Van,0,slow,normal,2,2762,70,6048.78,2560.720648,8609.500648,68.2
"New York, NY","Seattle, WA",45.3,17.4,4.16,5.32,Medium,9,Storm,Summer,8,8,7.2,Dry Van,1,slow,slow,1,2762,60,5140.08,2159.759398,7299.839398,45.3
"Chicago, IL","Phoenix, AZ",49.1,23.4,4.1,5.25,High,5,Fog,Fall,5,8,0.1,Refrigerated,0,fast,slow,1,1670,60,3086.16,1304.190476,4390.350476,49.1
"Denver, CO","Houston, TX",65.5,29.4,4.57,6.32,Low,4.2,Storm,Summer,2,8,1.8,Dry Van,1,slow,normal,2,1010,70,2166.45,730.3322785,2896.782278,65.5
"New York, NY","Phoenix, AZ",69.8,19.2,3.26,5.55,High,4.5,Clear,Spring,5,8,2.8,Tanker,1,fast,normal,2,2461,70,5377.29,1445.56036,6822.85036,69.8
"Dallas, TX","Los Angeles, CA",52.5,17.4,3.13,5.1,Low,8.1,Fog,Winter,4,8,2.4,Refrigerated,0,fast,slow,1,1423,60,2609.78,873.3313725,3483.111373,52.5
"Miami, FL","Atlanta, GA",68.6,14.5,3.27,5.73,High,7.6,Fog,Fall,2,8,3.5,Flatbed,0,fast,normal,2,697,70,1515.97,397.7643979,1913.734398,68.6
"Phoenix, AZ","Miami, FL",73.3,15.2,3.33,6.14,High,5.7,Storm,Spring,4,8,9.2,Refrigerated,0,slow,fast,3,2276,80,6202.1,1234.37785,7436.47785,73.3
"Dallas, TX","Chicago, IL",46.4,24.1,3.46,5.16,Medium,9.5,Fog,Winter,3,8,1.7,Refrigerated,0,slow,slow,1,925,60,1704.77,620.251938,2325.021938,46.4
"Dallas, TX","New York, NY",50.3,19.5,4.75,4.48,High,6.5,Fog,Fall,4,8,0.6,Tanker,1,normal,slow,1,1576,60,2918.75,1670.982143,4589.732143,50.3
"Atlanta, GA","Miami, FL",50.8,6,4.49,5.32,High,8.3,Snow,Spring,2,8,3.8,Refrigerated,1,fast,slow,1,697,60,1288.06,588.2575188,1876.317519,50.8
"Dallas, TX","New York, NY",66.3,8.8,4.6,6.25,Low,9,Snow,Summer,3,8,8.7,Refrigerated,1,slow,normal,2,1576,70,3435.68,1159.936,4595.616,66.3
"Chicago, IL","Miami, FL",55.6,17.7,3.83,5.8,Medium,9.4,Clear,Summer,4,8,1.3,Refrigerated,0,slow,slow,1,1370,60,2561.9,904.6724138,3466.572414,55.6
"New York, NY","Chicago, IL",74.9,19.9,4.57,7.08,Low,6.1,Storm,Spring,2,8,5,Dry Van,0,slow,fast,3,818,80,2269.13,528.0028249,2797.132825,74.9
"Chicago, IL","Houston, TX",65,24.4,3.54,4.59,Medium,5.8,Snow,Spring,3,8,2.6,Flatbed,0,slow,normal,2,1083,70,2350.11,835.254902,3185.364902,65
"Dallas, TX","Denver, CO",40.6,7.3,3.29,4.32,Low,9.4,Rain,Fall,3,8,9.4,Flatbed,0,normal,slow,1,762,60,1387.6,580.3194444,1967.919444,40.6
"Los Angeles, CA","Denver, CO",57.2,18.3,3.26,4.55,High,8.6,Rain,Spring,3,8,8.3,Flatbed,0,slow,slow,1,954,60,1754.41,683.5252747,2437.935275,57.2
"Los Angeles, CA","Chicago, IL",56.3,16.5,4.99,7.8,High,7.6,Fog,Fall,5,8,8.7,Tanker,0,fast,slow,1,2004,60,3729.44,1282.046154,5011.486154,56.3
"Dallas, TX","Chicago, IL",47.7,13.7,4.85,6.02,High,7.9,Clear,Winter,3,8,2.2,Flatbed,1,fast,slow,1,925,60,1704.77,745.2242525,2449.994252,47.7
"Denver, CO","Chicago, IL",71.3,17.3,3.71,7.23,Low,8,Clear,Winter,2,8,3.5,Flatbed,1,slow,fast,3,1056,80,2877.6,541.8755187,3419.475519,71.3
"Los Angeles, CA","Miami, FL",60.1,29.5,4.73,4.24,High,8.4,Storm,Fall,6,8,6.8,Refrigerated,0,fast,normal,2,2686,70,5882.34,2996.410377,8878.750377,60.1
"New York, NY","Atlanta, GA",57.6,26.3,4.42,7.56,Medium,5.7,Storm,Spring,2,8,1,Tanker,1,slow,slow,1,858,60,1592.45,501.6349206,2094.084921,57.6
"Miami, FL","Atlanta, GA",44.8,13.5,3.64,4.3,Low,4.9,Rain,Fall,2,8,2.9,Dry Van,0,fast,slow,1,697,60,1288.06,590.0186047,1878.078605,44.8
"Los Angeles, CA","Houston, TX",51.9,8.1,4.29,7.99,Low,5.4,Clear,Summer,4,8,9.7,Flatbed,1,slow,slow,1,1577,60,2892.22,846.7246558,3738.944656,51.9
"Seattle, WA","Los Angeles, CA",57.9,11,4.86,7.93,Low,8.9,Storm,Summer,3,8,4,Refrigerated,0,normal,slow,1,1104,60,2034.67,676.6002522,2711.270252,57.9
"New York, NY","Houston, TX",71.2,27.9,3.84,6.63,Low,5,Clear,Spring,3,8,8.7,Dry Van,1,normal,fast,3,1630,80,4453.16,944.0723982,5397.232398,71.2
"Denver, CO","Chicago, IL",52.4,22.8,3.63,4.48,High,5.9,Clear,Spring,3,8,2.6,Dry Van,0,fast,slow,1,1056,60,1951.49,855.6428571,2807.132857,52.4
"New York, NY","Phoenix, AZ",40.2,20.8,4.23,4.75,Low,9.7,Rain,Fall,8,8,6.9,Flatbed,0,slow,slow,1,2461,60,4567.62,2191.585263,6759.205263,40.2
"Houston, TX","Atlanta, GA",52.7,23.4,4.48,6.43,Medium,5.7,Storm,Summer,2,8,5.5,Dry Van,1,normal,slow,1,806,60,1467.73,561.5676516,2029.297652,52.7
"Houston, TX","Los Angeles, CA",47.5,13.6,4.75,4.2,Low,7.1,Snow,Winter,5,8,1.6,Refrigerated,0,slow,slow,1,1577,60,2892.22,1783.511905,4675.731905,47.5
"Los Angeles, CA","Phoenix, AZ",43.9,16.2,4.12,4,Medium,4.7,Clear,Summer,2,8,4.2,Refrigerated,1,slow,slow,1,410,60,753.99,422.3,1176.29,43.9
"Atlanta, GA","Seattle, WA",66.4,19.9,3.02,7.52,Medium,6.7,Clear,Spring,5,8,5,Flatbed,1,normal,normal,2,2505,70,5398.28,1005.99734,6404.27734,66.4
"Chicago, IL","Denver, CO",42.4,23.6,3.68,5.41,High,4.7,Clear,Fall,4,8,3.3,Refrigerated,0,normal,slow,1,1056,60,1951.49,718.3142329,2669.804233,42.4
"Los Angeles, CA","Houston, TX",52.9,23.1,3.17,6.36,High,6.9,Clear,Summer,4,8,2.9,Dry Van,1,fast,slow,1,1577,60,2892.22,786.0204403,3678.24044,52.9
"Los Angeles, CA","Dallas, TX",63.3,11.8,3.47,4.42,High,4.3,Snow,Winter,3,8,4.9,Refrigerated,0,slow,normal,2,1423,70,3073.68,1117.151584,4190.831584,63.3
"Chicago, IL","Dallas, TX",58,7.2,4.47,7.33,Medium,9.4,Fog,Fall,2,8,2.5,Tanker,1,fast,slow,1,925,60,1704.77,564.0859482,2268.855948,58
"Denver, CO","Houston, TX",59.6,18.4,3.53,7.34,Low,7.4,Snow,Fall,3,8,2.1,Dry Van,1,fast,slow,1,1010,60,1839.21,485.7356948,2324.945695,59.6
"Houston, TX","Denver, CO",67.3,28.5,4.33,6.02,Low,5.5,Snow,Fall,2,8,9.8,Flatbed,0,slow,normal,2,1010,70,2166.45,726.461794,2892.911794,67.3
"Houston, TX","Phoenix, AZ",45.7,7.6,3.54,6.28,Low,9.7,Clear,Winter,4,8,3.1,Flatbed,0,normal,slow,1,1166,60,2123.29,657.2675159,2780.557516,45.7
"Seattle, WA","Chicago, IL",72.1,15.5,3.45,4.65,Low,6.7,Clear,Fall,4,8,2.9,Refrigerated,0,slow,fast,3,1993,80,5444.88,1478.677419,6923.557419,72.1
"Phoenix, AZ","Denver, CO",61.1,16.3,3.38,7.69,Low,7.4,Fog,Spring,2,8,1,Tanker,0,normal,normal,2,673,70,1446.95,295.8049415,1742.754941,61.1
"Seattle, WA","Dallas, TX",57.8,15.2,4.18,4.77,Low,4.8,Snow,Fall,5,8,2.3,Flatbed,0,fast,slow,1,1932,60,3525.9,1693.031447,5218.931447,57.8
"New York, NY","Dallas, TX",71.2,18.3,3.97,6.76,Low,9.7,Snow,Winter,3,8,8.1,Tanker,0,fast,fast,3,1576,80,4305.63,925.5502959,5231.180296,71.2
"Atlanta, GA","Seattle, WA",64.5,15.8,3.79,7.96,Medium,7.7,Fog,Winter,5,8,2.6,Refrigerated,0,slow,normal,2,2505,70,5398.28,1192.707286,6590.987286,64.5
"Phoenix, AZ","Atlanta, GA",64.7,14.3,4.64,5.46,Low,6.2,Clear,Summer,4,8,6,Dry Van,1,normal,normal,2,1827,70,3928.05,1552.615385,5480.665385,64.7
"Phoenix, AZ","Houston, TX",56.7,8.1,3.34,7.41,Medium,9.2,Rain,Winter,3,8,6.6,Refrigerated,0,slow,slow,1,1166,60,2123.29,525.5654521,2648.855452,56.7
"Dallas, TX","Denver, CO",47.1,15.7,4.39,6.15,Medium,4.1,Storm,Summer,3,8,8.4,Tanker,1,slow,slow,1,762,60,1387.6,543.9317073,1931.531707,47.1
"Denver, CO","Houston, TX",61.6,28.1,3.19,6.01,Low,6.7,Rain,Winter,3,8,6.3,Flatbed,1,normal,normal,2,1010,70,2166.45,536.0898502,2702.53985,61.6
"Atlanta, GA","New York, NY",73.1,9.2,4.94,7.78,Medium,6.2,Rain,Fall,2,8,0.4,Dry Van,1,fast,fast,3,858,80,2350.06,544.7969152,2894.856915,73.1
"Denver, CO","New York, NY",49.3,8.2,4.16,5.23,Low,8,Snow,Winter,5,8,3.9,Refrigerated,0,slow,slow,1,1872,60,3474.43,1489.00956,4963.43956,49.3
"Phoenix, AZ","Dallas, TX",61,25.7,4.2,6.44,Low,7.1,Snow,Fall,3,8,0,Tanker,1,slow,normal,2,1017,70,2181.47,663.2608696,2844.73087,61
"Chicago, IL","Houston, TX",43.7,5.6,4.65,7.66,High,5.2,Storm,Winter,4,8,2.8,Flatbed,0,normal,slow,1,1083,60,1995.97,657.4347258,2653.404726,43.7
"Dallas, TX","Phoenix, AZ",55.3,11.7,4.4,4.51,Medium,4.3,Fog,Winter,3,8,8,Dry Van,0,fast,slow,1,1017,60,1851.96,992.195122,2844.155122,55.3
"Dallas, TX","Houston, TX",46.1,10.9,4.15,5.18,Low,6.5,Storm,Winter,1,8,5.9,Dry Van,0,fast,slow,1,259,60,470.34,207.5,677.84,46.1
"Miami, FL","Atlanta, GA",45.7,15,3.16,6.11,High,9,Clear,Summer,2,8,1.1,Refrigerated,0,fast,slow,1,697,60,1288.06,360.4779051,1648.537905,45.7
"Houston, TX","Seattle, WA",69.7,7,4.97,5.43,High,6,Snow,Fall,4,8,5.9,Tanker,1,slow,normal,2,2173,70,4671.95,1988.915285,6660.865285,69.7
"Atlanta, GA","Chicago, IL",50.9,14.2,3.64,5.7,Medium,6.1,Storm,Fall,2,8,3,Flatbed,1,slow,slow,1,677,60,1251.1,432.3298246,1683.429825,50.9
"Denver, CO","Seattle, WA",55.2,5.1,3.98,5.02,Medium,4.3,Clear,Fall,3,8,3.2,Tanker,0,fast,slow,1,1172,60,2144.76,929.1952191,3073.955219,55.2
"Los Angeles, CA","Atlanta, GA",69,9.2,4.7,4.97,Medium,7.5,Clear,Fall,5,8,4.5,Tanker,1,normal,normal,2,2223,70,4812.8,2102.2334,6915.0334,69
"Atlanta, GA","New York, NY",47.1,22.2,3.37,6.23,Medium,7.9,Fog,Spring,3,8,4.5,Refrigerated,1,slow,slow,1,858,60,1592.45,464.1187801,2056.56878,47.1
"New York, NY","Chicago, IL",45.9,8.9,4.05,6.39,Medium,7.8,Clear,Winter,3,8,2,Dry Van,0,fast,slow,1,818,60,1537.02,518.4507042,2055.470704,45.9
"Denver, CO","Los Angeles, CA",52,28.7,3.14,5.94,Low,7.6,Fog,Winter,3,8,7.7,Tanker,0,slow,slow,1,954,60,1754.41,504.3030303,2258.71303,52
"Chicago, IL","New York, NY",40.6,20.2,3.98,4.78,Low,10,Rain,Winter,3,8,2.9,Dry Van,0,normal,slow,1,818,60,1537.02,681.0962343,2218.116234,40.6
"Seattle, WA","Chicago, IL",51.1,24.4,4.86,5.44,Medium,8.8,Storm,Fall,5,8,4.7,Refrigerated,0,slow,slow,1,1993,60,3691.04,1780.511029,5471.551029,51.1
"Chicago, IL","Phoenix, AZ",63.8,14.7,4.32,7.75,High,5.1,Storm,Summer,4,8,2.3,Flatbed,0,slow,normal,2,1670,70,3632.25,930.8903226,4563.140323,63.8
"Seattle, WA","Denver, CO",65.2,25,4.89,4.93,Medium,4.3,Storm,Spring,3,8,4,Refrigerated,0,normal,normal,2,1172,70,2525.66,1162.490872,3688.150872,65.2
"Phoenix, AZ","Miami, FL",67.9,13.7,3.95,7.14,High,5.4,Rain,Fall,5,8,0.7,Dry Van,1,fast,normal,2,2276,70,4950.3,1259.131653,6209.431653,67.9
"Dallas, TX","Seattle, WA",50.7,14.8,3.48,4.26,Low,7.2,Clear,Summer,5,8,8,Flatbed,1,slow,slow,1,1932,60,3525.9,1578.253521,5104.153521,50.7
"Phoenix, AZ","Miami, FL",69.5,28.9,4.43,6.93,High,9.6,Clear,Spring,5,8,9.9,Refrigerated,1,normal,normal,2,2276,70,4950.3,1454.932179,6405.232179,69.5
"New York, NY","Chicago, IL",65.4,14,4.09,6.62,High,7.7,Fog,Winter,2,8,8.5,Flatbed,0,normal,normal,2,818,70,1807.78,505.3806647,2313.160665,65.4
"Seattle, WA","Phoenix, AZ",46.3,10.3,3.01,6.84,High,6.9,Snow,Spring,4,8,7.1,Tanker,0,fast,slow,1,1282,60,2346.06,564.1549708,2910.214971,46.3
"Phoenix, AZ","Denver, CO",45.7,17.5,4.85,4.99,High,9,Fog,Winter,2,8,2.7,Dry Van,0,fast,slow,1,673,60,1228.23,654.1182365,1882.348236,45.7
"New York, NY","Miami, FL",41.7,21.5,3.09,7.2,High,9,Clear,Summer,4,8,2.7,Flatbed,1,slow,slow,1,1256,60,2360.02,539.0333333,2899.053333,41.7
"Chicago, IL","Miami, FL",72.1,12.9,3.43,4.43,Low,4.8,Fog,Spring,3,8,0.9,Refrigerated,1,normal,fast,3,1370,80,3781.2,1060.744921,4841.944921,72.1
"Houston, TX","Seattle, WA",51.2,22.7,4.74,7.14,Low,7.2,Snow,Fall,6,8,3.6,Dry Van,0,fast,slow,1,2173,60,3965.72,1442.579832,5408.299832,51.2
"Phoenix, AZ","Denver, CO",69.5,13.5,3.44,7.49,Medium,9.4,Clear,Fall,2,8,3.5,Dry Van,1,slow,normal,2,673,70,1446.95,309.0947931,1756.044793,69.5
"Denver, CO","Seattle, WA",65.7,6.6,4.19,7.81,High,5.6,Snow,Fall,3,8,9.1,Flatbed,1,slow,normal,2,1172,70,2525.66,628.7682458,3154.428246,65.7
"Phoenix, AZ","Seattle, WA",71.2,8,3.55,7.23,Low,9.4,Clear,Fall,3,8,3.6,Flatbed,0,normal,fast,3,1282,80,3457.55,629.4744122,4087.024412,71.2
"Seattle, WA","Miami, FL",43.2,19.4,4.96,7.29,Medium,6.6,Rain,Spring,10,8,2.8,Dry Van,0,slow,slow,1,3141,60,5817.13,2137.08642,7954.21642,43.2
"Denver, CO","Houston, TX",56.9,16.6,4.04,7.81,High,7.6,Rain,Winter,3,8,1.3,Refrigerated,1,fast,slow,1,1010,60,1839.21,522.4583867,2361.668387,56.9
"Seattle, WA","Denver, CO",67,26.9,3.83,6.01,High,7.1,Storm,Spring,3,8,2.8,Flatbed,1,fast,normal,2,1172,70,2525.66,746.8818636,3272.541864,67
"Los Angeles, CA","Houston, TX",59.3,11.7,3.27,7.68,Medium,6.2,Rain,Fall,4,8,5.5,Flatbed,1,normal,slow,1,1577,60,2892.22,671.4570313,3563.677031,59.3
"Dallas, TX","Chicago, IL",66.7,26.7,3.04,4.97,Medium,4.5,Clear,Spring,2,8,5.3,Flatbed,0,slow,normal,2,925,70,2007.25,565.7947686,2573.044769,66.7
"Miami, FL","Los Angeles, CA",50.3,23.9,4.34,6.91,High,9.7,Fog,Winter,7,8,3.4,Refrigerated,0,slow,slow,1,2686,60,4998.65,1687.01013,6685.66013,50.3
"Phoenix, AZ","Denver, CO",68.3,9.8,4.69,4.23,Medium,4,Rain,Spring,2,8,9.8,Flatbed,1,slow,normal,2,673,70,1446.95,746.1867612,2193.136761,68.3
"Miami, FL","Seattle, WA",41.6,29.9,4.49,7.35,Low,5.3,Fog,Summer,10,8,7.4,Flatbed,0,fast,slow,1,3141,60,5817.13,1918.787755,7735.917755,41.6
"Miami, FL","Houston, TX",44.1,22.7,3.46,5.66,Medium,4.2,Rain,Summer,4,8,2,Flatbed,0,normal,slow,1,1112,60,2049.42,679.7738516,2729.193852,44.1
"Denver, CO","Miami, FL",71.4,12.1,3.38,4.11,Low,9.7,Rain,Summer,4,8,3.3,Dry Van,0,fast,fast,3,1984,80,5406.4,1631.610706,7038.010706,71.4
"New York, NY","Denver, CO",58.6,14.6,3.3,4.09,Low,5.3,Fog,Fall,4,8,5.1,Flatbed,0,normal,slow,1,1872,60,3474.43,1510.415648,4984.845648,58.6
"Houston, TX","Seattle, WA",59.8,8.1,4.51,6.85,High,5.3,Clear,Winter,5,8,0.6,Tanker,1,fast,slow,1,2173,60,3965.72,1430.690511,5396.410511,59.8
"Seattle, WA","Los Angeles, CA",75,7.5,4.01,7.4,Medium,5.8,Clear,Fall,2,8,8.9,Dry Van,1,slow,fast,3,1104,80,3000.67,598.2486486,3598.918649,75
"Seattle, WA","Chicago, IL",62.8,23.5,4.58,7.98,Medium,8.8,Storm,Spring,4,8,9.7,Tanker,1,slow,normal,2,1993,70,4344.74,1143.85213,5488.59213,62.8
"Houston, TX","Seattle, WA",46.8,22.7,3.15,5.27,High,4.7,Storm,Spring,6,8,2.9,Tanker,1,normal,slow,1,2173,60,3965.72,1298.851992,5264.571992,46.8
"Houston, TX","Seattle, WA",54.6,19.9,3.84,4.61,High,6.8,Snow,Winter,5,8,8,Dry Van,1,normal,slow,1,2173,60,3965.72,1810.047722,5775.767722,54.6
"New York, NY","Houston, TX",45.8,15.4,4.57,5.65,High,8.2,Clear,Winter,5,8,2.4,Flatbed,0,normal,slow,1,1630,60,3018.76,1318.424779,4337.184779,45.8
"New York, NY","Los Angeles, CA",42.9,18.1,3.42,4.27,High,7,Fog,Summer,9,8,9.4,Refrigerated,1,slow,slow,1,2812,60,5258.44,2252.234192,7510.674192,42.9
"Dallas, TX","Miami, FL",42.5,20.4,3.08,6.59,Low,4.7,Fog,Winter,4,8,8.6,Tanker,0,slow,slow,1,1277,60,2353.51,596.8376328,2950.347633,42.5
"Atlanta, GA","Seattle, WA",67.4,20.9,3.99,6.41,Medium,8.1,Rain,Fall,5,8,5.8,Dry Van,0,fast,normal,2,2505,70,5398.28,1559.274571,6957.554571,67.4
"Denver, CO","Los Angeles, CA",74.5,12.5,3.24,6.93,High,9.9,Storm,Summer,2,8,4.3,Dry Van,1,slow,fast,3,954,80,2586.29,446.025974,3032.315974,74.5
"New York, NY","Dallas, TX",67.2,28.7,4,5.64,Medium,9.4,Clear,Winter,3,8,8.9,Flatbed,1,normal,normal,2,1576,70,3435.68,1117.730496,4553.410496,67.2
"Los Angeles, CA","Houston, TX",59.6,18.2,4.23,7.77,High,9.7,Snow,Spring,4,8,1.9,Flatbed,1,fast,slow,1,1577,60,2892.22,858.5212355,3750.741236,59.6
"Denver, CO","New York, NY",57.1,27.6,4.04,7.91,Medium,9.9,Storm,Fall,5,8,8.8,Tanker,1,fast,slow,1,1872,60,3474.43,956.1163085,4430.546308,57.1
"Denver, CO","Dallas, TX",69.7,21.4,4.69,4.33,Medium,7.8,Snow,Spring,2,8,1.2,Flatbed,1,normal,normal,2,762,70,1634.49,825.3533487,2459.843349,69.7
"Miami, FL","Denver, CO",62.4,11.1,3.77,7.89,Medium,9.2,Fog,Summer,4,8,7,Flatbed,1,normal,normal,2,1984,70,4315.2,947.9949303,5263.19493,62.4
"Houston, TX","Miami, FL",71.9,27.1,3.56,6.57,Low,6.4,Storm,Winter,2,8,5.5,Tanker,0,slow,fast,3,1112,80,3022.42,602.5449011,3624.964901,71.9
"Atlanta, GA","Miami, FL",56.2,10.2,4.22,7.04,Medium,6.6,Fog,Spring,2,8,1.3,Refrigerated,1,normal,slow,1,697,60,1288.06,417.8039773,1705.863977,56.2
"Miami, FL","Houston, TX",40.8,12.9,3.37,7.73,Low,8,Fog,Summer,4,8,9.7,Dry Van,0,slow,slow,1,1112,60,2049.42,484.7917206,2534.211721,40.8
"Dallas, TX","New York, NY",48.2,9.8,3.45,6.83,High,4.2,Fog,Spring,5,8,6.1,Refrigerated,0,fast,slow,1,1576,60,2918.75,796.0761347,3714.826135,48.2
"Los Angeles, CA","New York, NY",63.3,14.3,4.61,6.13,Low,4.6,Fog,Fall,6,8,9.5,Tanker,1,normal,normal,2,2812,70,6186.4,2114.734095,8301.134095,63.3
"Houston, TX","Denver, CO",53.7,17.2,3.29,7.47,Medium,5.7,Storm,Winter,3,8,6.7,Tanker,0,slow,slow,1,1010,60,1839.21,444.832664,2284.042664,53.7
"Chicago, IL","New York, NY",46.7,10.5,3.09,4.96,Medium,6.1,Clear,Winter,3,8,7.5,Dry Van,1,slow,slow,1,818,60,1537.02,509.6008065,2046.620806,46.7
"Seattle, WA","New York, NY",67.5,29.4,3.48,7.45,Medium,7.7,Clear,Winter,6,8,6.5,Flatbed,0,fast,normal,2,2762,70,6048.78,1290.169128,7338.949128,67.5
"Phoenix, AZ","Seattle, WA",48,6.8,4.07,7.96,Medium,8.4,Fog,Spring,4,8,8.6,Refrigerated,0,normal,slow,1,1282,60,2346.06,655.4949749,3001.554975,48
"Los Angeles, CA","Miami, FL",50.8,24.3,4.76,6.5,Low,9.6,Snow,Fall,7,8,7.9,Refrigerated,1,normal,slow,1,2686,60,4998.65,1966.978462,6965.628462,50.8
"Houston, TX","Los Angeles, CA",67.3,20.1,3.49,6.1,Medium,5.4,Clear,Spring,3,8,3.9,Flatbed,0,fast,normal,2,1577,70,3406.32,902.2508197,4308.57082,67.3
"Dallas, TX","Atlanta, GA",53.4,25.6,3.67,5.76,Medium,7.7,Rain,Fall,2,8,5.1,Dry Van,0,fast,slow,1,828,60,1507.79,527.5625,2035.3525,53.4
"Denver, CO","Miami, FL",61.2,22.5,4.19,7.68,High,7.8,Fog,Winter,5,8,5.9,Tanker,1,fast,normal,2,1984,70,4315.2,1082.416667,5397.616667,61.2
"Los Angeles, CA","Miami, FL",58.6,7.2,3.46,7.06,High,8,Rain,Summer,6,8,8.6,Refrigerated,0,normal,slow,1,2686,60,4998.65,1316.368272,6315.018272,58.6
"Seattle, WA","Atlanta, GA",62.9,20.2,3.95,5.11,Medium,6.4,Snow,Summer,5,8,7.6,Dry Van,0,fast,normal,2,2505,70,5398.28,1936.350294,7334.630294,62.9
"Dallas, TX","Denver, CO",66.2,8.6,3.2,7.45,Medium,9,Snow,Summer,2,8,6.1,Tanker,1,normal,normal,2,762,70,1634.49,327.3020134,1961.792013,66.2
"Los Angeles, CA","Atlanta, GA",47.8,21.7,4.83,5.75,Low,5.8,Rain,Spring,6,8,6.5,Refrigerated,1,slow,slow,1,2223,60,4088.1,1867.32,5955.42,47.8
"Houston, TX","Seattle, WA",61.3,22.9,3.74,4.86,High,7.2,Fog,Winter,5,8,3.3,Tanker,1,fast,normal,2,2173,70,4671.95,1672.226337,6344.176337,61.3
"Denver, CO","Atlanta, GA",53.5,8.4,3.71,7.56,High,8.5,Snow,Spring,4,8,6.2,Tanker,0,slow,slow,1,1392,60,2540.4,683.1111111,3223.511111,53.5
"Dallas, TX","Atlanta, GA",57.6,22.5,3.93,4.76,High,7.1,Fog,Spring,2,8,2.9,Flatbed,1,fast,slow,1,828,60,1507.79,683.6218487,2191.411849,57.6
"Miami, FL","Dallas, TX",55.4,27.2,4.47,6.67,High,6.8,Clear,Winter,3,8,3.4,Tanker,0,fast,slow,1,1277,60,2353.51,855.8005997,3209.3106,55.4
"Dallas, TX","Houston, TX",53.6,19.1,3.41,7.66,High,9.5,Rain,Winter,1,8,7.2,Tanker,0,normal,slow,1,259,60,470.34,115.2989556,585.6389556,53.6
"Miami, FL","Seattle, WA",60.9,9.5,3.29,4.02,Low,9.6,Snow,Spring,7,8,2.7,Dry Van,0,fast,normal,2,3141,70,6847.38,2570.619403,9417.999403,60.9
"Houston, TX","Dallas, TX",72.5,26.4,3.92,7.31,High,6.5,Clear,Winter,1,8,4.5,Tanker,1,slow,fast,3,259,80,693.08,138.8891929,831.9691929,72.5
"Phoenix, AZ","Seattle, WA",67.4,8.3,4.7,7.75,High,5.7,Clear,Fall,3,8,3.8,Dry Van,0,normal,normal,2,1282,70,2762.71,777.4709677,3540.180968,67.4
"Houston, TX","New York, NY",54.6,24.8,3.88,5.73,High,7.3,Snow,Summer,4,8,8.6,Dry Van,1,normal,slow,1,1630,60,3018.76,1103.734729,4122.494729,54.6
"Dallas, TX","Seattle, WA",68.8,19.1,3.6,5.18,High,6.2,Snow,Winter,4,8,2.3,Tanker,0,slow,normal,2,1932,70,4153.8,1342.702703,5496.502703,68.8
"Phoenix, AZ","Seattle, WA",60.1,28,3.09,5.37,Low,4.1,Snow,Spring,3,8,8.6,Flatbed,0,slow,normal,2,1282,70,2762.71,737.6871508,3500.397151,60.1
"Seattle, WA","Phoenix, AZ",55.3,7.9,3.83,7.36,High,7.7,Snow,Fall,3,8,2.1,Tanker,0,fast,slow,1,1282,60,2346.06,667.1277174,3013.187717,55.3
"New York, NY","Dallas, TX",67.4,9.9,4.12,4.45,Medium,6.2,Fog,Spring,3,8,2.2,Tanker,0,normal,normal,2,1576,70,3435.68,1459.12809,4894.80809,67.4
"Houston, TX","Phoenix, AZ",61.3,17.5,4.25,4.83,Low,8.8,Snow,Fall,3,8,3.2,Refrigerated,0,fast,normal,2,1166,70,2501.07,1025.983437,3527.053437,61.3
"Chicago, IL","Seattle, WA",68.3,19.9,4.1,7.71,Medium,7.2,Snow,Spring,4,8,0.4,Dry Van,0,fast,normal,2,1993,70,4344.74,1059.831388,5404.571388,68.3
"Atlanta, GA","Seattle, WA",40.3,27.8,3.82,5.87,Low,9.1,Storm,Fall,8,8,6.1,Refrigerated,0,fast,slow,1,2505,60,4584.15,1630.170358,6214.320358,40.3
"Atlanta, GA","Chicago, IL",69.2,9.1,3.11,4.77,Low,5.6,Storm,Fall,2,8,2.1,Flatbed,1,slow,normal,2,677,70,1472.47,441.3983229,1913.868323,69.2
"Los Angeles, CA","Atlanta, GA",48.4,27.1,4.55,4.3,High,9,Storm,Winter,6,8,2.5,Refrigerated,0,slow,slow,1,2223,60,4088.1,2352.244186,6440.344186,48.4
"Los Angeles, CA","Chicago, IL",70.3,24.5,3.92,5.29,Low,9.3,Clear,Spring,4,8,3,Refrigerated,0,slow,fast,3,2004,80,5502.98,1485.005671,6987.985671,70.3
"Dallas, TX","New York, NY",70.9,27.6,4.32,6.93,High,4.2,Storm,Fall,3,8,0.2,Tanker,1,slow,fast,3,1576,80,4305.63,982.4415584,5288.071558,70.9
"Denver, CO","Chicago, IL",72.5,10.9,4.69,6.66,Low,7.5,Storm,Fall,2,8,2,Tanker,0,slow,fast,3,1056,80,2877.6,743.6396396,3621.23964,72.5
"Dallas, TX","Seattle, WA",69.6,7.2,4.72,5.93,Medium,9,Rain,Summer,4,8,9.7,Tanker,0,slow,normal,2,1932,70,4153.8,1537.780776,5691.580776,69.6
"Houston, TX","Dallas, TX",42.4,19.9,4.45,7.84,Low,6.4,Storm,Summer,1,8,9,Dry Van,0,fast,slow,1,259,60,470.34,147.0089286,617.3489286,42.4
"Chicago, IL","Seattle, WA",73.3,7.6,3.08,7.89,Medium,4.5,Snow,Fall,4,8,6.5,Refrigerated,0,slow,fast,3,1993,80,5444.88,778.0025349,6222.882535,73.3
"Miami, FL","Houston, TX",48.9,5.7,4.04,5.88,High,5.8,Snow,Winter,3,8,1.6,Flatbed,0,normal,slow,1,1112,60,2049.42,764.0272109,2813.447211,48.9
"Atlanta, GA","Dallas, TX",74.1,20.3,3.34,7.98,Medium,7.2,Rain,Winter,2,8,1.5,Dry Van,1,normal,fast,3,828,80,2221.52,346.556391,2568.076391,74.1
"Miami, FL","Denver, CO",71.9,18.3,3.58,4.51,Low,5.8,Snow,Winter,4,8,2.1,Flatbed,1,normal,fast,3,1984,80,5406.4,1574.882483,6981.282483,71.9
"Denver, CO","New York, NY",63.2,6.8,3.67,4.07,Medium,8.5,Clear,Winter,4,8,5.3,Flatbed,1,normal,normal,2,1872,70,4090.32,1688.019656,5778.339656,63.2
"Miami, FL","Houston, TX",40,19.5,4.63,4.15,High,4,Clear,Spring,4,8,5.6,Dry Van,0,slow,slow,1,1112,60,2049.42,1240.616867,3290.036867,40
"Phoenix, AZ","Seattle, WA",41.6,19,3.82,7.09,Low,6.4,Fog,Summer,4,8,1,Tanker,0,normal,slow,1,1282,60,2346.06,690.7249647,3036.784965,41.6
"Seattle, WA","Dallas, TX",44.9,6.1,4.08,7.18,High,7.7,Rain,Fall,6,8,6.8,Tanker,0,normal,slow,1,1932,60,3525.9,1097.849582,4623.749582,44.9
"Houston, TX","Seattle, WA",52.7,12.9,4.42,4.65,Medium,4.1,Storm,Fall,6,8,6.1,Refrigerated,1,slow,slow,1,2173,60,3965.72,2065.51828,6031.23828,52.7
"New York, NY","Phoenix, AZ",63.5,17.4,4.44,7.3,High,5.3,Rain,Fall,5,8,2.2,Flatbed,1,slow,normal,2,2461,70,5377.29,1496.827397,6874.117397,63.5
"Seattle, WA","Phoenix, AZ",71,13.6,3.75,7.44,Low,7.1,Snow,Winter,3,8,8.6,Dry Van,1,fast,fast,3,1282,80,3457.55,646.1693548,4103.719355,71
"Los Angeles, CA","Miami, FL",63.9,7.1,3.36,5.62,Low,7,Storm,Fall,6,8,9.7,Tanker,0,normal,normal,2,2686,70,5882.34,1605.864769,7488.204769,63.9
"New York, NY","Atlanta, GA",51,29.1,4.38,5.57,Low,8.2,Clear,Spring,3,8,3.9,Tanker,1,slow,slow,1,858,60,1592.45,674.6929982,2267.142998,51
"Phoenix, AZ","Seattle, WA",67.9,13.9,4.87,7.37,High,9.5,Rain,Fall,3,8,2.9,Flatbed,1,fast,normal,2,1282,70,2762.71,847.1289009,3609.838901,67.9
"Chicago, IL","Seattle, WA",55.3,16.8,4,7.54,High,7.6,Snow,Spring,5,8,3.9,Flatbed,1,slow,slow,1,1993,60,3691.04,1057.29443,4748.33443,55.3
"Miami, FL","New York, NY",72.6,28.7,4.9,7.77,Medium,8.9,Clear,Fall,3,8,8.4,Tanker,1,fast,fast,3,1256,80,3484.14,792.0720721,4276.212072,72.6
"Houston, TX","Chicago, IL",44.7,14.8,4.94,5.4,High,9.2,Rain,Fall,4,8,3.3,Dry Van,1,fast,slow,1,1083,60,1995.97,990.7444444,2986.714444,44.7
"New York, NY","Los Angeles, CA",41.8,8,3.39,7.35,Low,4.4,Storm,Spring,9,8,7,Dry Van,0,slow,slow,1,2812,60,5258.44,1296.963265,6555.403265,41.8
"New York, NY","Denver, CO",62.6,14.4,3.42,6.88,Medium,8.9,Snow,Spring,4,8,7.5,Refrigerated,0,slow,normal,2,1872,70,4090.32,930.5581395,5020.87814,62.6
"New York, NY","Phoenix, AZ",46.7,8.1,3.28,4.74,High,7.2,Storm,Winter,7,8,5.9,Tanker,0,normal,slow,1,2461,60,4567.62,1702.970464,6270.590464,46.7
"Houston, TX","Miami, FL",63.6,6.8,4.63,6.59,Low,5,Clear,Summer,3,8,1.5,Dry Van,1,normal,normal,2,1112,70,2413.04,781.2685888,3194.308589,63.6
"Phoenix, AZ","Dallas, TX",44.4,15.1,3.08,5.09,Medium,6.4,Storm,Spring,3,8,5.4,Flatbed,0,normal,slow,1,1017,60,1851.96,615.3948919,2467.354892,44.4
"Los Angeles, CA","Miami, FL",58.3,17.7,3.63,7.32,Low,7.3,Storm,Winter,6,8,9.5,Flatbed,0,normal,slow,1,2686,60,4998.65,1331.991803,6330.641803,58.3
"Denver, CO","Atlanta, GA",74.4,22.3,3.76,5.12,Medium,8,Fog,Summer,3,8,1.5,Flatbed,1,fast,fast,3,1392,80,3744.48,1022.25,4766.73,74.4
"Los Angeles, CA","Atlanta, GA",67.7,7.1,4.2,4.54,Medium,6.6,Fog,Spring,5,8,2,Refrigerated,1,slow,normal,2,2223,70,4812.8,2056.519824,6869.319824,67.7
"Houston, TX","Dallas, TX",55,19.4,3.6,6.17,Low,9.7,Fog,Spring,1,8,3.1,Refrigerated,1,slow,slow,1,259,60,470.34,151.1183144,621.4583144,55
"Phoenix, AZ","Atlanta, GA",58,5,4.23,7.99,Low,5.8,Fog,Winter,4,8,0.4,Tanker,1,slow,slow,1,1827,60,3334.28,967.2352941,4301.515294,58
"Dallas, TX","Phoenix, AZ",66.3,10.8,4.97,6.01,Low,9.7,Snow,Winter,2,8,4.5,Flatbed,0,slow,normal,2,1017,70,2181.47,841.0133111,3022.483311,66.3
"New York, NY","Miami, FL",58.7,16.3,3.07,5.04,High,5.3,Rain,Fall,3,8,7.1,Flatbed,0,slow,slow,1,1256,60,2360.02,765.0634921,3125.083492,58.7
"Miami, FL","Los Angeles, CA",70.7,27.5,4.11,6.74,Low,4.1,Clear,Summer,5,8,8.2,Refrigerated,1,normal,fast,3,2686,80,7375.76,1637.902077,9013.662077,70.7
"Dallas, TX","Los Angeles, CA",59,27.7,3.36,5.41,Low,6,Clear,Fall,4,8,8.4,Flatbed,1,slow,slow,1,1423,60,2609.78,883.7855823,3493.565582,59
"New York, NY","Miami, FL",53.2,7.2,3.94,7.01,Low,6.2,Clear,Fall,3,8,9.3,Dry Van,0,fast,slow,1,1256,60,2360.02,705.9400856,3065.960086,53.2
"Seattle, WA","Houston, TX",62.3,8.4,3.29,4.41,High,7.7,Snow,Summer,5,8,8.4,Refrigerated,0,fast,normal,2,2173,70,4671.95,1621.126984,6293.076984,62.3
"New York, NY","Seattle, WA",52.8,16.3,4.42,7.75,Medium,9.4,Storm,Spring,7,8,2.1,Tanker,1,normal,slow,1,2762,60,5140.08,1575.230968,6715.310968,52.8
"Los Angeles, CA","Houston, TX",67.8,5.5,4.01,7.09,Medium,4.6,Clear,Fall,3,8,7.8,Flatbed,0,normal,normal,2,1577,70,3406.32,891.9280677,4298.248068,67.8
"Phoenix, AZ","Atlanta, GA",51,23,4.56,7.74,High,6.2,Clear,Spring,5,8,6,Flatbed,0,normal,slow,1,1827,60,3334.28,1076.372093,4410.652093,51
"Houston, TX","Miami, FL",71.2,5.1,3.56,6.15,Low,5.1,Snow,Fall,2,8,3.5,Refrigerated,0,slow,fast,3,1112,80,3022.42,643.6943089,3666.114309,71.2
"Chicago, IL","Phoenix, AZ",43.5,10.1,3,5.49,Low,5.7,Snow,Fall,5,8,7.5,Dry Van,0,normal,slow,1,1670,60,3086.16,912.568306,3998.728306,43.5
"Miami, FL","Los Angeles, CA",65.9,21.9,3.56,4.06,High,4.7,Clear,Fall,6,8,8.2,Dry Van,1,normal,normal,2,2686,70,5882.34,2355.211823,8237.551823,65.9
"Dallas, TX","Denver, CO",72.1,24.7,3.57,7.38,Low,4.7,Storm,Spring,2,8,9.9,Dry Van,1,normal,fast,3,762,80,2044.45,368.6097561,2413.059756,72.1
"Seattle, WA","New York, NY",47.3,15.1,3.67,5.38,High,8.6,Snow,Spring,8,8,0.4,Dry Van,0,slow,slow,1,2762,60,5140.08,1884.115242,7024.195242,47.3
"Denver, CO","Houston, TX",50.4,29.9,4.91,7.76,Low,8.9,Storm,Winter,3,8,7.6,Dry Van,1,normal,slow,1,1010,60,1839.21,639.0592784,2478.269278,50.4
"Dallas, TX","Phoenix, AZ",63.3,15.3,4.37,4.92,Medium,10,Clear,Fall,3,8,9.3,Dry Van,1,normal,normal,2,1017,70,2181.47,903.3109756,3084.780976,63.3
"New York, NY","Miami, FL",72.5,13.4,4.52,7.8,Low,7.9,Snow,Fall,3,8,1,Refrigerated,0,normal,fast,3,1256,80,3484.14,727.8358974,4211.975897,72.5
"New York, NY","Los Angeles, CA",71,11,4.58,6.7,Low,5.3,Storm,Winter,5,8,4.3,Dry Van,1,fast,fast,3,2812,80,7761.12,1922.232836,9683.352836,71
"Chicago, IL","Dallas, TX",72,23.5,3.73,5.2,High,8.1,Snow,Winter,2,8,6.3,Flatbed,0,normal,fast,3,925,80,2514.15,663.5096154,3177.659615,72
"Chicago, IL","New York, NY",57.5,27.1,3.08,7.69,Medium,5.2,Storm,Fall,2,8,1.9,Flatbed,0,slow,slow,1,818,60,1537.02,327.6254876,1864.645488,57.5
"Los Angeles, CA","Miami, FL",42.5,9.3,3.05,5.34,High,4.3,Fog,Fall,8,8,2.2,Flatbed,0,normal,slow,1,2686,60,4998.65,1534.138577,6532.788577,42.5
"Los Angeles, CA","Dallas, TX",69.1,8.7,4.1,6.84,High,9.2,Storm,Summer,3,8,6.5,Refrigerated,1,normal,normal,2,1423,70,3073.68,852.9678363,3926.647836,69.1
"Houston, TX","Chicago, IL",43.9,22.7,4.99,6.95,Low,4.1,Clear,Winter,4,8,6.1,Refrigerated,0,fast,slow,1,1083,60,1995.97,777.5784173,2773.548417,43.9
"Phoenix, AZ","Miami, FL",65.2,19,3.45,7.77,Medium,8.2,Clear,Winter,5,8,9.2,Refrigerated,1,fast,normal,2,2276,70,4950.3,1010.579151,5960.879151,65.2
"Dallas, TX","Chicago, IL",54.2,6,3.1,5.14,Low,7.8,Snow,Spring,3,8,6.3,Refrigerated,1,normal,slow,1,925,60,1704.77,557.8793774,2262.649377,54.2
"New York, NY","Houston, TX",40.7,7.6,3.72,4.62,High,4.5,Storm,Summer,6,8,8.2,Flatbed,1,normal,slow,1,1630,60,3018.76,1312.467532,4331.227532,40.7
"Houston, TX","Dallas, TX",68.6,21.6,4.47,5.09,Low,10,Fog,Spring,1,8,2.1,Refrigerated,1,normal,normal,2,259,70,554.26,227.4518664,781.7118664,68.6
"New York, NY","Seattle, WA",74.1,29.7,4.59,6.52,Medium,7.1,Storm,Summer,5,8,1.4,Flatbed,0,slow,fast,3,2762,80,7584.45,1944.41411,9528.86411,74.1
"Chicago, IL","Dallas, TX",43.6,12.1,3.18,7.88,Medium,6.4,Snow,Spring,3,8,9.7,Dry Van,0,slow,slow,1,925,60,1704.77,373.286802,2078.056802,43.6
"Atlanta, GA","Chicago, IL",55.9,24.5,3.31,4.38,Medium,9.3,Snow,Spring,2,8,9.7,Flatbed,0,slow,slow,1,677,60,1251.1,511.6141553,1762.714155,55.9
"Denver, CO","Dallas, TX",54.7,8.5,4.45,6.25,High,8.3,Snow,Winter,2,8,0.7,Flatbed,1,fast,slow,1,762,60,1387.6,542.544,1930.144,54.7
"New York, NY","Chicago, IL",51,5.2,3.02,5.32,High,8.4,Snow,Spring,3,8,4.9,Dry Van,1,slow,slow,1,818,60,1537.02,464.3533835,2001.373383,51
"Atlanta, GA","Miami, FL",41.2,24.1,3.07,5.82,High,4.9,Snow,Spring,3,8,3.1,Flatbed,1,fast,slow,1,697,60,1288.06,367.661512,1655.721512,41.2
"Denver, CO","Chicago, IL",55,24.3,3.96,7.16,Low,4.4,Fog,Fall,3,8,5.5,Flatbed,0,slow,slow,1,1056,60,1951.49,584.0446927,2535.534693,55
"Denver, CO","New York, NY",42.6,6.1,3.31,6.56,Low,6.4,Clear,Fall,6,8,0.7,Tanker,1,fast,slow,1,1872,60,3474.43,944.5609756,4418.990976,42.6
"Houston, TX","Dallas, TX",50.5,20.7,4.37,4.5,Low,9.7,Fog,Summer,1,8,7.1,Refrigerated,0,fast,slow,1,259,60,470.34,251.5177778,721.8577778,50.5
"Atlanta, GA","Houston, TX",47.8,26.2,4.64,5.58,High,7.5,Snow,Spring,3,8,2.7,Flatbed,0,normal,slow,1,806,60,1467.73,670.2222222,2137.952222,47.8
"Denver, CO","Phoenix, AZ",74.4,24.9,4.55,5.37,Medium,8,Rain,Summer,2,8,9.9,Dry Van,0,normal,fast,3,673,80,1810.37,570.2327747,2380.602775,74.4
"Atlanta, GA","Los Angeles, CA",62.4,26.9,3,7.9,Medium,6.2,Clear,Winter,5,8,1.5,Tanker,0,fast,normal,2,2223,70,4812.8,844.1772152,5656.977215,62.4
"Denver, CO","Miami, FL",70.5,5.5,3.11,7.67,Low,4.7,Fog,Spring,4,8,6.2,Dry Van,0,normal,fast,3,1984,80,5406.4,804.464146,6210.864146,70.5
"Phoenix, AZ","Seattle, WA",60,15.9,4.95,4.92,Low,5.6,Storm,Winter,3,8,9.8,Refrigerated,0,normal,slow,1,1282,60,2346.06,1289.817073,3635.877073,60
"Atlanta, GA","New York, NY",40.4,22.6,3.81,7.87,Medium,5.7,Clear,Winter,3,8,1.3,Flatbed,0,normal,slow,1,858,60,1592.45,415.3722999,2007.8223,40.4
"New York, NY","Dallas, TX",41.5,6.8,3.49,4.08,Medium,5.5,Clear,Summer,5,8,2.4,Refrigerated,0,fast,slow,1,1576,60,2918.75,1348.098039,4266.848039,41.5
"Seattle, WA","New York, NY",67.9,28.5,4.21,5.04,High,9,Snow,Spring,6,8,8.7,Flatbed,0,normal,normal,2,2762,70,6048.78,2307.146825,8355.926825,67.9
"Chicago, IL","New York, NY",63.3,21.8,3.39,4.8,Medium,6.8,Fog,Spring,2,8,0.1,Refrigerated,0,normal,normal,2,818,70,1807.78,577.7125,2385.4925,63.3
"Houston, TX","Miami, FL",42,17,4.28,6.75,Medium,4.4,Storm,Fall,4,8,5.8,Dry Van,0,normal,slow,1,1112,60,2049.42,705.0903704,2754.51037,42
"Chicago, IL","Los Angeles, CA",44.7,21.6,4.04,4.65,High,7.2,Storm,Fall,6,8,6.4,Dry Van,0,fast,slow,1,2004,60,3729.44,1741.109677,5470.549677,44.7
"Denver, CO","Dallas, TX",40.2,8.8,3.85,7.21,Low,5.7,Fog,Spring,3,8,8,Flatbed,0,slow,slow,1,762,60,1387.6,406.8932039,1794.493204,40.2
"Phoenix, AZ","Miami, FL",50.8,6.5,3.97,5.1,High,6.4,Rain,Winter,6,8,7.4,Dry Van,1,normal,slow,1,2276,60,4206.05,1771.709804,5977.759804,50.8
"Phoenix, AZ","Dallas, TX",40.5,16,4.3,6.81,High,5.1,Rain,Winter,4,8,8.1,Tanker,0,fast,slow,1,1017,60,1851.96,642.1585903,2494.11859,40.5
"Chicago, IL","Miami, FL",71.3,9.6,3.08,4.63,Low,5.1,Storm,Winter,3,8,3.9,Refrigerated,0,slow,fast,3,1370,80,3781.2,911.3606911,4692.560691,71.3
"Denver, CO","Los Angeles, CA",74.1,11.8,4.41,7.71,High,8.1,Storm,Spring,2,8,2.2,Flatbed,1,slow,fast,3,954,80,2586.29,545.6731518,3131.963152,74.1
"Seattle, WA","Chicago, IL",59.7,22.5,4.99,4.13,High,4.4,Fog,Winter,5,8,7.4,Dry Van,0,fast,slow,1,1993,60,3691.04,2408.007264,6099.047264,59.7
"Denver, CO","Chicago, IL",61.8,13.1,3.91,4.86,High,9.2,Fog,Spring,3,8,9.4,Dry Van,1,slow,normal,2,1056,70,2296.8,849.5802469,3146.380247,61.8
"Seattle, WA","New York, NY",44.3,9.3,4.98,6.9,High,4.3,Storm,Summer,8,8,4.1,Tanker,1,slow,slow,1,2762,60,5140.08,1993.443478,7133.523478,44.3
"Los Angeles, CA","Chicago, IL",45.4,26,3.13,5.16,High,5.8,Storm,Winter,6,8,0.1,Flatbed,1,normal,slow,1,2004,60,3729.44,1215.604651,4945.044651,45.4
"Atlanta, GA","Phoenix, AZ",72.7,12.8,3.72,5.89,High,7.4,Storm,Spring,4,8,1.6,Flatbed,1,fast,fast,3,1827,80,4914.63,1153.894737,6068.524737,72.7
"New York, NY","Los Angeles, CA",59.7,6.4,4.33,4.96,High,4.7,Fog,Spring,6,8,4.7,Dry Van,1,fast,slow,1,2812,60,5258.44,2454.830645,7713.270645,59.7
"Houston, TX","Dallas, TX",41.5,15.4,4.52,7.5,Low,4.6,Storm,Spring,1,8,3.7,Refrigerated,1,fast,slow,1,259,60,470.34,156.0906667,626.4306667,41.5
"Los Angeles, CA","Dallas, TX",52.3,14.1,3.42,7.84,Low,6.7,Storm,Spring,4,8,4.5,Dry Van,0,slow,slow,1,1423,60,2609.78,620.747449,3230.527449,52.3
"Atlanta, GA","Los Angeles, CA",68.4,5.7,4.38,6.38,Low,4.9,Clear,Summer,5,8,6.5,Flatbed,1,fast,normal,2,2223,70,4812.8,1526.134796,6338.934796,68.4
"Houston, TX","Phoenix, AZ",43.3,23.5,4.6,6.9,High,5.2,Rain,Spring,4,8,1.7,Flatbed,0,normal,slow,1,1166,60,2123.29,777.3333333,2900.623333,43.3
"Denver, CO","Miami, FL",67.9,24.4,3.93,7.46,High,9.6,Rain,Winter,4,8,4.6,Refrigerated,0,fast,normal,2,1984,70,4315.2,1045.190349,5360.390349,67.9
"Los Angeles, CA","Dallas, TX",70.9,13.4,4.15,6.38,Low,7.1,Clear,Summer,3,8,3.6,Refrigerated,0,fast,fast,3,1423,80,3847.79,925.6191223,4773.409122,70.9
"Los Angeles, CA","New York, NY",57.9,29.5,3.25,5.49,Medium,9.6,Fog,Summer,7,8,5,Refrigerated,0,fast,slow,1,2812,60,5258.44,1664.663024,6923.103024,57.9
"Atlanta, GA","Miami, FL",66.3,19.5,3.24,6.8,Low,8.2,Clear,Spring,2,8,0.9,Flatbed,1,fast,normal,2,697,70,1515.97,332.1,1848.07,66.3
"Miami, FL","Dallas, TX",41.8,16.9,4.81,4.01,Medium,5.6,Fog,Spring,4,8,7.1,Flatbed,0,normal,slow,1,1277,60,2353.51,1531.763092,3885.273092,41.8
"Miami, FL","Atlanta, GA",69.6,12.4,4.82,6.97,Medium,6.4,Fog,Summer,2,8,2.6,Tanker,0,normal,normal,2,697,70,1515.97,482,1997.97,69.6
"New York, NY","Seattle, WA",50.9,13.2,3.38,7.23,Low,5.7,Clear,Winter,7,8,4.1,Refrigerated,0,slow,slow,1,2762,60,5140.08,1291.22545,6431.30545,50.9
"Denver, CO","Chicago, IL",54.4,17.6,4.63,7.28,Medium,8.8,Fog,Winter,3,8,0.4,Refrigerated,0,normal,slow,1,1056,60,1951.49,671.6043956,2623.094396,54.4
"Chicago, IL","Dallas, TX",41.6,24.7,4.83,5.95,Low,8.8,Storm,Summer,3,8,8,Flatbed,1,normal,slow,1,925,60,1704.77,750.8823529,2455.652353,41.6
"Denver, CO","Los Angeles, CA",47.2,17.5,4.92,5.37,High,9.8,Clear,Spring,3,8,7,Flatbed,1,slow,slow,1,954,60,1754.41,874.0558659,2628.465866,47.2
"Phoenix, AZ","Dallas, TX",73.9,27.6,4.02,7.62,Low,6.4,Snow,Fall,2,8,2.5,Dry Van,1,fast,fast,3,1017,80,2728.61,536.5275591,3265.137559,73.9
"Denver, CO","Phoenix, AZ",40.5,18.7,3.32,5.13,Medium,5.8,Rain,Fall,3,8,6.3,Refrigerated,0,slow,slow,1,673,60,1228.23,435.5477583,1663.777758,40.5
"New York, NY","Seattle, WA",60.5,12.6,4.28,7.32,Medium,10,Snow,Winter,6,8,1.9,Dry Van,1,normal,normal,2,2762,70,6048.78,1614.939891,7663.719891,60.5
"Houston, TX","New York, NY",72.8,10.3,3.51,4.6,Low,8.4,Fog,Fall,3,8,9.7,Tanker,0,fast,fast,3,1630,80,4453.16,1243.76087,5696.92087,72.8
"Houston, TX","Atlanta, GA",61.9,17.9,3.65,7.55,Low,8,Storm,Fall,2,8,1.7,Dry Van,0,fast,normal,2,806,70,1728.87,389.6556291,2118.525629,61.9
"Houston, TX","Denver, CO",44.9,11.7,3.83,7.45,Medium,5.7,Rain,Spring,3,8,4.6,Refrigerated,1,slow,slow,1,1010,60,1839.21,519.2348993,2358.444899,44.9
"Los Angeles, CA","Denver, CO",49.3,8.9,4.74,4.44,Low,8.6,Snow,Spring,3,8,8.6,Dry Van,0,slow,slow,1,954,60,1754.41,1018.459459,2772.869459,49.3
"Denver, CO","Los Angeles, CA",49.9,19.4,3.03,5.9,Medium,4.5,Storm,Summer,3,8,1.1,Dry Van,0,fast,slow,1,954,60,1754.41,489.9355932,2244.345593,49.9
"Chicago, IL","Seattle, WA",58.3,27.8,3.04,6.55,High,5.8,Clear,Fall,5,8,8.7,Flatbed,1,fast,slow,1,1993,60,3691.04,924.9954198,4616.03542,58.3
"Los Angeles, CA","Atlanta, GA",48.6,28.7,4.38,7.81,Medium,7.4,Clear,Fall,6,8,8.9,Dry Van,0,fast,slow,1,2223,60,4088.1,1246.701665,5334.801665,48.6
"Atlanta, GA","Seattle, WA",50.9,11.1,4.14,7.21,Low,8.6,Rain,Summer,7,8,3.8,Tanker,0,normal,slow,1,2505,60,4584.15,1438.377254,6022.527254,50.9
"Miami, FL","Dallas, TX",47.4,23.5,3.3,4.89,High,6.5,Rain,Spring,4,8,2.1,Refrigerated,1,normal,slow,1,1277,60,2353.51,861.7791411,3215.289141,47.4
"Atlanta, GA","Dallas, TX",73.3,9.8,4.72,4.46,Low,9.2,Clear,Winter,2,8,8.5,Dry Van,1,fast,fast,3,828,80,2221.52,876.2690583,3097.789058,73.3
"Denver, CO","Dallas, TX",60.9,27.9,4.17,6.85,High,6.5,Snow,Summer,2,8,5.8,Tanker,1,normal,normal,2,762,70,1634.49,463.8744526,2098.364453,60.9
"New York, NY","Houston, TX",67.8,29.1,3.46,5.47,Medium,7,Fog,Fall,4,8,8.8,Dry Van,1,normal,normal,2,1630,70,3553.4,1031.042048,4584.442048,67.8
"Atlanta, GA","Miami, FL",43.6,25.8,4.36,4.13,Medium,4.8,Snow,Fall,2,8,6.6,Dry Van,1,slow,slow,1,697,60,1288.06,735.8159806,2023.875981,43.6
"Denver, CO","Seattle, WA",65.2,21.5,4.53,6.3,Low,5.6,Fog,Spring,3,8,0.2,Dry Van,0,normal,normal,2,1172,70,2525.66,842.7238095,3368.38381,65.2
"Chicago, IL","Los Angeles, CA",65.5,15.7,3.05,4.26,Medium,7.9,Snow,Winter,4,8,5.1,Flatbed,1,normal,normal,2,2004,70,4388.76,1434.788732,5823.548732,65.5
"New York, NY","Houston, TX",49,5.5,3.55,5.8,Low,5.2,Snow,Spring,5,8,7.2,Tanker,0,fast,slow,1,1630,60,3018.76,997.6724138,4016.432414,49
"Miami, FL","New York, NY",72.8,20.4,3.11,6.96,Medium,4.7,Fog,Summer,3,8,7.5,Tanker,0,fast,fast,3,1256,80,3484.14,561.2298851,4045.369885,72.8
"Chicago, IL","Atlanta, GA",65.5,10.8,3.86,7.56,Medium,4.1,Snow,Spring,2,8,2.7,Refrigerated,1,slow,normal,2,677,70,1472.47,345.6640212,1818.134021,65.5
"New York, NY","Chicago, IL",69.4,22.4,3.23,5.98,Low,6.8,Fog,Winter,2,8,8,Dry Van,0,normal,normal,2,818,70,1807.78,441.8294314,2249.609431,69.4
"Houston, TX","Seattle, WA",66.7,9.8,3.63,4.38,Low,4.9,Rain,Spring,5,8,2,Tanker,0,fast,normal,2,2173,70,4671.95,1800.910959,6472.860959,66.7
"Houston, TX","Miami, FL",44.3,26.6,3.06,7.91,Low,5.2,Clear,Fall,4,8,5.8,Tanker,0,normal,slow,1,1112,60,2049.42,430.1795196,2479.59952,44.3
"Phoenix, AZ","Atlanta, GA",61.1,26.3,3.1,7.2,High,6.4,Clear,Winter,4,8,6.2,Flatbed,1,slow,normal,2,1827,70,3928.05,786.625,4714.675,61.1
"Seattle, WA","Miami, FL",52.5,17.6,4.17,7.95,Low,7.5,Clear,Winter,8,8,5.9,Dry Van,1,slow,slow,1,3141,60,5817.13,1647.543396,7464.673396,52.5
"Chicago, IL","Seattle, WA",70,25,4.78,5.34,Medium,7,Rain,Spring,4,8,2.6,Dry Van,1,normal,normal,2,1993,70,4344.74,1783.996255,6128.736255,70
"Los Angeles, CA","Denver, CO",69.1,24.3,4.94,7.98,Medium,5.4,Snow,Summer,2,8,0.9,Tanker,0,fast,normal,2,954,70,2065.41,590.5714286,2655.981429,69.1
"Chicago, IL","Phoenix, AZ",47.7,12.5,4.89,5.05,High,8,Rain,Winter,5,8,0.9,Tanker,1,slow,slow,1,1670,60,3086.16,1617.089109,4703.249109,47.7
"Los Angeles, CA","Atlanta, GA",61.8,11.2,3.6,6.83,Medium,4.6,Fog,Spring,5,8,9.4,Tanker,1,normal,normal,2,2223,70,4812.8,1171.713031,5984.513031,61.8
"Miami, FL","Denver, CO",55.2,23.5,4.56,7.08,Low,10,Fog,Winter,5,8,9.8,Flatbed,1,slow,slow,1,1984,60,3666.43,1277.830508,4944.260508,55.2
"Dallas, TX","New York, NY",69.8,16.4,4.74,4.88,High,8.7,Snow,Spring,3,8,8.2,Tanker,0,fast,normal,2,1576,70,3435.68,1530.786885,4966.466885,69.8
"Dallas, TX","Miami, FL",43.4,27.4,4.16,6.62,High,5.7,Storm,Winter,4,8,4.2,Flatbed,0,normal,slow,1,1277,60,2353.51,802.4652568,3155.975257,43.4
"Los Angeles, CA","Phoenix, AZ",64.6,22.4,3.72,5.54,Low,7.4,Rain,Winter,1,8,7.5,Dry Van,0,fast,normal,2,410,70,887.65,275.3068592,1162.956859,64.6
"Miami, FL","Phoenix, AZ",51.8,18.1,4.74,4.03,Low,8.3,Clear,Fall,6,8,2.1,Flatbed,1,fast,slow,1,2276,60,4206.05,2676.98263,6883.03263,51.8
"Atlanta, GA","Chicago, IL",71.4,27.8,3.12,6.09,Medium,4.9,Storm,Winter,2,8,6.7,Tanker,0,slow,fast,3,677,80,1844.82,346.8374384,2191.657438,71.4
"Dallas, TX","Atlanta, GA",44.1,25.8,4.35,4.03,Low,7.8,Fog,Summer,3,8,4.2,Dry Van,0,slow,slow,1,828,60,1507.79,893.7468983,2401.536898,44.1
"Seattle, WA","Denver, CO",61.7,21,4.93,4.71,High,7.7,Clear,Spring,3,8,6.7,Tanker,0,slow,normal,2,1172,70,2525.66,1226.7431,3752.4031,61.7
"Miami, FL","Los Angeles, CA",45.6,29.1,3.64,5.57,Medium,4.9,Storm,Summer,8,8,7.2,Refrigerated,0,fast,slow,1,2686,60,4998.65,1755.303411,6753.953411,45.6
"Los Angeles, CA","New York, NY",63.5,21.2,3.44,7.03,High,4.5,Fog,Spring,6,8,3.2,Refrigerated,0,slow,normal,2,2812,70,6186.4,1376,7562.4,63.5
"Dallas, TX","Houston, TX",43.7,23.8,3.72,6.21,Medium,5.7,Rain,Summer,1,8,9.1,Refrigerated,0,normal,slow,1,259,60,470.34,155.1497585,625.4897585,43.7
"Atlanta, GA","Denver, CO",46.5,26,4.07,6.83,Low,5.3,Storm,Summer,4,8,8.9,Flatbed,1,normal,slow,1,1392,60,2540.4,829.4934114,3369.893411,46.5
"Denver, CO","Chicago, IL",56.3,24.4,3.12,6.82,High,8.9,Fog,Winter,3,8,1.8,Refrigerated,1,slow,slow,1,1056,60,1951.49,483.0967742,2434.586774,56.3
"New York, NY","Phoenix, AZ",48.2,29.1,4.3,5.19,High,9.6,Rain,Spring,7,8,2.8,Tanker,0,slow,slow,1,2461,60,4567.62,2038.978805,6606.598805,48.2
"Chicago, IL","Dallas, TX",47,29.3,4.03,7.58,Low,6.1,Rain,Fall,3,8,3.6,Flatbed,1,normal,slow,1,925,60,1704.77,491.7875989,2196.557599,47
"Seattle, WA","Atlanta, GA",61,6.3,4.72,7.05,High,5.3,Storm,Spring,6,8,7.2,Flatbed,1,fast,normal,2,2505,70,5398.28,1677.106383,7075.386383,61
"Denver, CO","Houston, TX",41.2,11.8,3.93,7.9,Medium,9.3,Fog,Fall,4,8,7.2,Refrigerated,1,fast,slow,1,1010,60,1839.21,502.443038,2341.653038,41.2
"Phoenix, AZ","Houston, TX",40.3,23,3.92,6.72,Low,7.6,Rain,Spring,4,8,2.9,Refrigerated,0,slow,slow,1,1166,60,2123.29,680.1666667,2803.456667,40.3
"Los Angeles, CA","Seattle, WA",48.2,15.9,4.95,7.06,High,5.9,Clear,Summer,3,8,0.5,Dry Van,0,slow,slow,1,1104,60,2034.67,774.0509915,2808.720992,48.2
"Miami, FL","Seattle, WA",65.1,19.3,3.94,6.76,High,6.4,Storm,Spring,7,8,9,Refrigerated,0,fast,normal,2,3141,70,6847.38,1830.701183,8678.081183,65.1
"Miami, FL","Denver, CO",54.3,5.6,4.27,6.96,Medium,5.8,Rain,Summer,5,8,9.9,Refrigerated,1,slow,slow,1,1984,60,3666.43,1217.195402,4883.625402,54.3
"Dallas, TX","Denver, CO",52.3,20.7,3.36,4.8,High,9.5,Fog,Spring,2,8,3.1,Flatbed,0,slow,slow,1,762,60,1387.6,533.4,1921,52.3
"Seattle, WA","Dallas, TX",71.5,24.5,3.09,6.77,Medium,7,Fog,Summer,4,8,6.9,Flatbed,0,normal,fast,3,1932,80,5197.08,881.8138848,6078.893885,71.5
"Dallas, TX","Phoenix, AZ",74.4,21.1,3.73,6.4,Medium,5.3,Rain,Summer,2,8,0.3,Flatbed,1,fast,fast,3,1017,80,2728.61,592.7203125,3321.330313,74.4
"Los Angeles, CA","Dallas, TX",66.2,25.2,3.51,6.16,Low,7.2,Rain,Fall,3,8,9.5,Refrigerated,1,fast,normal,2,1423,70,3073.68,810.8327922,3884.512792,66.2
"Dallas, TX","Seattle, WA",59.5,19.8,4.08,6.83,High,6.5,Fog,Spring,5,8,7.7,Tanker,1,normal,slow,1,1932,60,3525.9,1154.108346,4680.008346,59.5
"Denver, CO","Chicago, IL",56.4,9.2,3.04,6.66,High,7.5,Snow,Fall,3,8,2.6,Flatbed,1,normal,slow,1,1056,60,1951.49,482.018018,2433.508018,56.4
"Miami, FL","Houston, TX",69.1,24,3.67,6.55,Low,9,Rain,Winter,3,8,1.5,Dry Van,0,fast,normal,2,1112,70,2413.04,623.059542,3036.099542,69.1
"Denver, CO","Houston, TX",40.4,10.7,3.67,4.13,Low,7.6,Storm,Summer,4,8,4.8,Dry Van,1,slow,slow,1,1010,60,1839.21,897.5060533,2736.716053,40.4
"Houston, TX","Dallas, TX",40.5,21.5,4.69,7.14,High,5.9,Clear,Fall,1,8,9.9,Refrigerated,1,fast,slow,1,259,60,470.34,170.127451,640.467451,40.5
"Phoenix, AZ","Seattle, WA",54.6,22,4.75,4.21,Medium,5.8,Rain,Winter,3,8,9.7,Tanker,0,normal,slow,1,1282,60,2346.06,1446.437055,3792.497055,54.6
"Los Angeles, CA","Dallas, TX",54.2,14.7,3.98,5.67,Low,9,Fog,Spring,4,8,7.9,Flatbed,0,normal,slow,1,1423,60,2609.78,998.8606702,3608.64067,54.2
"New York, NY","Phoenix, AZ",43.6,12,3.52,7.74,Low,6.9,Clear,Spring,8,8,2.9,Dry Van,0,slow,slow,1,2461,60,4567.62,1119.21447,5686.83447,43.6
"Atlanta, GA","New York, NY",69.6,27.5,3.78,6.57,Medium,5.7,Storm,Fall,2,8,2.2,Tanker,1,fast,normal,2,858,70,1874.73,493.6438356,2368.373836,69.6
"Denver, CO","Dallas, TX",71.6,8.3,4.84,5.38,High,6.6,Fog,Spring,2,8,4.1,Flatbed,0,fast,fast,3,762,80,2044.45,685.5167286,2729.966729,71.6
"Denver, CO","Phoenix, AZ",64.5,24,4.65,5.37,Low,8.6,Clear,Spring,2,8,9.6,Refrigerated,1,normal,normal,2,673,70,1446.95,582.7653631,2029.715363,64.5
"Denver, CO","Dallas, TX",74.7,23.5,4.55,4.1,Medium,7,Storm,Fall,2,8,3.1,Tanker,1,normal,fast,3,762,80,2044.45,845.6341463,2890.084146,74.7
"Atlanta, GA","New York, NY",54.9,9.7,4.03,4.14,High,7.1,Storm,Summer,2,8,3.6,Refrigerated,0,fast,slow,1,858,60,1592.45,835.2028986,2427.652899,54.9
"New York, NY","Chicago, IL",44.7,27,4.91,4,Medium,9.1,Snow,Summer,3,8,4.6,Refrigerated,0,fast,slow,1,818,60,1537.02,1004.095,2541.115,44.7
"Seattle, WA","Miami, FL",55.7,28.8,3.42,4.72,Low,5.5,Clear,Spring,8,8,9.3,Flatbed,0,slow,slow,1,3141,60,5817.13,2275.894068,8093.024068,55.7
"Chicago, IL","New York, NY",48.5,16,3.78,4.19,Low,7.1,Snow,Fall,3,8,8.4,Tanker,1,normal,slow,1,818,60,1537.02,737.9570406,2274.977041,48.5
"Houston, TX","Phoenix, AZ",69.6,28.9,4.89,4.4,Medium,9.7,Clear,Winter,3,8,7.8,Flatbed,0,normal,normal,2,1166,70,2501.07,1295.85,3796.92,69.6
"Denver, CO","Seattle, WA",46.3,29.4,3.43,4.68,Medium,6.2,Snow,Summer,4,8,3.3,Tanker,1,normal,slow,1,1172,60,2144.76,858.965812,3003.725812,46.3
"Denver, CO","Houston, TX",57.3,20.4,3.78,5.38,Medium,5.3,Storm,Fall,3,8,6.7,Dry Van,0,fast,slow,1,1010,60,1839.21,709.6282528,2548.838253,57.3
"Denver, CO","Atlanta, GA",42.8,8.5,3.74,7.7,Medium,6.3,Fog,Winter,5,8,4.2,Dry Van,1,normal,slow,1,1392,60,2540.4,676.1142857,3216.514286,42.8
"Dallas, TX","New York, NY",60.8,12,4.38,6.52,Low,5,Snow,Summer,4,8,5.5,Refrigerated,1,normal,normal,2,1576,70,3435.68,1058.723926,4494.403926,60.8
"Atlanta, GA","Dallas, TX",73.7,15.5,4.53,4.47,High,9.3,Fog,Summer,2,8,6.3,Tanker,0,fast,fast,3,828,80,2221.52,839.114094,3060.634094,73.7
"Phoenix, AZ","New York, NY",41.4,22.5,3.23,4.51,Low,5.1,Storm,Summer,8,8,2.7,Refrigerated,1,slow,slow,1,2461,60,4567.62,1762.534368,6330.154368,41.4
"Atlanta, GA","Miami, FL",69.5,28.2,3.97,6.27,Low,5.5,Snow,Fall,2,8,7.5,Flatbed,0,slow,normal,2,697,70,1515.97,441.3221691,1957.292169,69.5
"Miami, FL","New York, NY",50.6,19.6,4.89,7.55,Low,8.6,Storm,Spring,4,8,2.4,Tanker,1,slow,slow,1,1256,60,2360.02,813.4887417,3173.508742,50.6
"Atlanta, GA","Denver, CO",46.3,20.1,3.88,5.87,Low,6.7,Clear,Summer,4,8,7.9,Dry Van,1,normal,slow,1,1392,60,2540.4,920.0954003,3460.4954,46.3
"New York, NY","Denver, CO",56.6,21.1,4.81,6.27,Medium,8.8,Fog,Fall,5,8,0.3,Refrigerated,1,normal,slow,1,1872,60,3474.43,1436.095694,4910.525694,56.6
"Miami, FL","Houston, TX",62.9,22.2,3.01,7.2,High,7,Rain,Summer,3,8,7.4,Dry Van,0,normal,normal,2,1112,70,2413.04,464.8777778,2877.917778,62.9
"Houston, TX","Chicago, IL",57,25.1,3.59,4.39,High,7.1,Storm,Spring,3,8,8,Refrigerated,1,normal,slow,1,1083,60,1995.97,885.642369,2881.612369,57
"Houston, TX","Phoenix, AZ",41.9,19.8,4.36,7.94,Low,9.7,Storm,Summer,4,8,5.2,Tanker,1,normal,slow,1,1166,60,2123.29,640.2720403,2763.56204,41.9
"Dallas, TX","Seattle, WA",53.4,19.6,4.45,6.54,High,8.3,Storm,Spring,5,8,7.3,Refrigerated,0,fast,slow,1,1932,60,3525.9,1314.587156,4840.487156,53.4
"Dallas, TX","Miami, FL",45.7,9.1,4.78,4.3,Medium,8.8,Rain,Fall,4,8,4.7,Refrigerated,1,fast,slow,1,1277,60,2353.51,1419.548837,3773.058837,45.7
"Chicago, IL","Atlanta, GA",60.5,10.3,3.57,7.68,Low,6.6,Clear,Fall,2,8,4.7,Refrigerated,0,slow,normal,2,677,70,1472.47,314.6992188,1787.169219,60.5
"Los Angeles, CA","Chicago, IL",44.4,9.2,4.84,5.83,Low,8.3,Fog,Summer,6,8,6.4,Dry Van,1,normal,slow,1,2004,60,3729.44,1663.698113,5393.138113,44.4
"Atlanta, GA","Houston, TX",50.5,19.5,4.88,6.88,High,4.4,Fog,Summer,2,8,4.5,Dry Van,1,fast,slow,1,806,60,1467.73,571.6976744,2039.427674,50.5
"New York, NY","Los Angeles, CA",51.8,27.3,4.23,6.11,Low,6,Rain,Winter,7,8,6.2,Flatbed,1,slow,slow,1,2812,60,5258.44,1946.769231,7205.209231,51.8
"Houston, TX","Denver, CO",71.9,17.3,4.02,5.67,Medium,8.7,Clear,Spring,2,8,2.7,Refrigerated,0,normal,fast,3,1010,80,2709.83,716.0846561,3425.914656,71.9
"Dallas, TX","Los Angeles, CA",60.9,19.8,4.22,6.88,Medium,5.9,Clear,Spring,3,8,8.1,Flatbed,0,fast,normal,2,1423,70,3073.68,872.8284884,3946.508488,60.9
"Phoenix, AZ","Miami, FL",65.3,7.1,3.75,4.25,Medium,7.1,Storm,Fall,5,8,1.7,Refrigerated,1,normal,normal,2,2276,70,4950.3,2008.235294,6958.535294,65.3
"New York, NY","Miami, FL",72.6,16.1,4.61,7.71,High,9.8,Fog,Winter,3,8,3.2,Tanker,0,fast,fast,3,1256,80,3484.14,750.9935149,4235.133515,72.6
"New York, NY","Atlanta, GA",68.4,25.9,3.03,7.82,Medium,8.7,Snow,Summer,2,8,0.8,Refrigerated,1,slow,normal,2,858,70,1874.73,332.4475703,2207.17757,68.4
"Miami, FL","Denver, CO",73.7,17.5,3.8,7.36,Low,4.5,Clear,Winter,4,8,3.8,Refrigerated,1,normal,fast,3,1984,80,5406.4,1024.347826,6430.747826,73.7
"Dallas, TX","Atlanta, GA",50.8,10.3,3.35,6.56,Low,9.5,Rain,Fall,3,8,3,Refrigerated,0,normal,slow,1,828,60,1507.79,422.8353659,1930.625366,50.8
"Dallas, TX","Atlanta, GA",69.1,29.3,3.7,5.16,Medium,7.6,Fog,Summer,2,8,6.2,Refrigerated,1,slow,normal,2,828,70,1776.06,593.7209302,2369.78093,69.1
"Denver, CO","Atlanta, GA",71.9,15.3,4.08,5.07,Low,5.7,Clear,Summer,3,8,2.9,Refrigerated,1,fast,fast,3,1392,80,3744.48,1120.189349,4864.669349,71.9
"New York, NY","Denver, CO",73.7,20.6,3.35,4.47,High,6.2,Fog,Winter,4,8,4.7,Flatbed,1,fast,fast,3,1872,80,5127.41,1402.95302,6530.36302,73.7
"Los Angeles, CA","Houston, TX",59.9,18,4.61,4.02,High,5.2,Clear,Spring,4,8,1.6,Flatbed,1,normal,slow,1,1577,60,2892.22,1808.450249,4700.670249,59.9
"Phoenix, AZ","Houston, TX",51.5,24.7,4.78,5.39,Medium,9.1,Snow,Spring,3,8,3.7,Flatbed,1,slow,slow,1,1166,60,2123.29,1034.040816,3157.330816,51.5
"Atlanta, GA","Miami, FL",55.2,28.1,4.39,4.99,Low,5.1,Rain,Summer,2,8,2.2,Flatbed,0,slow,slow,1,697,60,1288.06,613.1923848,1901.252385,55.2
"Los Angeles, CA","Seattle, WA",54.4,16.1,4.74,6.45,Medium,4.1,Fog,Fall,3,8,7.6,Dry Van,0,fast,slow,1,1104,60,2034.67,811.3116279,2845.981628,54.4
"Phoenix, AZ","Miami, FL",54.8,16.3,4.91,5.9,Low,8.5,Rain,Spring,6,8,1.4,Refrigerated,0,fast,slow,1,2276,60,4206.05,1894.094915,6100.144915,54.8
"New York, NY","Atlanta, GA",70.8,28.6,3.12,6.96,Low,8.4,Clear,Spring,2,8,2.5,Dry Van,1,slow,fast,3,858,80,2350.06,384.6206897,2734.68069,70.8
"New York, NY","Chicago, IL",52.9,16.3,4.64,4.06,Low,9.4,Clear,Spring,2,8,2.3,Flatbed,0,slow,slow,1,818,60,1537.02,934.8571429,2471.877143,52.9
"Atlanta, GA","Houston, TX",63.1,6.1,4.43,7.04,Medium,5,Fog,Winter,2,8,2,Flatbed,1,normal,normal,2,806,70,1728.87,507.1846591,2236.054659,63.1
"Phoenix, AZ","Miami, FL",49.5,24.9,4.08,7.07,Medium,7.3,Fog,Spring,6,8,9.1,Tanker,1,slow,slow,1,2276,60,4206.05,1313.448373,5519.498373,49.5
"Miami, FL","Atlanta, GA",56.9,20.9,4.23,5.43,Low,6.5,Rain,Summer,2,8,10,Dry Van,0,fast,slow,1,697,60,1288.06,542.9668508,1831.026851,56.9
"Dallas, TX","Chicago, IL",43.2,18,3.1,5.15,Low,6.7,Storm,Summer,3,8,9.8,Tanker,0,slow,slow,1,925,60,1704.77,556.7961165,2261.566117,43.2
"Atlanta, GA","Dallas, TX",43.4,18.5,4.63,4.95,Medium,8.5,Rain,Winter,3,8,6.6,Refrigerated,1,slow,slow,1,828,60,1507.79,774.4727273,2282.262727,43.4
"Phoenix, AZ","Chicago, IL",72.3,27.1,4.43,5.45,High,8.8,Clear,Winter,3,8,2.5,Tanker,0,fast,fast,3,1670,80,4550.75,1357.449541,5908.199541,72.3
"Los Angeles, CA","New York, NY",74.9,25.1,4.46,5.81,Low,5.9,Snow,Winter,5,8,5.7,Tanker,1,normal,fast,3,2812,80,7761.12,2158.609294,9919.729294,74.9
"Houston, TX","Seattle, WA",57.1,23.8,4.74,5.57,High,4.1,Clear,Fall,5,8,9.1,Tanker,1,normal,slow,1,2173,60,3965.72,1849.195691,5814.915691,57.1
"Houston, TX","Denver, CO",65.8,13.1,4.4,6.59,High,5.1,Storm,Spring,2,8,7.9,Dry Van,0,slow,normal,2,1010,70,2166.45,674.3550835,2840.805083,65.8
"Denver, CO","Miami, FL",65.6,14.5,3.69,7.37,High,4.2,Rain,Fall,4,8,4.3,Refrigerated,1,fast,normal,2,1984,70,4315.2,993.3459973,5308.545997,65.6
"Los Angeles, CA","Miami, FL",44.3,17.9,4.97,4.94,Low,8.3,Rain,Spring,8,8,3.1,Dry Van,0,fast,slow,1,2686,60,4998.65,2702.311741,7700.961741,44.3
"New York, NY","Miami, FL",42.5,12.1,4.43,6.54,Medium,4.5,Storm,Summer,4,8,3.8,Dry Van,0,normal,slow,1,1256,60,2360.02,850.7767584,3210.796758,42.5
"Atlanta, GA","Phoenix, AZ",69.2,5.4,3.66,5.7,High,9.5,Rain,Fall,4,8,9.5,Flatbed,0,slow,normal,2,1827,70,3928.05,1173.126316,5101.176316,69.2
"Chicago, IL","Los Angeles, CA",45.5,27.9,4.76,5.51,Low,6.4,Clear,Winter,6,8,6.6,Tanker,0,slow,slow,1,2004,60,3729.44,1731.22323,5460.66323,45.5
"Atlanta, GA","Miami, FL",40.8,8.5,3.88,5.13,High,8.6,Fog,Winter,3,8,0.9,Flatbed,1,fast,slow,1,697,60,1288.06,527.165692,1815.225692,40.8
"Dallas, TX","Phoenix, AZ",49.6,20.5,3.14,5.52,High,6.7,Clear,Spring,3,8,5.3,Refrigerated,1,normal,slow,1,1017,60,1851.96,578.5108696,2430.47087,49.6
"Chicago, IL","Houston, TX",73.6,9.6,3.32,6.85,Medium,4.4,Rain,Summer,2,8,8.8,Flatbed,1,fast,fast,3,1083,80,2943.59,524.8992701,3468.48927,73.6
"Chicago, IL","Los Angeles, CA",41.4,28,3.98,7.47,Low,9.1,Fog,Fall,7,8,0.6,Dry Van,0,slow,slow,1,2004,60,3729.44,1067.726908,4797.166908,41.4
"Atlanta, GA","Seattle, WA",70.6,27.5,3.92,5.76,Low,5.1,Rain,Winter,5,8,9.1,Dry Van,1,normal,fast,3,2505,80,6755.98,1704.791667,8460.771667,70.6
"Los Angeles, CA","New York, NY",46.9,20.2,4.48,4.52,Medium,8.8,Rain,Fall,8,8,4.9,Dry Van,1,slow,slow,1,2812,60,5258.44,2787.115044,8045.555044,46.9
"New York, NY","Denver, CO",46.8,11,3.13,4.59,Low,4.9,Clear,Spring,5,8,0.5,Refrigerated,1,slow,slow,1,1872,60,3474.43,1276.54902,4750.97902,46.8
"Houston, TX","New York, NY",48.2,12.5,3.49,6.6,Low,7.3,Snow,Fall,5,8,5.3,Dry Van,0,normal,slow,1,1630,60,3018.76,861.9242424,3880.684242,48.2
"Houston, TX","Phoenix, AZ",42.8,27.2,4.16,7.8,Low,4.9,Clear,Summer,4,8,2.8,Tanker,1,slow,slow,1,1166,60,2123.29,621.8666667,2745.156667,42.8
"Chicago, IL","Miami, FL",55.2,10.4,3.86,7.96,High,7.4,Fog,Fall,4,8,6.1,Dry Van,0,slow,slow,1,1370,60,2561.9,664.3467337,3226.246734,55.2
"Denver, CO","New York, NY",57.5,12.7,4.06,6.07,High,4.1,Rain,Spring,5,8,9,Dry Van,1,fast,slow,1,1872,60,3474.43,1252.112026,4726.542026,57.5
"Atlanta, GA","Houston, TX",74.9,12.6,4.76,6.41,Medium,6.7,Fog,Fall,2,8,8,Dry Van,0,slow,fast,3,806,80,2162.5,598.5273011,2761.027301,74.9
"Los Angeles, CA","Miami, FL",59.9,11.8,4.23,4.87,Low,8.6,Clear,Fall,6,8,3.8,Flatbed,1,fast,slow,1,2686,60,4998.65,2333.014374,7331.664374,59.9
"Miami, FL","Seattle, WA",67,19.7,3.55,7.75,Low,7.9,Storm,Spring,6,8,5.8,Flatbed,1,slow,normal,2,3141,70,6847.38,1438.780645,8286.160645,67
"New York, NY","Los Angeles, CA",68.5,13.4,4.93,4.09,High,8.6,Snow,Winter,6,8,0.5,Flatbed,1,slow,normal,2,2812,70,6186.4,3389.525672,9575.925672,68.5
"Denver, CO","Atlanta, GA",47.8,29,4.37,7.9,Low,9.1,Storm,Summer,4,8,6.7,Dry Van,1,slow,slow,1,1392,60,2540.4,770.0050633,3310.405063,47.8
"Atlanta, GA","Denver, CO",60.2,6.5,3.94,4.52,Medium,8.3,Rain,Fall,3,8,9.9,Refrigerated,1,slow,normal,2,1392,70,2992.8,1213.380531,4206.180531,60.2
"Los Angeles, CA","Dallas, TX",68,11.7,3.68,7.67,Medium,8.5,Clear,Summer,3,8,2.5,Dry Van,0,normal,normal,2,1423,70,3073.68,682.7431551,3756.423155,68
"Seattle, WA","Miami, FL",71,10.8,4.41,5.57,Low,4.7,Rain,Winter,6,8,1.1,Refrigerated,0,slow,fast,3,3141,80,8581.21,2486.859964,11068.06996,71
"Dallas, TX","Houston, TX",70.9,14,4.24,6.66,High,8.7,Rain,Spring,1,8,3.9,Flatbed,0,fast,fast,3,259,80,693.08,164.8888889,857.9688889,70.9
"Los Angeles, CA","New York, NY",51.2,9.8,4.24,5.43,Low,5.8,Clear,Summer,7,8,2.2,Dry Van,0,slow,slow,1,2812,60,5258.44,2195.742173,7454.182173,51.2
"Miami, FL","Seattle, WA",56,7.7,3.55,5.61,Medium,8.5,Storm,Fall,8,8,7.2,Tanker,1,slow,slow,1,3141,60,5817.13,1987.620321,7804.750321,56
"Houston, TX","Dallas, TX",66.6,9.5,4.17,7.76,High,7.7,Clear,Summer,1,8,5.7,Dry Van,0,slow,normal,2,259,70,554.26,139.1791237,693.4391237,66.6
"Denver, CO","Houston, TX",74.8,15.6,4.27,5.92,Low,8.3,Clear,Winter,2,8,3.1,Tanker,0,normal,fast,3,1010,80,2709.83,728.4966216,3438.326622,74.8
"New York, NY","Seattle, WA",62.9,12,4.59,5.71,Medium,4.7,Storm,Fall,6,8,4.3,Refrigerated,1,normal,normal,2,2762,70,6048.78,2220.241681,8269.021681,62.9
"Seattle, WA","Miami, FL",68.3,29,4.75,6.1,Medium,7.3,Fog,Summer,6,8,8.2,Tanker,1,fast,normal,2,3141,70,6847.38,2445.860656,9293.240656,68.3
"Chicago, IL","Denver, CO",71,22.8,4.11,7.02,Low,4.2,Rain,Summer,2,8,0.8,Refrigerated,0,fast,fast,3,1056,80,2877.6,618.2564103,3495.85641,71
"New York, NY","Los Angeles, CA",48.2,29.6,4.08,6.65,Medium,5.7,Rain,Spring,8,8,9.5,Flatbed,0,fast,slow,1,2812,60,5258.44,1725.257143,6983.697143,48.2
"Los Angeles, CA","Dallas, TX",72.7,21.6,3.47,7.04,High,6,Clear,Winter,3,8,6.7,Dry Van,0,normal,fast,3,1423,80,3847.79,701.3934659,4549.183466,72.7
"New York, NY","Houston, TX",54.3,10.8,4.96,5.99,Low,10,Clear,Summer,4,8,2.2,Tanker,0,fast,slow,1,1630,60,3018.76,1349.716194,4368.476194,54.3
"Chicago, IL","Phoenix, AZ",41.4,27.6,4.64,6.9,Medium,7.7,Rain,Fall,6,8,2.8,Dry Van,0,fast,slow,1,1670,60,3086.16,1123.014493,4209.174493,41.4
"Los Angeles, CA","Seattle, WA",60.3,29.4,4.66,7.99,Low,7.5,Clear,Winter,3,8,5,Flatbed,0,fast,normal,2,1104,70,2395.68,643.8848561,3039.564856,60.3
"Denver, CO","New York, NY",67.1,5,4.01,4.94,Low,9.2,Rain,Winter,4,8,6.3,Flatbed,0,normal,normal,2,1872,70,4090.32,1519.578947,5609.898947,67.1
"Miami, FL","Atlanta, GA",53.9,5.7,3.19,7.38,Low,4.3,Storm,Summer,2,8,1.8,Refrigerated,1,fast,slow,1,697,60,1288.06,301.2777778,1589.337778,53.9
"Atlanta, GA","Chicago, IL",49.6,6,3.35,6.6,Medium,7,Clear,Summer,2,8,0.6,Refrigerated,1,slow,slow,1,677,60,1251.1,343.6287879,1594.728788,49.6
"Atlanta, GA","Seattle, WA",74.9,5.4,4.94,4.94,High,8.2,Clear,Summer,5,8,5.1,Refrigerated,1,slow,fast,3,2505,80,6755.98,2505,9260.98,74.9
"New York, NY","Los Angeles, CA",65.1,20,4.02,7.93,High,9.6,Storm,Winter,6,8,8.8,Flatbed,1,fast,normal,2,2812,70,6186.4,1425.503153,7611.903153,65.1
"Denver, CO","Seattle, WA",52.2,10.8,4.97,4.61,Medium,6.2,Rain,Fall,3,8,9.8,Tanker,0,fast,slow,1,1172,60,2144.76,1263.522777,3408.282777,52.2
"Atlanta, GA","Los Angeles, CA",66,22.1,4.7,4.86,Low,8.5,Storm,Fall,5,8,1.7,Refrigerated,0,fast,normal,2,2223,70,4812.8,2149.814815,6962.614815,66
"Phoenix, AZ","Denver, CO",74,24.5,3.57,6.26,Low,6.4,Storm,Summer,2,8,3.6,Flatbed,1,fast,fast,3,673,80,1810.37,383.8035144,2194.173514,74
"Los Angeles, CA","Denver, CO",63.6,24.5,4.75,4.62,Low,8.9,Rain,Fall,2,8,4.3,Dry Van,0,normal,normal,2,954,70,2065.41,980.8441558,3046.254156,63.6
"Dallas, TX","Chicago, IL",55.9,9.9,3.32,5.89,Low,8.6,Storm,Spring,3,8,7.9,Refrigerated,0,slow,slow,1,925,60,1704.77,521.3921902,2226.16219,55.9
"New York, NY","Los Angeles, CA",66.2,27.4,3.15,7.72,High,6.4,Storm,Spring,6,8,0.8,Dry Van,0,slow,normal,2,2812,70,6186.4,1147.38342,7333.78342,66.2
"Phoenix, AZ","Chicago, IL",65.7,29.9,4.54,5.53,Medium,7.3,Snow,Winter,4,8,2.2,Tanker,1,fast,normal,2,1670,70,3632.25,1371.030741,5003.280741,65.7
"Phoenix, AZ","Denver, CO",57.6,22.7,4.14,4.15,High,8.8,Clear,Fall,2,8,9.4,Dry Van,0,slow,slow,1,673,60,1228.23,671.3783133,1899.608313,57.6
"Dallas, TX","Seattle, WA",57.9,6.6,4.79,7.92,Low,4.9,Snow,Spring,5,8,0.2,Flatbed,0,fast,slow,1,1932,60,3525.9,1168.469697,4694.369697,57.9
"Phoenix, AZ","New York, NY",50.9,19.7,3.08,6.86,Low,7.2,Fog,Winter,7,8,0.9,Dry Van,1,normal,slow,1,2461,60,4567.62,1104.938776,5672.558776,50.9
"New York, NY","Seattle, WA",62.7,17.9,3.36,7.18,Low,10,Storm,Summer,6,8,7.8,Dry Van,1,fast,normal,2,2762,70,6048.78,1292.523677,7341.303677,62.7
"Los Angeles, CA","Dallas, TX",51.8,6.7,3.83,4.62,High,5.5,Rain,Fall,4,8,9.7,Tanker,1,fast,slow,1,1423,60,2609.78,1179.67316,3789.45316,51.8
"Denver, CO","Seattle, WA",46.8,27.5,3.28,6.03,Low,7.9,Storm,Summer,4,8,9.5,Flatbed,0,normal,slow,1,1172,60,2144.76,637.5058043,2782.265804,46.8
"Miami, FL","Phoenix, AZ",58.5,6.9,4.7,5.65,Medium,8.2,Storm,Spring,5,8,6.8,Dry Van,1,slow,slow,1,2276,60,4206.05,1893.309735,6099.359735,58.5
"Atlanta, GA","Houston, TX",49.7,20.6,4.92,7.34,Medium,4.7,Clear,Fall,3,8,8.6,Dry Van,0,fast,slow,1,806,60,1467.73,540.2615804,2007.99158,49.7
"New York, NY","Dallas, TX",57.5,16.2,4.52,6.83,Medium,6,Fog,Spring,4,8,4.1,Tanker,1,normal,slow,1,1576,60,2918.75,1042.97511,3961.72511,57.5
"New York, NY","Houston, TX",54.8,21.8,3.87,5.3,Medium,8.5,Storm,Fall,4,8,7.3,Tanker,0,slow,slow,1,1630,60,3018.76,1190.207547,4208.967547,54.8
"Seattle, WA","Dallas, TX",51.4,26.2,4.81,5.81,High,4.1,Fog,Summer,5,8,4.5,Tanker,1,fast,slow,1,1932,60,3525.9,1599.46988,5125.36988,51.4
"Seattle, WA","Miami, FL",60.1,20.5,4.87,4.66,High,7.3,Storm,Summer,7,8,1.6,Tanker,1,fast,normal,2,3141,70,6847.38,3282.54721,10129.92721,60.1
"Chicago, IL","Seattle, WA",56.6,16.6,4.31,5.88,High,4.9,Storm,Summer,5,8,9.1,Flatbed,1,slow,slow,1,1993,60,3691.04,1460.855442,5151.895442,56.6
"Phoenix, AZ","Atlanta, GA",64.1,19.8,4.5,4.6,Medium,9.6,Storm,Summer,4,8,8.5,Refrigerated,1,normal,normal,2,1827,70,3928.05,1787.282609,5715.332609,64.1
"New York, NY","Seattle, WA",65.9,24.5,3.79,5.54,Low,7.9,Fog,Summer,6,8,7.4,Flatbed,1,fast,normal,2,2762,70,6048.78,1889.527076,7938.307076,65.9
"Houston, TX","Miami, FL",46.7,21.6,3.2,7.89,High,9.2,Rain,Fall,3,8,8.2,Flatbed,1,slow,slow,1,1112,60,2049.42,451.0012674,2500.421267,46.7
"Los Angeles, CA","Chicago, IL",49.1,26.2,3.39,5.65,Low,7.3,Fog,Spring,6,8,0.3,Tanker,0,slow,slow,1,2004,60,3729.44,1202.4,4931.84,49.1
"Denver, CO","New York, NY",61.3,13.9,4.55,6.61,High,5.4,Storm,Winter,4,8,6.3,Flatbed,0,normal,normal,2,1872,70,4090.32,1288.593041,5378.913041,61.3
"Houston, TX","Seattle, WA",45.9,13.2,3.61,4.43,Medium,7.3,Storm,Winter,6,8,5.8,Refrigerated,0,normal,slow,1,2173,60,3965.72,1770.774266,5736.494266,45.9
"Seattle, WA","New York, NY",44.5,15.9,4.22,6.7,High,8.2,Rain,Winter,8,8,3.4,Dry Van,1,fast,slow,1,2762,60,5140.08,1739.647761,6879.727761,44.5
"Houston, TX","Seattle, WA",51,17.2,4.2,7.74,Low,5.4,Storm,Fall,6,8,8.7,Dry Van,0,fast,slow,1,2173,60,3965.72,1179.147287,5144.867287,51
"Seattle, WA","Miami, FL",57.1,7.9,3.97,4.44,Low,9.3,Clear,Spring,7,8,6.5,Tanker,1,normal,slow,1,3141,60,5817.13,2808.506757,8625.636757,57.1
"Dallas, TX","New York, NY",66.6,11,4.37,5.18,Low,4.1,Clear,Summer,3,8,1.1,Tanker,1,slow,normal,2,1576,70,3435.68,1329.559846,4765.239846,66.6
"Chicago, IL","Miami, FL",72.4,29.2,3.47,7.24,Low,6.1,Clear,Summer,3,8,7.9,Tanker,1,fast,fast,3,1370,80,3781.2,656.6160221,4437.816022,72.4
"Chicago, IL","Seattle, WA",54.2,13.4,4.57,5.64,High,8.1,Rain,Fall,5,8,9.8,Dry Van,1,normal,slow,1,1993,60,3691.04,1614.89539,5305.93539,54.2
"Phoenix, AZ","Dallas, TX",55,23.1,4.66,7.6,Medium,4.4,Clear,Winter,3,8,3.2,Tanker,0,fast,slow,1,1017,60,1851.96,623.5815789,2475.541579,55
"Denver, CO","Dallas, TX",45.9,17.4,4.33,5.99,Low,8,Rain,Fall,3,8,8.8,Dry Van,0,slow,slow,1,762,60,1387.6,550.8280467,1938.428047,45.9
"Dallas, TX","Atlanta, GA",61.6,27,3.26,7.19,Medium,4.7,Snow,Summer,2,8,3.2,Refrigerated,0,normal,normal,2,828,70,1776.06,375.4214186,2151.481419,61.6
"Denver, CO","Phoenix, AZ",50.6,20.9,3.73,7.44,High,7.8,Snow,Fall,2,8,3.4,Tanker,1,normal,slow,1,673,60,1228.23,337.4045699,1565.63457,50.6
"Los Angeles, CA","Houston, TX",53.5,18.4,4.3,5.39,Medium,5.8,Rain,Spring,4,8,8.6,Flatbed,1,slow,slow,1,1577,60,2892.22,1258.089054,4150.309054,53.5
"Miami, FL","Denver, CO",43,25.5,4.54,5.18,Low,4.5,Snow,Fall,6,8,9.6,Refrigerated,0,normal,slow,1,1984,60,3666.43,1738.872587,5405.302587,43
"Los Angeles, CA","Chicago, IL",68.6,10.7,4.36,4.33,Low,7.5,Snow,Spring,4,8,9.3,Refrigerated,1,fast,normal,2,2004,70,4388.76,2017.884527,6406.644527,68.6
"Phoenix, AZ","Dallas, TX",53.9,26,3.88,4.95,Medium,7.3,Snow,Fall,3,8,9,Tanker,1,normal,slow,1,1017,60,1851.96,797.1636364,2649.123636,53.9
"Seattle, WA","Houston, TX",43.7,24.9,3.5,4.23,Medium,6.4,Snow,Spring,7,8,9.4,Tanker,1,fast,slow,1,2173,60,3965.72,1797.990544,5763.710544,43.7
"Los Angeles, CA","Chicago, IL",66.3,26,3.55,4.86,High,9.5,Rain,Summer,4,8,2.4,Flatbed,1,slow,normal,2,2004,70,4388.76,1463.82716,5852.58716,66.3
"Chicago, IL","Los Angeles, CA",46.4,12,4.03,6.94,Medium,4.6,Snow,Spring,6,8,4.3,Flatbed,0,normal,slow,1,2004,60,3729.44,1163.706052,4893.146052,46.4
"New York, NY","Dallas, TX",74.7,18.2,3.58,7.16,High,5,Rain,Fall,3,8,7.8,Refrigerated,0,slow,fast,3,1576,80,4305.63,788,5093.63,74.7
"Chicago, IL","New York, NY",47.1,21.3,4.47,4.5,Medium,5.7,Rain,Spring,3,8,2.4,Tanker,1,fast,slow,1,818,60,1537.02,812.5466667,2349.566667,47.1
"Los Angeles, CA","Denver, CO",73,29.9,4.37,6.29,High,8.3,Storm,Spring,2,8,7.4,Dry Van,1,normal,fast,3,954,80,2586.29,662.7949126,3249.084913,73
"Miami, FL","Seattle, WA",50.9,13.6,3.74,5.38,Low,8.7,Rain,Summer,8,8,0,Refrigerated,1,normal,slow,1,3141,60,5817.13,2183.520446,8000.650446,50.9
"Los Angeles, CA","Miami, FL",61.8,8,3.14,7.31,Medium,6.7,Clear,Summer,6,8,9.3,Tanker,1,slow,normal,2,2686,70,5882.34,1153.767442,7036.107442,61.8
"New York, NY","Chicago, IL",48.4,19.6,4.38,4.56,Low,6.2,Clear,Summer,3,8,5.5,Flatbed,0,normal,slow,1,818,60,1537.02,785.7105263,2322.730526,48.4
"Miami, FL","Houston, TX",62.1,6.7,3.29,6.19,Low,4.4,Snow,Fall,3,8,1.4,Tanker,1,fast,normal,2,1112,70,2413.04,591.0306947,3004.070695,62.1
"Houston, TX","Phoenix, AZ",53.7,15,4.53,6,Medium,8.4,Rain,Summer,3,8,5.9,Refrigerated,1,slow,slow,1,1166,60,2123.29,880.33,3003.62,53.7
"Phoenix, AZ","Seattle, WA",61.3,20.4,4.58,7.8,High,6.3,Snow,Winter,3,8,0.9,Tanker,0,fast,normal,2,1282,70,2762.71,752.7641026,3515.474103,61.3
"Miami, FL","Houston, TX",54.4,25.9,4.03,6.92,High,4.1,Fog,Spring,3,8,2.2,Dry Van,1,fast,slow,1,1112,60,2049.42,647.5953757,2697.015376,54.4
"New York, NY","Atlanta, GA",43.3,18.4,4,5.39,Medium,5,Rain,Fall,3,8,7.5,Flatbed,0,slow,slow,1,858,60,1592.45,636.7346939,2229.184694,43.3
"Atlanta, GA","Chicago, IL",53.9,21.4,4.66,7.17,Low,8.3,Fog,Winter,2,8,4.6,Flatbed,0,fast,slow,1,677,60,1251.1,440.0027894,1691.102789,53.9
"Atlanta, GA","Seattle, WA",64.2,21.1,4.36,4.84,Low,8.8,Fog,Winter,5,8,5.4,Tanker,0,fast,normal,2,2505,70,5398.28,2256.570248,7654.850248,64.2
"Seattle, WA","Chicago, IL",50,11.3,3.01,5.59,Low,6.9,Fog,Fall,5,8,0.7,Refrigerated,0,normal,slow,1,1993,60,3691.04,1073.153846,4764.193846,50
"Houston, TX","Seattle, WA",49.2,14.2,3.1,6.61,Low,8.3,Snow,Winter,6,8,5.5,Dry Van,0,normal,slow,1,2173,60,3965.72,1019.107413,4984.827413,49.2
"Chicago, IL","Phoenix, AZ",69.4,14.9,4.8,5.04,Medium,6.4,Fog,Summer,4,8,8.9,Refrigerated,1,fast,normal,2,1670,70,3632.25,1590.47619,5222.72619,69.4
"Atlanta, GA","Phoenix, AZ",60.1,10.5,3.81,7.9,Low,7.6,Clear,Winter,4,8,4.5,Dry Van,1,fast,normal,2,1827,70,3928.05,881.1227848,4809.172785,60.1
"Phoenix, AZ","Atlanta, GA",55,22.6,4.7,6.03,Medium,6.9,Fog,Fall,5,8,1.8,Flatbed,1,normal,slow,1,1827,60,3334.28,1424.029851,4758.309851,55
"Phoenix, AZ","Denver, CO",51.1,25,4.43,7.16,High,9.6,Fog,Winter,2,8,6.7,Dry Van,0,slow,slow,1,673,60,1228.23,416.3952514,1644.625251,51.1
"Atlanta, GA","Denver, CO",45.4,15,3.43,5.22,High,10,Storm,Summer,4,8,7.4,Tanker,1,slow,slow,1,1392,60,2540.4,914.6666667,3455.066667,45.4
"Houston, TX","Miami, FL",60.9,15.4,3.32,4.71,High,4.5,Storm,Winter,3,8,0.2,Flatbed,0,slow,normal,2,1112,70,2413.04,783.8301486,3196.870149,60.9
"Dallas, TX","Seattle, WA",56,23.4,3.32,5.09,High,5.4,Snow,Fall,5,8,2.2,Refrigerated,0,fast,slow,1,1932,60,3525.9,1260.165029,4786.065029,56
"Seattle, WA","Atlanta, GA",65.5,20.3,3.16,6.55,High,6.9,Snow,Spring,5,8,2.9,Flatbed,0,fast,normal,2,2505,70,5398.28,1208.519084,6606.799084,65.5
"Seattle, WA","Denver, CO",65.6,10.5,4.81,5.96,High,8.1,Snow,Summer,3,8,2.6,Refrigerated,1,fast,normal,2,1172,70,2525.66,945.8590604,3471.51906,65.6
"Denver, CO","Houston, TX",51.2,17.5,3.75,6.56,High,6.9,Storm,Summer,3,8,6.5,Tanker,1,fast,slow,1,1010,60,1839.21,577.3628049,2416.572805,51.2
"Phoenix, AZ","Los Angeles, CA",52,7.4,3.44,4.9,Medium,9.6,Fog,Summer,1,8,0.4,Dry Van,0,fast,slow,1,410,60,753.99,287.8367347,1041.826735,52
"Seattle, WA","Chicago, IL",42.8,19.7,3.37,5.99,Low,6.2,Rain,Spring,6,8,8.7,Flatbed,1,fast,slow,1,1993,60,3691.04,1121.270451,4812.310451,42.8
"New York, NY","Phoenix, AZ",54.7,6.4,4.89,7.81,High,4.1,Storm,Winter,6,8,9,Refrigerated,1,fast,slow,1,2461,60,4567.62,1540.882202,6108.502202,54.7
"Seattle, WA","New York, NY",56.9,27.7,3.65,7.87,High,4.6,Storm,Fall,7,8,4.5,Flatbed,1,slow,slow,1,2762,60,5140.08,1280.978399,6421.058399,56.9
"Dallas, TX","Miami, FL",70.8,11.3,3.04,4.54,High,8,Snow,Summer,3,8,1.3,Dry Van,0,fast,fast,3,1277,80,3470.89,855.0837004,4325.9737,70.8
"Houston, TX","Atlanta, GA",56.2,27.1,3.59,6.24,Medium,8.5,Rain,Fall,2,8,6,Flatbed,0,normal,slow,1,806,60,1467.73,463.7083333,1931.438333,56.2
"Los Angeles, CA","Atlanta, GA",48.6,19,4.09,7.96,Low,5.2,Rain,Summer,6,8,6.1,Tanker,0,fast,slow,1,2223,60,4088.1,1142.219849,5230.319849,48.6
"Chicago, IL","Atlanta, GA",62.4,29.3,4.89,4.92,Medium,5,Storm,Winter,2,8,5.9,Dry Van,1,fast,normal,2,677,70,1472.47,672.8719512,2145.341951,62.4
"New York, NY","Dallas, TX",66,20,3.22,7.16,High,4.5,Storm,Spring,3,8,7.7,Flatbed,1,slow,normal,2,1576,70,3435.68,708.7597765,4144.439777,66
"Phoenix, AZ","Dallas, TX",64.5,14.6,3.02,5.32,Medium,7.6,Rain,Fall,2,8,6.9,Tanker,0,normal,normal,2,1017,70,2181.47,577.3195489,2758.789549,64.5
"Atlanta, GA","Miami, FL",55.9,26.9,4.71,7.51,High,8,Snow,Winter,2,8,4.8,Tanker,0,slow,slow,1,697,60,1288.06,437.1331558,1725.193156,55.9
"Miami, FL","Atlanta, GA",47.4,23.5,4.1,4.38,High,7.3,Fog,Winter,2,8,0.1,Flatbed,0,slow,slow,1,697,60,1288.06,652.4429224,1940.502922,47.4
"New York, NY","Atlanta, GA",57.1,18.6,3.56,6.17,Low,5,Clear,Spring,2,8,8.2,Refrigerated,1,fast,slow,1,858,60,1592.45,495.0534846,2087.503485,57.1
"Houston, TX","Los Angeles, CA",43.7,18.9,4.62,4.51,Medium,4.6,Snow,Winter,5,8,8,Refrigerated,1,fast,slow,1,1577,60,2892.22,1615.463415,4507.683415,43.7
"Dallas, TX","New York, NY",43.8,17.9,3.79,6.07,High,6.6,Snow,Winter,5,8,7.3,Flatbed,0,fast,slow,1,1576,60,2918.75,984.0263591,3902.776359,43.8
"Houston, TX","Miami, FL",62.7,10,3.79,4.28,Low,6.7,Snow,Spring,3,8,5.6,Tanker,0,slow,normal,2,1112,70,2413.04,984.6915888,3397.731589,62.7
"Denver, CO","Chicago, IL",50,7.4,4.78,4.05,High,4,Storm,Fall,3,8,10,Refrigerated,1,normal,slow,1,1056,60,1951.49,1246.340741,3197.830741,50
"Denver, CO","Los Angeles, CA",40.5,10.7,4.94,7.23,Low,7.4,Rain,Summer,3,8,0.1,Tanker,0,normal,slow,1,954,60,1754.41,651.8340249,2406.244025,40.5
"Atlanta, GA","Miami, FL",61.4,5.5,4.99,4.73,High,8.3,Clear,Winter,2,8,5.4,Dry Van,1,slow,normal,2,697,70,1515.97,735.3128964,2251.282896,61.4
"Denver, CO","Chicago, IL",66.8,19.6,3.17,7.39,High,7.3,Snow,Fall,2,8,6.5,Refrigerated,0,normal,normal,2,1056,70,2296.8,452.9797023,2749.779702,66.8
"Miami, FL","Denver, CO",69.5,29.2,4.43,5.68,Low,9.7,Storm,Fall,4,8,7.3,Refrigerated,1,normal,normal,2,1984,70,4315.2,1547.380282,5862.580282,69.5
"Miami, FL","Chicago, IL",67.4,11.9,3.8,5.65,Medium,6.9,Snow,Spring,3,8,4.5,Tanker,0,slow,normal,2,1370,70,3014,921.4159292,3935.415929,67.4
"Los Angeles, CA","Seattle, WA",58.6,25.5,4.03,4.92,Medium,8,Fog,Spring,3,8,3.2,Tanker,0,slow,slow,1,1104,60,2034.67,904.2926829,2938.962683,58.6
"Los Angeles, CA","Seattle, WA",45.1,13.5,4.82,7.65,Medium,7.5,Fog,Fall,4,8,8.5,Flatbed,1,fast,slow,1,1104,60,2034.67,695.5921569,2730.262157,45.1
"Atlanta, GA","Houston, TX",57.1,19,3.83,4.29,High,6.5,Clear,Fall,2,8,8,Dry Van,1,slow,slow,1,806,60,1467.73,719.5757576,2187.305758,57.1
"Chicago, IL","Denver, CO",41.8,18.2,3.21,4.8,Low,9.4,Clear,Fall,4,8,0.6,Dry Van,0,slow,slow,1,1056,60,1951.49,706.2,2657.69,41.8
"Miami, FL","Seattle, WA",63.6,8.3,3.65,4.26,Medium,7.9,Fog,Summer,7,8,8.3,Flatbed,1,fast,normal,2,3141,70,6847.38,2691.232394,9538.612394,63.6
"Chicago, IL","Dallas, TX",69.6,26.4,4.15,6.07,High,6.4,Storm,Winter,2,8,2.6,Refrigerated,1,slow,normal,2,925,70,2007.25,632.4135091,2639.663509,69.6
"Atlanta, GA","Dallas, TX",49.3,15.8,3.45,5.4,Low,7.9,Fog,Fall,3,8,2.5,Refrigerated,1,normal,slow,1,828,60,1507.79,529,2036.79,49.3
"Los Angeles, CA","Seattle, WA",68.2,11.2,3.08,4.82,Medium,5.2,Snow,Summer,3,8,3.8,Tanker,0,slow,normal,2,1104,70,2395.68,705.4605809,3101.140581,68.2
"Seattle, WA","Atlanta, GA",48.8,16.3,4.28,7.51,Medium,7.1,Rain,Winter,7,8,8.7,Tanker,0,fast,slow,1,2505,60,4584.15,1427.616511,6011.766511,48.8
"Denver, CO","Phoenix, AZ",42.8,16.1,4.57,4.12,Medium,7.5,Storm,Winter,2,8,8.4,Refrigerated,0,normal,slow,1,673,60,1228.23,746.5072816,1974.737282,42.8
"Seattle, WA","New York, NY",64.8,27.6,3.33,6.85,High,8.4,Storm,Fall,6,8,9.2,Dry Van,1,normal,normal,2,2762,70,6048.78,1342.694891,7391.474891,64.8
"Miami, FL","Chicago, IL",74.5,10.4,4.43,6.14,Low,8.9,Snow,Fall,3,8,5.3,Refrigerated,1,fast,fast,3,1370,80,3781.2,988.4527687,4769.652769,74.5
"Chicago, IL","Phoenix, AZ",62,25.3,4.52,7.04,Low,6.6,Clear,Fall,4,8,3.7,Flatbed,0,normal,normal,2,1670,70,3632.25,1072.215909,4704.465909,62
"Denver, CO","Houston, TX",52.9,17.5,3.42,4.69,Low,7.1,Rain,Summer,3,8,2.4,Refrigerated,0,fast,slow,1,1010,60,1839.21,736.5031983,2575.713198,52.9
"Seattle, WA","Phoenix, AZ",71.5,16.8,4.71,7.71,High,4.6,Fog,Fall,3,8,4.8,Dry Van,0,slow,fast,3,1282,80,3457.55,783.1673152,4240.717315,71.5
"Atlanta, GA","New York, NY",54.9,13.2,4.28,4.01,Medium,9.8,Fog,Fall,2,8,9.2,Flatbed,1,normal,slow,1,858,60,1592.45,915.7705736,2508.220574,54.9
"Chicago, IL","Atlanta, GA",48.3,10.9,4.99,4.02,Low,7.8,Storm,Winter,2,8,6.7,Flatbed,1,fast,slow,1,677,60,1251.1,840.3557214,2091.455721,48.3
"Atlanta, GA","Seattle, WA",73.5,27.3,3.87,6.29,Medium,9.8,Clear,Spring,5,8,4.5,Refrigerated,1,fast,fast,3,2505,80,6755.98,1541.232114,8297.212114,73.5
"Los Angeles, CA","Miami, FL",50.6,14.3,3.33,4.84,Low,7.9,Clear,Summer,7,8,2.3,Flatbed,0,normal,slow,1,2686,60,4998.65,1848.012397,6846.662397,50.6
"Atlanta, GA","Chicago, IL",53.1,29.7,4.71,5.55,Low,9.5,Snow,Fall,2,8,5.7,Tanker,0,fast,slow,1,677,60,1251.1,574.5351351,1825.635135,53.1
"Dallas, TX","Houston, TX",54.4,12.9,4.16,7.75,Low,5.7,Clear,Winter,1,8,8.4,Tanker,1,normal,slow,1,259,60,470.34,139.0245161,609.3645161,54.4
"Chicago, IL","Atlanta, GA",49.8,27.1,3.16,6.42,Medium,9.2,Snow,Spring,2,8,4.4,Flatbed,0,slow,slow,1,677,60,1251.1,333.2274143,1584.327414,49.8
"New York, NY","Phoenix, AZ",43.1,17.4,4.86,7.59,High,6,Snow,Winter,8,8,7,Refrigerated,0,fast,slow,1,2461,60,4567.62,1575.818182,6143.438182,43.1
"Houston, TX","Seattle, WA",42.3,17.6,4.2,4.02,Low,4.6,Storm,Fall,7,8,3.5,Refrigerated,1,normal,slow,1,2173,60,3965.72,2270.298507,6236.018507,42.3
"Houston, TX","Denver, CO",50.3,11.9,4.74,4.58,Low,7,Rain,Summer,3,8,2.7,Flatbed,1,slow,slow,1,1010,60,1839.21,1045.283843,2884.493843,50.3
"Houston, TX","Los Angeles, CA",47.5,9.6,3.07,5.29,Medium,6.8,Clear,Summer,5,8,3.3,Refrigerated,0,slow,slow,1,1577,60,2892.22,915.1965974,3807.416597,47.5
"Denver, CO","Chicago, IL",48.1,27.3,3.41,7.52,High,6.7,Storm,Winter,3,8,3.5,Flatbed,0,slow,slow,1,1056,60,1951.49,478.8510638,2430.341064,48.1
"Houston, TX","Denver, CO",64.6,29.1,3.91,6.53,Medium,7.2,Clear,Fall,2,8,4.6,Refrigerated,0,fast,normal,2,1010,70,2166.45,604.762634,2771.212634,64.6
"Phoenix, AZ","Dallas, TX",73.3,14.2,4.96,6.17,High,5.5,Fog,Fall,2,8,4.5,Refrigerated,0,slow,fast,3,1017,80,2728.61,817.5559157,3546.165916,73.3
"Los Angeles, CA","Dallas, TX",55.6,29.7,4.34,7.04,High,4.7,Snow,Spring,4,8,2.9,Tanker,1,slow,slow,1,1423,60,2609.78,877.2471591,3487.027159,55.6
"Los Angeles, CA","Chicago, IL",46.3,16.5,4.18,6.06,Medium,9,Rain,Fall,6,8,3.8,Flatbed,0,fast,slow,1,2004,60,3729.44,1382.29703,5111.73703,46.3
"Miami, FL","Phoenix, AZ",58.5,15.1,3.06,7.01,High,9.8,Snow,Winter,5,8,4.2,Flatbed,0,normal,slow,1,2276,60,4206.05,993.5178317,5199.567832,58.5
"Phoenix, AZ","Atlanta, GA",49.4,14.4,4.5,4.93,Medium,7.1,Storm,Winter,5,8,4.8,Flatbed,1,slow,slow,1,1827,60,3334.28,1667.647059,5001.927059,49.4
"Atlanta, GA","Phoenix, AZ",41.5,29.4,4.99,6.39,Low,6,Clear,Fall,6,8,2.8,Refrigerated,0,slow,slow,1,1827,60,3334.28,1426.71831,4760.99831,41.5
"Chicago, IL","New York, NY",56.6,6.4,4.44,5.49,High,5.2,Fog,Winter,2,8,9.7,Tanker,0,slow,slow,1,818,60,1537.02,661.5519126,2198.571913,56.6
"Denver, CO","Phoenix, AZ",57.2,24.4,4.47,7.57,Low,5.2,Clear,Winter,2,8,3,Dry Van,1,slow,slow,1,673,60,1228.23,397.3989432,1625.628943,57.2
"Houston, TX","Denver, CO",49.8,28.2,4.93,4.58,Medium,9.8,Clear,Spring,3,8,7.3,Flatbed,1,slow,slow,1,1010,60,1839.21,1087.183406,2926.393406,49.8
"Dallas, TX","Phoenix, AZ",74,22.8,4.87,7.97,Medium,6.6,Rain,Fall,2,8,2,Flatbed,0,normal,fast,3,1017,80,2728.61,621.4291092,3350.039109,74
"Atlanta, GA","Houston, TX",57.8,8.1,3.6,5.23,Low,4,Rain,Summer,2,8,4,Refrigerated,0,normal,slow,1,806,60,1467.73,554.7992352,2022.529235,57.8
"Denver, CO","Dallas, TX",52.7,15.2,4.79,5.3,Medium,6.3,Rain,Spring,2,8,3.8,Dry Van,0,slow,slow,1,762,60,1387.6,688.6754717,2076.275472,52.7
"Los Angeles, CA","Dallas, TX",66.8,28.2,4.9,6.68,Medium,6.5,Snow,Fall,3,8,2.2,Tanker,0,fast,normal,2,1423,70,3073.68,1043.817365,4117.497365,66.8
"Denver, CO","Dallas, TX",46.5,6.6,4.78,7.72,High,7.5,Rain,Fall,3,8,1.8,Dry Van,1,slow,slow,1,762,60,1387.6,471.8082902,1859.40829,46.5
"Chicago, IL","Atlanta, GA",57.7,6.7,3.28,5.24,Medium,4.3,Fog,Winter,2,8,0.6,Tanker,1,slow,slow,1,677,60,1251.1,423.7709924,1674.870992,57.7
"Seattle, WA","Dallas, TX",49.3,29.9,3.47,4.96,Low,8.1,Snow,Summer,5,8,8.8,Dry Van,1,fast,slow,1,1932,60,3525.9,1351.620968,4877.520968,49.3
"Chicago, IL","Denver, CO",46.9,13.2,4.22,5.47,Low,8,Clear,Winter,3,8,5.8,Flatbed,1,slow,slow,1,1056,60,1951.49,814.6837294,2766.173729,46.9
"Seattle, WA","Chicago, IL",43.6,18.8,4.65,5.45,Medium,8.6,Storm,Fall,6,8,8.2,Dry Van,1,slow,slow,1,1993,60,3691.04,1700.449541,5391.489541,43.6
"Houston, TX","Phoenix, AZ",65.1,24.7,4.47,5.81,Medium,5,Storm,Fall,3,8,2.1,Refrigerated,0,fast,normal,2,1166,70,2501.07,897.0774527,3398.147453,65.1
"Phoenix, AZ","Denver, CO",57.1,29,4.92,7.08,Low,9.9,Storm,Summer,2,8,3.9,Dry Van,1,slow,slow,1,673,60,1228.23,467.6779661,1695.907966,57.1
"Houston, TX","Dallas, TX",60.8,13.3,4.45,6.32,High,4.9,Rain,Fall,1,8,2.2,Flatbed,0,fast,normal,2,259,70,554.26,182.3655063,736.6255063,60.8
"New York, NY","Dallas, TX",58.1,17.7,4.51,4.76,Medium,9.7,Storm,Spring,4,8,0.7,Flatbed,1,normal,slow,1,1576,60,2918.75,1493.226891,4411.976891,58.1
"Houston, TX","Dallas, TX",66.9,14.6,3.27,4.74,Medium,8.6,Storm,Spring,1,8,5,Tanker,0,slow,normal,2,259,70,554.26,178.6772152,732.9372152,66.9
"Atlanta, GA","Miami, FL",44.8,13,3.75,5.26,Medium,9.2,Storm,Summer,2,8,2.6,Tanker,1,slow,slow,1,697,60,1288.06,496.9106464,1784.970646,44.8
"Phoenix, AZ","Dallas, TX",64.1,13.7,3.81,6.84,Low,9.8,Clear,Spring,2,8,0.6,Tanker,1,fast,normal,2,1017,70,2181.47,566.4868421,2747.956842,64.1
"Houston, TX","Denver, CO",65.7,9.9,4.17,6.36,Low,5.8,Clear,Spring,2,8,4.7,Flatbed,0,slow,normal,2,1010,70,2166.45,662.2169811,2828.666981,65.7
"Atlanta, GA","Phoenix, AZ",45.6,28.7,4.65,7.89,High,5.1,Rain,Winter,6,8,7.2,Dry Van,1,fast,slow,1,1827,60,3334.28,1076.749049,4411.029049,45.6
"Dallas, TX","Atlanta, GA",46.2,24.8,3.6,4.54,Low,6.5,Clear,Winter,3,8,2.6,Flatbed,1,slow,slow,1,828,60,1507.79,656.5638767,2164.353877,46.2
"Atlanta, GA","Houston, TX",69.8,24.8,3.89,6.9,High,7.4,Fog,Fall,2,8,2,Refrigerated,0,fast,normal,2,806,70,1728.87,454.3971014,2183.267101,69.8
"New York, NY","Dallas, TX",55.7,6,3.55,4.08,High,6.1,Storm,Winter,4,8,3.1,Flatbed,1,slow,slow,1,1576,60,2918.75,1371.27451,4290.02451,55.7
"Chicago, IL","Denver, CO",65.4,17,4.11,7.37,Low,5.2,Storm,Winter,3,8,2.9,Tanker,0,slow,normal,2,1056,70,2296.8,588.8955224,2885.695522,65.4
"Atlanta, GA","Los Angeles, CA",66.4,28.3,4.38,6.7,Medium,4,Rain,Fall,5,8,2,Tanker,0,fast,normal,2,2223,70,4812.8,1453.244776,6266.044776,66.4
"Denver, CO","Dallas, TX",74.3,7.1,4.44,4.69,High,4,Snow,Summer,2,8,1.9,Flatbed,1,fast,fast,3,762,80,2044.45,721.3816631,2765.831663,74.3
"Phoenix, AZ","Houston, TX",51.5,5.6,4,6.02,Low,4.3,Clear,Winter,3,8,8.9,Flatbed,1,normal,slow,1,1166,60,2123.29,774.7508306,2898.040831,51.5
"Atlanta, GA","New York, NY",52.2,11.3,3.49,4.4,Low,8.9,Clear,Spring,3,8,0.5,Tanker,0,normal,slow,1,858,60,1592.45,680.55,2273,52.2
"Chicago, IL","Seattle, WA",41.4,12.7,4.15,5.64,Medium,5.7,Clear,Summer,7,8,8,Dry Van,1,slow,slow,1,1993,60,3691.04,1466.480496,5157.520496,41.4
"Seattle, WA","Los Angeles, CA",52.2,6,3.07,7.04,Medium,7.3,Rain,Winter,3,8,0.1,Refrigerated,1,fast,slow,1,1104,60,2034.67,481.4318182,2516.101818,52.2
"Dallas, TX","Chicago, IL",66.3,29,3.86,5.46,Low,6.7,Snow,Spring,2,8,6.3,Dry Van,1,normal,normal,2,925,70,2007.25,653.9377289,2661.187729,66.3
"Denver, CO","Dallas, TX",67.5,21.2,3.88,7.8,Medium,8.3,Fog,Summer,2,8,4.5,Dry Van,1,normal,normal,2,762,70,1634.49,379.0461538,2013.536154,67.5
"Denver, CO","New York, NY",55.4,17.9,3.58,7.36,Low,7.1,Clear,Winter,5,8,8.8,Flatbed,0,normal,slow,1,1872,60,3474.43,910.5652174,4384.995217,55.4
"Houston, TX","Dallas, TX",68.8,6.6,3.89,5.37,High,5.3,Storm,Winter,1,8,8.9,Refrigerated,0,slow,normal,2,259,70,554.26,187.6182495,741.8782495,68.8
"Atlanta, GA","Seattle, WA",44.7,5.3,3.88,4.16,High,7.7,Snow,Winter,8,8,3.1,Refrigerated,1,normal,slow,1,2505,60,4584.15,2336.394231,6920.544231,44.7
"Los Angeles, CA","Dallas, TX",54.3,9.9,4.93,4.62,Medium,9.5,Storm,Winter,4,8,3.8,Tanker,1,fast,slow,1,1423,60,2609.78,1518.482684,4128.262684,54.3
"Miami, FL","Los Angeles, CA",62.3,22.1,3.94,4.22,Low,9.5,Snow,Spring,6,8,4.3,Tanker,1,normal,normal,2,2686,70,5882.34,2507.781991,8390.121991,62.3
"Los Angeles, CA","Atlanta, GA",55.8,13,3.15,5.82,Medium,8.9,Clear,Winter,5,8,5.8,Dry Van,0,normal,slow,1,2223,60,4088.1,1203.170103,5291.270103,55.8
"Los Angeles, CA","Chicago, IL",47.6,9.6,4.54,5.02,Low,5.2,Storm,Summer,6,8,3.9,Flatbed,0,fast,slow,1,2004,60,3729.44,1812.38247,5541.82247,47.6
"Denver, CO","Chicago, IL",61.6,15.1,4.07,7.82,Low,4.7,Snow,Summer,3,8,9.6,Flatbed,1,fast,normal,2,1056,70,2296.8,549.6061381,2846.406138,61.6
"Denver, CO","Chicago, IL",46.2,8.6,3.84,4.2,Low,7.9,Fog,Spring,3,8,7.1,Refrigerated,0,slow,slow,1,1056,60,1951.49,965.4857143,2916.975714,46.2
"Houston, TX","Denver, CO",47.3,26.5,3.38,7.99,Low,5.7,Clear,Winter,3,8,6.9,Refrigerated,0,normal,slow,1,1010,60,1839.21,427.2590738,2266.469074,47.3
"Seattle, WA","Los Angeles, CA",75,25.1,3.86,6.71,Low,8.9,Clear,Winter,2,8,2.7,Refrigerated,0,normal,fast,3,1104,80,3000.67,635.0879285,3635.757928,75
"Los Angeles, CA","Denver, CO",50.3,26.2,3.76,5.15,Medium,8.8,Clear,Spring,3,8,5.9,Flatbed,1,slow,slow,1,954,60,1754.41,696.5126214,2450.922621,50.3
"Seattle, WA","Miami, FL",54.4,11.7,3.98,6.87,Medium,7.1,Fog,Fall,8,8,7.2,Dry Van,0,slow,slow,1,3141,60,5817.13,1819.676856,7636.806856,54.4
"Houston, TX","New York, NY",67.5,21.2,4.16,7.61,High,4.1,Clear,Summer,4,8,6.2,Refrigerated,0,normal,normal,2,1630,70,3553.4,891.0381078,4444.438108,67.5
"Phoenix, AZ","Denver, CO",62.6,29.6,4.76,6.36,High,9.4,Snow,Fall,2,8,4.5,Flatbed,0,slow,normal,2,673,70,1446.95,503.6918239,1950.641824,62.6
"New York, NY","Chicago, IL",51.8,5,4.78,7.11,Low,7.9,Clear,Summer,2,8,5.2,Tanker,0,normal,slow,1,818,60,1537.02,549.9353024,2086.955302,51.8
"Houston, TX","Phoenix, AZ",49.2,11,4.23,6.49,Medium,4.3,Rain,Summer,3,8,3.2,Tanker,0,slow,slow,1,1166,60,2123.29,759.9661017,2883.256102,49.2
"Phoenix, AZ","Denver, CO",49.8,9.2,3.91,4.87,Low,9.4,Rain,Summer,2,8,6,Flatbed,0,fast,slow,1,673,60,1228.23,540.3347023,1768.564702,49.8
"Phoenix, AZ","Los Angeles, CA",49,13.8,4.83,5.57,Medium,8.9,Clear,Fall,2,8,0.5,Tanker,1,normal,slow,1,410,60,753.99,355.529623,1109.519623,49
"Miami, FL","Denver, CO",59,17.6,3.54,4.29,Low,6.9,Snow,Winter,5,8,1.2,Tanker,1,slow,slow,1,1984,60,3666.43,1637.146853,5303.576853,59
"Seattle, WA","Phoenix, AZ",49.6,18.3,3.13,5.7,Medium,4.8,Storm,Summer,4,8,7.3,Tanker,1,fast,slow,1,1282,60,2346.06,703.9754386,3050.035439,49.6
"Chicago, IL","Los Angeles, CA",43.2,28.2,3.94,7.41,Low,4.1,Rain,Summer,6,8,4.3,Flatbed,0,fast,slow,1,2004,60,3729.44,1065.554656,4794.994656,43.2
"Denver, CO","Chicago, IL",51.5,18.1,4.71,6.42,Medium,8.4,Storm,Fall,3,8,3.3,Dry Van,0,fast,slow,1,1056,60,1951.49,774.728972,2726.218972,51.5
"Los Angeles, CA","Atlanta, GA",43.4,28.4,3.67,7.99,Medium,9.9,Rain,Summer,7,8,0.2,Flatbed,1,normal,slow,1,2223,60,4088.1,1021.077597,5109.177597,43.4
"Denver, CO","New York, NY",43,27.4,4.58,7.89,Low,7.7,Clear,Spring,6,8,3.9,Flatbed,1,fast,slow,1,1872,60,3474.43,1086.661597,4561.091597,43
"Denver, CO","Houston, TX",62.2,28.3,4.19,7.43,High,9.2,Snow,Spring,3,8,1.7,Dry Van,1,fast,normal,2,1010,70,2166.45,569.5693136,2736.019314,62.2
"New York, NY","Los Angeles, CA",46.2,6.9,4.67,7.9,Medium,4.5,Snow,Summer,8,8,8.6,Flatbed,0,slow,slow,1,2812,60,5258.44,1662.283544,6920.723544,46.2
"Chicago, IL","Phoenix, AZ",49.9,23.3,4.62,5.42,High,5,Storm,Winter,5,8,7,Refrigerated,1,slow,slow,1,1670,60,3086.16,1423.505535,4509.665535,49.9
"Atlanta, GA","Dallas, TX",45.1,26.1,4.29,7.48,Medium,9.6,Rain,Summer,3,8,6.2,Refrigerated,1,fast,slow,1,828,60,1507.79,474.8823529,1982.672353,45.1
"New York, NY","Houston, TX",64.5,20.5,3.04,5.42,High,4.6,Rain,Winter,4,8,0.7,Dry Van,1,fast,normal,2,1630,70,3553.4,914.2435424,4467.643542,64.5
"Seattle, WA","Dallas, TX",55.8,9.7,4.17,4.79,Medium,8.8,Snow,Winter,5,8,8.7,Dry Van,0,normal,slow,1,1932,60,3525.9,1681.929019,5207.829019,55.8
"Chicago, IL","Dallas, TX",71.1,15.3,3.69,6.02,Low,4.4,Rain,Summer,2,8,8.2,Dry Van,0,slow,fast,3,925,80,2514.15,566.9850498,3081.13505,71.1
"Houston, TX","Chicago, IL",46.8,11.9,4.89,4.34,Low,7.3,Rain,Winter,3,8,7.3,Flatbed,1,fast,slow,1,1083,60,1995.97,1220.246544,3216.216544,46.8
"Dallas, TX","Houston, TX",72.7,15.3,3.57,5.35,High,6.1,Storm,Fall,1,8,9.3,Flatbed,0,fast,fast,3,259,80,693.08,172.8280374,865.9080374,72.7
"Phoenix, AZ","Los Angeles, CA",70.9,15.1,3.54,4.79,High,7,Storm,Fall,1,8,6.5,Flatbed,0,slow,fast,3,410,80,1111.51,303.006263,1414.516263,70.9
"Atlanta, GA","Los Angeles, CA",41.2,27.9,4.8,5.51,High,4.2,Rain,Winter,7,8,7.9,Tanker,0,slow,slow,1,2223,60,4088.1,1936.551724,6024.651724,41.2
"Chicago, IL","New York, NY",54.1,26.3,3.39,5.76,Low,4.1,Clear,Spring,2,8,9.4,Dry Van,1,normal,slow,1,818,60,1537.02,481.4270833,2018.447083,54.1
"Chicago, IL","Atlanta, GA",68.2,17.2,4.67,6.16,High,4,Fog,Winter,2,8,0.6,Tanker,1,slow,normal,2,677,70,1472.47,513.2451299,1985.71513,68.2
"Dallas, TX","Chicago, IL",54.5,13.3,4.12,5.38,Medium,6.5,Rain,Summer,3,8,7.8,Flatbed,1,fast,slow,1,925,60,1704.77,708.3643123,2413.134312,54.5
"Chicago, IL","Houston, TX",42.1,20.9,3.64,6.33,Medium,6.9,Storm,Summer,4,8,0.9,Dry Van,0,fast,slow,1,1083,60,1995.97,622.7677725,2618.737773,42.1
"Chicago, IL","New York, NY",43.9,8.9,4.96,5.27,Medium,7.5,Snow,Spring,3,8,8.7,Dry Van,0,slow,slow,1,818,60,1537.02,769.8823529,2306.902353,43.9
"Chicago, IL","Dallas, TX",52.8,20.2,4.74,7.26,Low,5.6,Storm,Fall,3,8,7,Flatbed,1,normal,slow,1,925,60,1704.77,603.9256198,2308.69562,52.8
"Los Angeles, CA","Phoenix, AZ",72.7,18.3,4.5,6.28,Low,7.6,Rain,Fall,1,8,0,Flatbed,1,fast,fast,3,410,80,1111.51,293.7898089,1405.299809,72.7
"Chicago, IL","Denver, CO",73.8,8.2,3.09,5.24,High,7.5,Storm,Winter,2,8,2.8,Tanker,0,slow,fast,3,1056,80,2877.6,622.7175573,3500.317557,73.8
"Los Angeles, CA","Atlanta, GA",41.3,29.5,3.12,7.02,High,4.3,Storm,Fall,7,8,1.1,Dry Van,1,fast,slow,1,2223,60,4088.1,988,5076.1,41.3
"Phoenix, AZ","Chicago, IL",71.1,7.4,4.6,6.99,Low,7.6,Fog,Summer,3,8,0.7,Refrigerated,0,fast,fast,3,1670,80,4550.75,1098.998569,5649.748569,71.1
"Phoenix, AZ","Denver, CO",45.5,9.7,4.96,6.87,Low,5.5,Clear,Spring,2,8,4.5,Dry Van,0,fast,slow,1,673,60,1228.23,485.8922853,1714.122285,45.5
"Seattle, WA","Miami, FL",66.5,24.8,4.39,4.13,Medium,7.5,Storm,Winter,6,8,2,Flatbed,0,normal,normal,2,3141,70,6847.38,3338.738499,10186.1185,66.5
"Houston, TX","New York, NY",49.4,27.8,3.6,6.22,Low,9,Rain,Fall,5,8,8.3,Refrigerated,0,slow,slow,1,1630,60,3018.76,943.4083601,3962.16836,49.4
"Chicago, IL","Denver, CO",72.2,13.1,3.21,5.72,Low,8.7,Fog,Fall,2,8,7.8,Dry Van,1,fast,fast,3,1056,80,2877.6,592.6153846,3470.215385,72.2
"Houston, TX","Denver, CO",72.8,29.6,4.89,7.3,Medium,8.2,Clear,Fall,2,8,0.3,Tanker,1,fast,fast,3,1010,80,2709.83,676.5616438,3386.391644,72.8
"Chicago, IL","Denver, CO",55.3,19.7,3.99,7.66,High,9.6,Clear,Spring,3,8,4.2,Dry Van,0,fast,slow,1,1056,60,1951.49,550.0574413,2501.547441,55.3
"Chicago, IL","Miami, FL",67.1,8.4,4.61,6.44,High,9.9,Clear,Fall,3,8,7.2,Dry Van,0,slow,normal,2,1370,70,3014,980.6987578,3994.698758,67.1
"Denver, CO","Chicago, IL",66.9,7,4.31,4.22,Medium,4.7,Clear,Spring,2,8,0.5,Refrigerated,1,slow,normal,2,1056,70,2296.8,1078.521327,3375.321327,66.9
"Dallas, TX","Seattle, WA",74.8,13.7,4.52,4.53,Low,6.7,Snow,Spring,4,8,7.3,Flatbed,0,normal,fast,3,1932,80,5197.08,1927.735099,7124.815099,74.8
"New York, NY","Los Angeles, CA",61.5,16.2,3.32,6.13,High,5.7,Snow,Winter,6,8,4.7,Refrigerated,0,normal,normal,2,2812,70,6186.4,1522.97553,7709.37553,61.5
"Dallas, TX","Houston, TX",41.6,15.1,3.52,4.12,High,4.8,Fog,Winter,1,8,8,Flatbed,1,slow,slow,1,259,60,470.34,221.2815534,691.6215534,41.6
"Atlanta, GA","Dallas, TX",45.1,7.5,3.6,7.19,Low,6.2,Snow,Winter,3,8,4,Tanker,1,slow,slow,1,828,60,1507.79,414.5757997,1922.3658,45.1
"Miami, FL","Seattle, WA",41,20.7,3.79,4.04,High,8,Snow,Fall,10,8,6.3,Refrigerated,0,normal,slow,1,3141,60,5817.13,2946.631188,8763.761188,41
"New York, NY","Miami, FL",58.5,14.7,4.4,6.33,Medium,4.5,Storm,Winter,3,8,5.7,Flatbed,0,slow,slow,1,1256,60,2360.02,873.0489731,3233.068973,58.5
"Miami, FL","Dallas, TX",65.7,14.5,4.72,5.73,Medium,4.2,Fog,Fall,3,8,5.1,Dry Van,0,slow,normal,2,1277,70,2771.09,1051.90925,3822.99925,65.7
"Phoenix, AZ","Seattle, WA",72,10.8,3.51,5.45,Medium,9.2,Clear,Summer,3,8,8.6,Tanker,0,fast,fast,3,1282,80,3457.55,825.6550459,4283.205046,72
"Seattle, WA","Miami, FL",74,19.9,3.01,4.14,High,4.9,Clear,Spring,6,8,7.7,Flatbed,1,normal,fast,3,3141,80,8581.21,2283.673913,10864.88391,74
"Phoenix, AZ","Miami, FL",73.9,20.9,4.39,4.87,Low,9.4,Rain,Summer,4,8,8.6,Tanker,0,slow,fast,3,2276,80,6202.1,2051.671458,8253.771458,73.9
"Miami, FL","New York, NY",44.4,7.4,4.61,7.46,Low,7.5,Fog,Winter,4,8,9.8,Tanker,0,normal,slow,1,1256,60,2360.02,776.1608579,3136.180858,44.4
"Atlanta, GA","Denver, CO",74.6,28.9,4.28,5.33,Low,8.5,Snow,Summer,3,8,8.1,Tanker,1,slow,fast,3,1392,80,3744.48,1117.778612,4862.258612,74.6
"Houston, TX","Denver, CO",68.4,28.1,4.89,6.73,Medium,5.3,Rain,Winter,2,8,1.5,Dry Van,0,normal,normal,2,1010,70,2166.45,733.8632987,2900.313299,68.4
"Phoenix, AZ","Chicago, IL",56.2,26.4,3.93,6.64,Medium,4.1,Rain,Winter,4,8,4.4,Tanker,0,slow,slow,1,1670,60,3086.16,988.4186747,4074.578675,56.2
"Miami, FL","Denver, CO",46,24.1,3.73,7.27,High,4.6,Fog,Spring,6,8,2.9,Tanker,0,normal,slow,1,1984,60,3666.43,1017.925722,4684.355722,46
"Atlanta, GA","Chicago, IL",54.1,21.6,4.87,4.08,Medium,4.1,Snow,Spring,2,8,7.7,Flatbed,0,normal,slow,1,677,60,1251.1,808.0857843,2059.185784,54.1
"Phoenix, AZ","Houston, TX",46.2,24,4.83,7.73,Medium,7.6,Storm,Summer,4,8,8.6,Tanker,0,slow,slow,1,1166,60,2123.29,728.5614489,2851.851449,46.2
"Denver, CO","Dallas, TX",52.5,29.5,4.97,4.89,High,4.4,Rain,Summer,2,8,4,Dry Van,1,slow,slow,1,762,60,1387.6,774.4662577,2162.066258,52.5
"Seattle, WA","Denver, CO",61.7,27.5,3.66,7.4,Medium,4.6,Rain,Summer,3,8,0.6,Flatbed,1,slow,normal,2,1172,70,2525.66,579.6648649,3105.324865,61.7
"Denver, CO","New York, NY",71.4,11,4.41,5.21,Low,4.3,Clear,Fall,4,8,8.3,Tanker,0,normal,fast,3,1872,80,5127.41,1584.552783,6711.962783,71.4
"Los Angeles, CA","Phoenix, AZ",61.6,27.5,4.58,4.78,High,8.4,Rain,Summer,1,8,1.2,Refrigerated,1,slow,normal,2,410,70,887.65,392.8451883,1280.495188,61.6
"Phoenix, AZ","Denver, CO",42.3,7.5,3.66,5.48,Low,6.8,Snow,Spring,2,8,5.2,Refrigerated,1,fast,slow,1,673,60,1228.23,449.4854015,1677.715401,42.3
"Seattle, WA","Phoenix, AZ",62.7,11.9,4.06,6.51,Low,7.8,Fog,Winter,3,8,8.6,Dry Van,1,fast,normal,2,1282,70,2762.71,799.5268817,3562.236882,62.7
"New York, NY","Atlanta, GA",71.8,11.4,4.23,6.01,Low,9.5,Snow,Summer,2,8,8.5,Refrigerated,1,slow,fast,3,858,80,2350.06,603.8835275,2953.943527,71.8
"Dallas, TX","Miami, FL",64.8,27.2,4.99,6.92,High,5.9,Storm,Spring,3,8,3.1,Tanker,0,slow,normal,2,1277,70,2771.09,920.8424855,3691.932486,64.8
"New York, NY","Denver, CO",41.9,19.5,4.62,4.14,Low,7.4,Snow,Fall,6,8,8.9,Tanker,1,fast,slow,1,1872,60,3474.43,2089.043478,5563.473478,41.9
"Dallas, TX","Miami, FL",59.7,29.3,3.69,6.97,High,9.3,Snow,Fall,3,8,8.1,Tanker,0,slow,slow,1,1277,60,2353.51,676.0588235,3029.568824,59.7
"Phoenix, AZ","Seattle, WA",50.9,20.6,4.77,4.78,Medium,8.4,Fog,Summer,4,8,8.1,Dry Van,1,fast,slow,1,1282,60,2346.06,1279.317992,3625.377992,50.9
"Los Angeles, CA","Denver, CO",58.3,21.2,4.75,5.55,High,8.6,Clear,Spring,3,8,7.5,Dry Van,0,slow,slow,1,954,60,1754.41,816.4864865,2570.896486,58.3
"Los Angeles, CA","Phoenix, AZ",67.8,18.9,4.87,4.45,Medium,4.8,Rain,Fall,1,8,6.9,Refrigerated,0,slow,normal,2,410,70,887.65,448.6966292,1336.346629,67.8
"Dallas, TX","Los Angeles, CA",65.8,13.5,5,7.39,High,5.6,Rain,Fall,3,8,3.1,Flatbed,0,slow,normal,2,1423,70,3073.68,962.7875507,4036.467551,65.8
"Chicago, IL","Phoenix, AZ",69.8,24.5,4.7,5.09,High,7.6,Fog,Fall,3,8,4.3,Flatbed,1,normal,normal,2,1670,70,3632.25,1542.043222,5174.293222,69.8
"Chicago, IL","Denver, CO",69,13.2,4.91,5.86,Low,9.7,Snow,Spring,2,8,7.7,Dry Van,0,slow,normal,2,1056,70,2296.8,884.8054608,3181.605461,69
"Houston, TX","New York, NY",60.5,26,4.09,6.95,Medium,8.7,Storm,Spring,4,8,5.6,Flatbed,1,fast,normal,2,1630,70,3553.4,959.2374101,4512.63741,60.5
"Los Angeles, CA","Chicago, IL",53.5,5.4,3.77,7.24,High,7.3,Clear,Spring,5,8,4.7,Refrigerated,0,normal,slow,1,2004,60,3729.44,1043.519337,4772.959337,53.5
"Dallas, TX","Los Angeles, CA",56.7,15.1,4.86,4.16,Medium,8.1,Storm,Winter,4,8,9.6,Flatbed,1,fast,slow,1,1423,60,2609.78,1662.447115,4272.227115,56.7
"Los Angeles, CA","Denver, CO",58.6,6.1,4,4.5,Medium,9,Clear,Winter,3,8,5.1,Tanker,0,normal,slow,1,954,60,1754.41,848,2602.41,58.6
"Chicago, IL","Phoenix, AZ",74,21.4,3.58,4.96,Low,4.8,Rain,Winter,3,8,6.1,Tanker,0,normal,fast,3,1670,80,4550.75,1205.362903,5756.112903,74
"Phoenix, AZ","Dallas, TX",66.7,21,4.93,6.35,High,5.8,Clear,Winter,2,8,1.8,Dry Van,0,normal,normal,2,1017,70,2181.47,789.576378,2971.046378,66.7
"Atlanta, GA","Los Angeles, CA",64.8,10,3.32,4.31,Medium,9.5,Rain,Summer,5,8,3.4,Dry Van,1,normal,normal,2,2223,70,4812.8,1712.38051,6525.18051,64.8
"New York, NY","Atlanta, GA",54.5,22.9,4.74,4.73,Medium,8.1,Rain,Summer,2,8,9.8,Tanker,1,slow,slow,1,858,60,1592.45,859.8139535,2452.263953,54.5
"Atlanta, GA","Seattle, WA",40.3,17.9,3.3,4.18,High,8.2,Rain,Winter,8,8,6.8,Tanker,1,slow,slow,1,2505,60,4584.15,1977.631579,6561.781579,40.3
"Houston, TX","Dallas, TX",62,19.9,4.33,4.8,Medium,5.6,Storm,Summer,1,8,7.7,Flatbed,0,slow,normal,2,259,70,554.26,233.6395833,787.8995833,62
"New York, NY","Atlanta, GA",45.7,11.3,3.43,6.93,Medium,6.8,Rain,Fall,3,8,9,Refrigerated,0,slow,slow,1,858,60,1592.45,424.6666667,2017.116667,45.7
"Los Angeles, CA","Chicago, IL",45.1,20.9,4.7,4.38,Low,8.4,Snow,Winter,6,8,5.8,Dry Van,1,normal,slow,1,2004,60,3729.44,2150.410959,5879.850959,45.1
"Dallas, TX","Los Angeles, CA",51.2,13.8,4.35,4.26,High,7.5,Fog,Fall,4,8,5.6,Tanker,1,normal,slow,1,1423,60,2609.78,1453.06338,4062.84338,51.2
"Los Angeles, CA","Phoenix, AZ",60.3,10.7,3.16,6.51,High,7.3,Snow,Summer,1,8,4.6,Refrigerated,1,slow,normal,2,410,70,887.65,199.0168971,1086.666897,60.3
"Houston, TX","Miami, FL",72.2,6,4.49,4.14,Medium,6.7,Clear,Fall,2,8,7,Dry Van,0,slow,fast,3,1112,80,3022.42,1206.009662,4228.429662,72.2
"Denver, CO","Phoenix, AZ",68.7,13.6,3.69,4.89,Medium,8.1,Clear,Spring,2,8,7.7,Flatbed,0,normal,normal,2,673,70,1446.95,507.8466258,1954.796626,68.7
"Chicago, IL","Los Angeles, CA",71.2,11.9,3.48,7.48,Low,7.8,Rain,Spring,4,8,3.5,Flatbed,1,fast,fast,3,2004,80,5502.98,932.342246,6435.322246,71.2
"Houston, TX","Atlanta, GA",41,5.1,3.56,7.66,Low,9.4,Snow,Summer,3,8,8.9,Flatbed,0,fast,slow,1,806,60,1467.73,374.5900783,1842.320078,41
"Los Angeles, CA","New York, NY",40.3,7.2,4.35,5.56,Low,8.9,Rain,Spring,9,8,8.1,Refrigerated,0,normal,slow,1,2812,60,5258.44,2200.035971,7458.475971,40.3
"Los Angeles, CA","Atlanta, GA",50.2,29.2,3.1,5.4,Low,4.5,Clear,Spring,6,8,8,Dry Van,1,normal,slow,1,2223,60,4088.1,1276.166667,5364.266667,50.2
"Miami, FL","Dallas, TX",52.5,5.1,3.56,6.06,High,8,Rain,Summer,4,8,2,Dry Van,1,slow,slow,1,1277,60,2353.51,750.1848185,3103.694818,52.5
"Dallas, TX","Atlanta, GA",45.2,8.9,3.09,7.43,High,5.3,Storm,Summer,3,8,4.4,Refrigerated,0,normal,slow,1,828,60,1507.79,344.3499327,1852.139933,45.2
"Atlanta, GA","New York, NY",42.6,19.6,3.58,4.38,Medium,9.4,Rain,Fall,3,8,5.7,Refrigerated,1,slow,slow,1,858,60,1592.45,701.2876712,2293.737671,42.6
"Los Angeles, CA","Dallas, TX",44.2,5.9,4.6,6.9,Low,4.5,Snow,Spring,5,8,5.2,Flatbed,0,fast,slow,1,1423,60,2609.78,948.6666667,3558.446667,44.2
"Houston, TX","New York, NY",63.9,14.3,4.76,4.25,Low,7.5,Storm,Winter,4,8,0.7,Tanker,1,slow,normal,2,1630,70,3553.4,1825.6,5379,63.9
"New York, NY","Denver, CO",57.3,20.4,4.76,6.96,High,6.8,Storm,Spring,5,8,4.6,Flatbed,0,normal,slow,1,1872,60,3474.43,1280.275862,4754.705862,57.3
"Los Angeles, CA","Atlanta, GA",74.7,5.6,4.1,5.24,Medium,7,Rain,Winter,4,8,2.4,Tanker,1,normal,fast,3,2223,80,6026.55,1739.370229,7765.920229,74.7
"Houston, TX","Miami, FL",66.5,11.7,3.77,5.07,Low,8.9,Clear,Winter,3,8,8.7,Tanker,0,normal,normal,2,1112,70,2413.04,826.8717949,3239.911795,66.5
"New York, NY","Houston, TX",42.6,8,3.32,6.13,Low,9.8,Storm,Spring,5,8,9.3,Tanker,1,fast,slow,1,1630,60,3018.76,882.8058728,3901.565873,42.6
"New York, NY","Chicago, IL",71.9,6.4,4.9,4.8,Low,5.8,Rain,Fall,2,8,6.8,Tanker,0,fast,fast,3,818,80,2269.13,835.0416667,3104.171667,71.9
"Atlanta, GA","Chicago, IL",66.5,24.9,3.88,6.99,Medium,9,Rain,Fall,2,8,7.8,Refrigerated,1,normal,normal,2,677,70,1472.47,375.788269,1848.258269,66.5
"Houston, TX","Phoenix, AZ",41.5,8.9,3.26,4.69,Low,4.1,Storm,Fall,4,8,3.8,Dry Van,1,normal,slow,1,1166,60,2123.29,810.4818763,2933.771876,41.5
"Chicago, IL","Los Angeles, CA",56.2,6.8,3.55,7.41,Low,8.5,Storm,Fall,5,8,4.8,Flatbed,1,fast,slow,1,2004,60,3729.44,960.0809717,4689.520972,56.2
"Atlanta, GA","Dallas, TX",56.5,19.9,4.43,4.67,High,8.9,Storm,Spring,2,8,4.9,Dry Van,1,slow,slow,1,828,60,1507.79,785.4475375,2293.237537,56.5
"Los Angeles, CA","Houston, TX",43.9,15.8,3.56,4.34,Low,5.1,Rain,Winter,5,8,0.9,Flatbed,1,slow,slow,1,1577,60,2892.22,1293.576037,4185.796037,43.9
"Atlanta, GA","Miami, FL",61.1,29.2,4.01,4.21,Low,5.3,Snow,Winter,2,8,2.6,Dry Van,0,normal,normal,2,697,70,1515.97,663.888361,2179.858361,61.1
"Los Angeles, CA","Chicago, IL",52.1,12.5,4.35,6.21,High,4.8,Clear,Summer,5,8,5.9,Refrigerated,0,fast,slow,1,2004,60,3729.44,1403.768116,5133.208116,52.1
"Seattle, WA","Phoenix, AZ",72.8,7.4,4.58,5.46,High,8.2,Fog,Spring,3,8,5.2,Dry Van,1,normal,fast,3,1282,80,3457.55,1075.377289,4532.927289,72.8
"New York, NY","Los Angeles, CA",41,13.3,4.56,5.15,High,6,Snow,Spring,9,8,1.2,Refrigerated,0,normal,slow,1,2812,60,5258.44,2489.848544,7748.288544,41
"Seattle, WA","New York, NY",49.3,6.3,3.23,7.81,High,6.7,Snow,Summer,8,8,5.2,Flatbed,0,slow,slow,1,2762,60,5140.08,1142.286812,6282.366812,49.3
"Dallas, TX","Houston, TX",51.2,23.1,3.5,4.45,Medium,7.3,Fog,Winter,1,8,9.4,Tanker,1,fast,slow,1,259,60,470.34,203.7078652,674.0478652,51.2
"Denver, CO","Atlanta, GA",66.4,12,4.69,4.24,Low,9.7,Rain,Fall,3,8,7.9,Dry Van,0,slow,normal,2,1392,70,2992.8,1539.735849,4532.535849,66.4
"Miami, FL","Dallas, TX",55.1,12,4.68,4.8,Medium,8.3,Fog,Summer,3,8,6.1,Tanker,1,slow,slow,1,1277,60,2353.51,1245.075,3598.585,55.1
"Dallas, TX","Seattle, WA",54.7,6.7,3.57,5.37,High,9.1,Storm,Summer,5,8,0.1,Refrigerated,0,normal,slow,1,1932,60,3525.9,1284.402235,4810.302235,54.7
"Miami, FL","Denver, CO",47.8,13,3.04,7,Medium,9.7,Rain,Fall,6,8,7.1,Refrigerated,0,fast,slow,1,1984,60,3666.43,861.6228571,4528.052857,47.8
"Seattle, WA","Houston, TX",59.7,23.9,4.72,5.94,Medium,7.7,Rain,Spring,5,8,5.6,Dry Van,1,normal,slow,1,2173,60,3965.72,1726.693603,5692.413603,59.7
"Atlanta, GA","Miami, FL",52.4,10.2,3.91,4.83,Medium,7,Clear,Fall,2,8,6.2,Refrigerated,0,fast,slow,1,697,60,1288.06,564.2380952,1852.298095,52.4
"Los Angeles, CA","New York, NY",45.8,27.5,4.2,4.13,Low,7.8,Clear,Spring,8,8,0.8,Dry Van,1,normal,slow,1,2812,60,5258.44,2859.661017,8118.101017,45.8
"Los Angeles, CA","Houston, TX",72,5.2,4.26,5.9,Low,6.1,Storm,Fall,3,8,0.5,Refrigerated,1,normal,fast,3,1577,80,4264.21,1138.647458,5402.857458,72
"Los Angeles, CA","Dallas, TX",40.2,12.7,4.01,5.51,Low,5.8,Rain,Spring,5,8,9.3,Dry Van,0,slow,slow,1,1423,60,2609.78,1035.61343,3645.39343,40.2
"Houston, TX","Los Angeles, CA",58.3,27.1,4.84,5.64,Low,5.7,Clear,Fall,4,8,4.8,Tanker,0,fast,slow,1,1577,60,2892.22,1353.312057,4245.532057,58.3
"Phoenix, AZ","Dallas, TX",59.6,21.7,3.23,4.57,Medium,6.8,Fog,Winter,3,8,3.6,Dry Van,1,slow,slow,1,1017,60,1851.96,718.7986871,2570.758687,59.6
"Dallas, TX","Miami, FL",44.2,20.4,4.2,7.44,Low,4,Rain,Winter,4,8,2.2,Tanker,1,normal,slow,1,1277,60,2353.51,720.8870968,3074.397097,44.2
"Dallas, TX","New York, NY",45.4,5.9,4.07,6.11,Low,9.1,Storm,Winter,5,8,5.4,Flatbed,0,fast,slow,1,1576,60,2918.75,1049.806874,3968.556874,45.4
"New York, NY","Atlanta, GA",65.4,11.6,4.86,6.67,Medium,6.5,Rain,Spring,2,8,4,Refrigerated,0,slow,normal,2,858,70,1874.73,625.1694153,2499.899415,65.4
"Houston, TX","Phoenix, AZ",65.2,25.6,4.46,4.92,Low,9.7,Storm,Spring,3,8,3.3,Tanker,0,slow,normal,2,1166,70,2501.07,1056.98374,3558.05374,65.2
"Dallas, TX","Denver, CO",41.7,15.1,4.25,7.53,High,9.9,Rain,Fall,3,8,3.8,Tanker,0,slow,slow,1,762,60,1387.6,430.0796813,1817.679681,41.7
"Miami, FL","Denver, CO",46.7,23.1,3.98,8,Medium,8.7,Clear,Fall,6,8,3.4,Flatbed,1,normal,slow,1,1984,60,3666.43,987.04,4653.47,46.7
