shipment_id,origin_city,destination_city,avg_speed_mph,weight_of_truck_tons,fuel_price_usd_per_gallon,fuel_efficiency_mpg,traffic_status,road_condition_score,weather_condition,season,delivery_target_days,driver_hours_per_day,market_demand_index,carrier_type,holiday_indicator,lane_id_corrected,ref_distance_miles,ref_speed_limit_mph,ref_total_lane_cost_usd,fuel_cost_usd,total_cost_usd,axle_3,axle_4,axle_5,axle_6_plus
SH_001,"Chicago, IL","Dallas, TX",63.2,12.8,4.04,6.19,Medium,5.1,Rain,Spring,2,8,4.5,Refrigerated,0,2,925,70,2007.25,603.7156704,2610.96567,1,0,0,0
SH_002,"Seattle, WA","Chicago, IL",72.4,23.2,3.65,6.28,Medium,7.1,Clear,Winter,4,8,3.9,Flatbed,0,3,1993,80,5444.88,1158.351911,6603.231911,0,0,0,1
SH_003,"Atlanta, GA","Seattle, WA",69.0,13.9,3.56,6.17,Low,4.8,Storm,Spring,5,8,9.9,Tanker,0,2,2505,70,5398.28,1445.34846,6843.62846,0,0,0,1
SH_004,"Phoenix, AZ","Houston, TX",47.0,5.1,4.63,6.83,Low,8.4,Fog,Summer,4,8,0.7,Dry Van,0,1,1166,60,2123.29,790.4216691,2913.711669,1,0,0,0
SH_005,"Atlanta, GA","Miami, FL",44.1,26.6,4.25,5.32,Low,4.4,Fog,Winter,3,8,3.3,Dry Van,1,1,697,60,1288.06,556.8139098,1844.87391,0,1,0,0
SH_006,"New York, NY","Houston, TX",62.3,27.2,3.94,4.48,High,8.3,Fog,Winter,4,8,5.6,Tanker,0,2,1630,70,3553.4,1433.526786,4986.926786,0,0,1,0
SH_007,"Seattle, WA","Houston, TX",57.3,18.1,3.86,4.1,High,4.6,Snow,Spring,5,8,3.1,Flatbed,0,1,2173,60,3965.72,2045.8,6011.52,1,0,0,0
SH_008,"Atlanta, GA","Houston, TX",71.8,11.2,3.82,7.02,Low,5.4,Clear,Fall,3,8,6.9,Dry Van,1,3,806,80,2162.5,438.5925926,2601.092593,0,1,0,0
SH_009,"Miami, FL","Los Angeles, CA",61.9,12.4,3.21,5.83,Medium,5.3,Rain,Summer,6,8,8.8,Flatbed,0,2,2686,70,5882.34,1478.912521,7361.252521,0,0,1,0
SH_011,"Dallas, TX","Atlanta, GA",45.8,18.4,3.97,6.77,Medium,5.6,Fog,Summer,3,8,1.7,Flatbed,0,1,828,60,1507.79,485.5480059,1993.338006,1,0,0,0
SH_012,"New York, NY","Miami, FL",59.5,15.1,3.13,5.02,High,5.5,Fog,Fall,3,8,7.1,Tanker,0,1,1256,60,2360.02,783.123506,3143.143506,0,1,0,0
SH_013,"Houston, TX","Los Angeles, CA",74.9,11.7,4.95,5.64,High,4.2,Storm,Summer,4,8,2.4,Tanker,1,3,1577,80,4264.21,1384.069149,5648.279149,0,0,0,1
SH_014,"Miami, FL","Atlanta, GA",57.1,29.6,3.48,6.69,High,8.6,Fog,Winter,2,8,8.0,Flatbed,0,1,697,60,1288.06,362.5650224,1650.625022,0,0,1,0
SH_015,"Los Angeles, CA","New York, NY",74.4,15.0,4.63,7.19,Medium,4.9,Storm,Winter,6,8,0.4,Tanker,1,3,2812,80,7761.12,1810.787204,9571.907204,0,0,0,1
SH_016,"New York, NY","Phoenix, AZ",63.7,5.4,4.02,4.91,Medium,7.9,Storm,Winter,6,8,6.9,Flatbed,1,2,2461,70,5377.29,2014.912424,7392.202424,0,0,0,1
SH_017,"Miami, FL","Chicago, IL",72.8,8.4,3.68,4.45,Medium,9.5,Rain,Fall,4,8,6.6,Flatbed,1,3,1370,80,3781.2,1132.94382,4914.14382,0,0,0,1
SH_018,"Seattle, WA","Los Angeles, CA",59.4,18.2,3.48,4.37,Low,9.4,Snow,Spring,4,8,6.3,Refrigerated,1,1,1104,60,2034.67,879.1578947,2913.827895,0,0,0,1
SH_019,"Los Angeles, CA","Seattle, WA",52.2,23.1,4.79,7.55,Low,8.7,Storm,Summer,3,8,0.8,Tanker,0,1,1104,60,2034.67,700.418543,2735.088543,1,0,0,0
SH_020,"Chicago, IL","Miami, FL",71.4,20.2,3.02,4.41,Low,8.0,Clear,Spring,3,8,3.1,Flatbed,0,3,1370,80,3781.2,938.185941,4719.385941,0,1,0,0
SH_021,"Phoenix, AZ","Chicago, IL",55.7,29.9,3.35,4.07,Low,7.0,Rain,Fall,5,8,6.5,Refrigerated,1,1,1670,60,3086.16,1374.570025,4460.730025,0,1,0,0
SH_022,"Seattle, WA","Denver, CO",63.0,19.2,3.19,5.47,High,5.6,Rain,Summer,4,8,3.9,Tanker,1,2,1172,70,2525.66,683.488117,3209.148117,0,0,1,0
SH_023,"Phoenix, AZ","Seattle, WA",62.1,24.9,4.01,6.31,Low,7.0,Rain,Spring,4,8,7.2,Flatbed,1,2,1282,70,2762.71,814.7099842,3577.419984,0,1,0,0
SH_024,"Dallas, TX","Seattle, WA",40.9,21.1,3.35,7.76,High,9.7,Rain,Winter,6,8,3.7,Flatbed,0,1,1932,60,3525.9,834.0463918,4359.946392,0,0,0,1
SH_025,"Atlanta, GA","Chicago, IL",72.5,15.7,4.93,7.85,Medium,9.1,Clear,Spring,3,8,8.5,Dry Van,1,3,677,80,1844.82,425.1732484,2269.993248,0,1,0,0
SH_026,"Atlanta, GA","Seattle, WA",45.9,18.9,4.87,6.78,High,7.4,Storm,Fall,8,8,6.2,Refrigerated,1,1,2505,60,4584.15,1799.314159,6383.464159,0,0,0,1
SH_027,"Denver, CO","Atlanta, GA",44.9,18.0,4.75,6.96,Low,8.2,Fog,Summer,5,8,5.5,Tanker,1,1,1392,60,2540.4,950.0,3490.4,1,0,0,0
SH_028,"Phoenix, AZ","Dallas, TX",54.7,11.4,4.22,4.33,High,4.0,Clear,Winter,4,8,1.9,Tanker,1,1,1017,60,1851.96,991.1639723,2843.123972,0,1,0,0
SH_029,"Chicago, IL","Atlanta, GA",53.9,6.3,4.77,4.11,Low,7.5,Storm,Fall,3,8,0.4,Refrigerated,1,1,677,60,1251.1,785.7153285,2036.815328,0,1,0,0
SH_030,"Los Angeles, CA","Houston, TX",59.0,12.2,4.18,4.12,Low,4.2,Clear,Fall,4,8,3.6,Flatbed,0,1,1577,60,2892.22,1599.966019,4492.186019,1,0,0,0
SH_031,"Seattle, WA","Dallas, TX",58.3,24.2,3.43,6.49,Low,4.5,Rain,Fall,6,8,5.4,Tanker,1,1,1932,60,3525.9,1021.072419,4546.972419,0,1,0,0
SH_032,"Atlanta, GA","Denver, CO",65.4,29.4,4.03,5.29,Low,8.8,Fog,Winter,4,8,7.4,Tanker,1,2,1392,70,2992.8,1060.446125,4053.246125,0,0,1,0
SH_033,"Phoenix, AZ","Houston, TX",46.5,7.0,3.86,6.75,High,4.3,Storm,Fall,4,8,2.5,Refrigerated,0,1,1166,60,2123.29,666.7792593,2790.069259,0,0,1,0
SH_034,"Houston, TX","Atlanta, GA",65.0,21.5,3.56,7.82,High,8.4,Storm,Winter,2,8,7.3,Dry Van,0,2,806,70,1728.87,366.9258312,2095.795831,0,0,0,1
SH_035,"Dallas, TX","Phoenix, AZ",59.8,9.0,3.24,5.37,High,4.6,Rain,Winter,3,8,8.6,Flatbed,0,1,1017,60,1851.96,613.6089385,2465.568939,1,0,0,0
SH_036,"Chicago, IL","New York, NY",56.6,7.4,3.98,5.89,Low,5.0,Fog,Winter,2,8,0.5,Refrigerated,0,1,818,60,1537.02,552.7402377,2089.760238,0,0,0,1
SH_037,"New York, NY","Chicago, IL",71.0,11.5,3.03,7.73,High,7.0,Storm,Summer,2,8,6.8,Dry Van,0,3,818,80,2269.13,320.6390686,2589.769069,0,0,1,0
SH_038,"Miami, FL","Atlanta, GA",73.0,28.6,4.73,6.55,Medium,8.8,Rain,Summer,3,8,6.4,Tanker,1,3,697,80,1899.33,503.329771,2402.659771,1,0,0,0
SH_039,"Chicago, IL","Dallas, TX",59.1,28.5,3.77,7.84,High,9.4,Storm,Winter,2,8,0.9,Flatbed,0,1,925,60,1704.77,444.8022959,2149.572296,0,1,0,0
SH_040,"Seattle, WA","Houston, TX",42.5,13.0,4.69,4.09,Medium,8.9,Clear,Spring,8,8,1.2,Dry Van,1,1,2173,60,3965.72,2491.777506,6457.497506,1,0,0,0
SH_041,"Los Angeles, CA","Phoenix, AZ",62.0,26.9,4.47,7.21,High,5.7,Snow,Winter,1,8,5.7,Dry Van,0,2,410,70,887.65,254.1886269,1141.838627,0,0,0,1
SH_042,"Los Angeles, CA","Houston, TX",65.6,8.2,3.5,6.32,Low,9.2,Storm,Spring,5,8,4.3,Dry Van,1,2,1577,70,3406.32,873.3386076,4279.658608,1,0,0,0
SH_043,"New York, NY","Atlanta, GA",66.4,7.6,4.81,6.02,Medium,9.0,Rain,Summer,3,8,9.0,Tanker,1,2,858,70,1874.73,685.5448505,2560.27485,0,1,0,0
SH_044,"Dallas, TX","Chicago, IL",40.4,27.6,3.18,5.28,Medium,9.7,Snow,Winter,4,8,4.9,Flatbed,1,1,925,60,1704.77,557.1022727,2261.872273,0,0,0,1
SH_045,"Los Angeles, CA","Houston, TX",43.2,20.1,4.11,4.85,High,9.7,Fog,Fall,5,8,0.9,Flatbed,0,1,1577,60,2892.22,1336.385567,4228.605567,0,1,0,0
SH_046,"Chicago, IL","Los Angeles, CA",42.0,18.7,3.88,7.55,Low,6.1,Snow,Spring,6,8,1.4,Tanker,0,1,2004,60,3729.44,1029.870199,4759.310199,1,0,0,0
SH_047,"Dallas, TX","Houston, TX",61.6,7.5,3.17,6.8,Low,4.4,Snow,Spring,1,8,7.1,Refrigerated,0,2,259,70,554.26,120.7397059,674.9997059,1,0,0,0
SH_049,"Denver, CO","Dallas, TX",64.8,17.0,3.76,6.82,High,5.5,Snow,Fall,3,8,4.3,Refrigerated,1,2,762,70,1634.49,420.1055718,2054.595572,1,0,0,0
SH_050,"Los Angeles, CA","Chicago, IL",54.2,19.3,4.48,7.07,Low,8.9,Fog,Spring,6,8,6.8,Refrigerated,1,1,2004,60,3729.44,1269.861386,4999.301386,0,1,0,0
SH_051,"Miami, FL","Houston, TX",54.0,16.9,3.17,6.11,Low,6.6,Clear,Spring,4,8,5.3,Tanker,1,1,1112,60,2049.42,576.9296236,2626.349624,0,1,0,0
SH_052,"Houston, TX","Chicago, IL",42.6,18.8,4.94,6.09,Medium,7.8,Storm,Fall,4,8,7.0,Dry Van,0,1,1083,60,1995.97,878.4926108,2874.462611,1,0,0,0
SH_053,"Chicago, IL","Houston, TX",65.8,27.9,4.92,4.23,High,6.4,Snow,Winter,4,8,3.4,Flatbed,1,2,1083,70,2350.11,1259.659574,3609.769574,0,0,0,1
SH_054,"Miami, FL","New York, NY",62.6,14.7,3.46,5.06,High,6.2,Storm,Winter,3,8,4.5,Tanker,0,2,1256,70,2775.76,858.8458498,3634.60585,0,0,1,0
SH_055,"Houston, TX","Dallas, TX",49.8,15.3,4.21,5.08,Medium,4.8,Clear,Spring,2,8,9.4,Dry Van,1,1,259,60,470.34,214.6437008,684.9837008,1,0,0,0
SH_056,"Chicago, IL","Miami, FL",60.3,28.0,3.17,7.51,Medium,7.3,Clear,Summer,4,8,4.1,Dry Van,1,2,1370,70,3014.0,578.2822903,3592.28229,0,0,0,1
SH_057,"Miami, FL","Denver, CO",56.8,29.6,3.75,7.0,Medium,6.4,Storm,Spring,6,8,0.6,Refrigerated,1,1,1984,60,3666.43,1062.857143,4729.287143,0,0,0,1
SH_058,"Denver, CO","Los Angeles, CA",44.7,5.3,3.15,6.77,High,7.2,Snow,Fall,4,8,9.1,Flatbed,1,1,954,60,1754.41,443.8847858,2198.294786,0,1,0,0
SH_059,"Houston, TX","Atlanta, GA",65.4,23.9,3.76,4.96,High,5.2,Storm,Summer,3,8,2.7,Tanker,1,2,806,70,1728.87,611.0,2339.87,0,0,1,0
SH_060,"Phoenix, AZ","Atlanta, GA",70.7,23.9,3.09,5.07,Medium,4.1,Rain,Winter,5,8,7.7,Dry Van,1,3,1827,80,4914.63,1113.497041,6028.127041,0,0,1,0
SH_061,"Chicago, IL","Atlanta, GA",69.8,18.8,4.12,7.51,Medium,6.4,Rain,Spring,2,8,7.8,Refrigerated,0,2,677,70,1472.47,371.4034621,1843.873462,0,0,0,1
SH_062,"Dallas, TX","Atlanta, GA",68.2,27.6,4.23,7.92,High,7.6,Clear,Fall,2,8,5.5,Tanker,0,2,828,70,1776.06,442.2272727,2218.287273,0,1,0,0
SH_063,"Denver, CO","Phoenix, AZ",65.4,18.7,3.9,7.64,Low,5.8,Rain,Winter,3,8,9.5,Flatbed,1,2,673,70,1446.95,343.5471204,1790.49712,0,0,0,1
SH_064,"Atlanta, GA","Los Angeles, CA",72.4,17.3,3.52,5.84,High,9.9,Fog,Winter,4,8,3.3,Refrigerated,0,3,2223,80,6026.55,1339.890411,7366.440411,0,0,1,0
SH_065,"Phoenix, AZ","Los Angeles, CA",48.4,6.9,3.26,4.51,High,4.9,Storm,Summer,3,8,6.4,Tanker,1,1,410,60,753.99,296.3636364,1050.353636,0,0,0,1
SH_066,"Seattle, WA","Phoenix, AZ",52.1,27.4,3.95,6.67,High,5.0,Fog,Fall,4,8,8.2,Dry Van,0,1,1282,60,2346.06,759.2053973,3105.265397,0,0,0,1
SH_067,"Houston, TX","Seattle, WA",52.2,5.8,4.1,6.14,High,6.1,Rain,Summer,6,8,5.0,Tanker,0,1,2173,60,3965.72,1451.026059,5416.746059,0,0,0,1
SH_068,"Houston, TX","Atlanta, GA",41.4,25.0,4.26,4.33,Medium,9.2,Snow,Winter,3,8,8.7,Refrigerated,0,1,806,60,1467.73,792.9699769,2260.699977,0,1,0,0
SH_069,"Atlanta, GA","Denver, CO",60.9,29.7,4.07,7.7,Low,5.4,Rain,Winter,4,8,4.6,Tanker,1,2,1392,70,2992.8,735.7714286,3728.571429,0,0,0,1
SH_071,"New York, NY","Dallas, TX",43.7,23.4,3.36,6.26,Medium,9.0,Fog,Winter,6,8,5.4,Dry Van,1,1,1576,60,2918.75,845.9041534,3764.654153,0,1,0,0
SH_072,"Denver, CO","New York, NY",52.0,16.8,3.71,6.6,High,6.9,Storm,Spring,5,8,7.4,Tanker,0,1,1872,60,3474.43,1052.290909,4526.720909,0,1,0,0
SH_073,"Houston, TX","Denver, CO",60.5,19.1,3.76,5.35,Low,9.4,Fog,Summer,3,8,3.6,Tanker,0,2,1010,70,2166.45,709.8317757,2876.281776,1,0,0,0
SH_074,"Phoenix, AZ","Los Angeles, CA",61.2,10.9,3.2,4.61,High,5.5,Clear,Fall,1,8,1.9,Flatbed,0,2,410,70,887.65,284.5986985,1172.248698,1,0,0,0
SH_075,"Denver, CO","Los Angeles, CA",46.1,27.4,3.16,6.1,Low,6.5,Clear,Summer,4,8,1.1,Tanker,1,1,954,60,1754.41,494.2032787,2248.613279,0,1,0,0
SH_076,"Atlanta, GA","Phoenix, AZ",73.9,26.6,4.63,5.03,Medium,5.0,Fog,Summer,5,8,9.3,Tanker,1,3,1827,80,4914.63,1681.71173,6596.34173,1,0,0,0
SH_077,"Chicago, IL","Phoenix, AZ",60.0,12.0,4.54,4.75,High,5.9,Storm,Winter,4,8,5.1,Dry Van,0,1,1670,60,3086.16,1596.168421,4682.328421,0,0,0,1
SH_078,"Chicago, IL","Dallas, TX",44.0,20.3,3.58,6.32,Low,4.9,Rain,Winter,3,8,5.3,Refrigerated,0,1,925,60,1704.77,523.971519,2228.741519,0,0,1,0
SH_079,"Los Angeles, CA","Phoenix, AZ",51.8,8.4,3.13,7.96,Low,5.9,Storm,Spring,2,8,2.5,Tanker,1,1,410,60,753.99,161.218593,915.208593,0,0,1,0
SH_080,"Miami, FL","Los Angeles, CA",66.6,19.9,3.94,5.65,High,6.1,Clear,Spring,6,8,8.3,Dry Van,0,2,2686,70,5882.34,1873.069027,7755.409027,1,0,0,0
SH_081,"New York, NY","Dallas, TX",44.4,23.3,4.88,4.72,High,4.4,Fog,Fall,5,8,5.7,Refrigerated,0,1,1576,60,2918.75,1629.423729,4548.173729,0,1,0,0
SH_082,"New York, NY","Atlanta, GA",44.9,24.9,3.4,4.65,High,5.0,Snow,Winter,4,8,6.7,Flatbed,1,1,858,60,1592.45,627.3548387,2219.804839,0,1,0,0
SH_083,"Seattle, WA","Denver, CO",52.6,26.9,3.78,7.27,Medium,6.6,Clear,Summer,4,8,3.0,Flatbed,1,1,1172,60,2144.76,609.3755158,2754.135516,0,0,1,0
SH_084,"Phoenix, AZ","Chicago, IL",57.6,10.8,4.8,5.54,Medium,7.3,Fog,Spring,4,8,6.2,Tanker,0,1,1670,60,3086.16,1446.931408,4533.091408,0,0,1,0
SH_085,"Seattle, WA","Houston, TX",72.9,20.7,3.67,4.56,High,8.8,Fog,Fall,5,8,7.4,Tanker,1,3,2173,80,5845.37,1748.883772,7594.253772,1,0,0,0
SH_086,"Miami, FL","Atlanta, GA",74.9,23.8,4.41,7.11,Medium,4.9,Fog,Spring,3,8,7.1,Tanker,1,3,697,80,1899.33,432.3164557,2331.646456,1,0,0,0
SH_087,"Miami, FL","Dallas, TX",66.4,7.6,4.07,5.52,Medium,6.7,Rain,Fall,4,8,5.0,Refrigerated,1,2,1277,70,2771.09,941.5561594,3712.646159,0,0,0,1
SH_088,"Houston, TX","Miami, FL",57.0,15.2,4.54,4.05,High,7.6,Snow,Winter,3,8,7.2,Refrigerated,0,1,1112,60,2049.42,1246.538272,3295.958272,0,1,0,0
SH_089,"Atlanta, GA","Denver, CO",68.9,29.0,3.69,4.91,High,6.5,Rain,Fall,4,8,1.0,Tanker,1,2,1392,70,2992.8,1046.126273,4038.926273,0,1,0,0
SH_090,"Dallas, TX","Chicago, IL",65.4,19.8,3.2,7.68,Low,8.7,Fog,Spring,3,8,6.5,Dry Van,1,2,925,70,2007.25,385.4166667,2392.666667,0,1,0,0
SH_091,"Phoenix, AZ","Seattle, WA",53.1,6.7,3.15,4.42,Medium,9.0,Fog,Summer,5,8,1.1,Dry Van,1,1,1282,60,2346.06,913.6425339,3259.702534,0,0,1,0
SH_092,"Houston, TX","New York, NY",69.4,8.1,4.84,7.48,Low,7.1,Clear,Spring,3,8,4.0,Dry Van,0,2,1630,70,3553.4,1054.705882,4608.105882,0,1,0,0
SH_093,"Seattle, WA","Los Angeles, CA",51.7,25.1,3.01,5.33,Low,6.4,Fog,Summer,3,8,9.2,Dry Van,0,1,1104,60,2034.67,623.4596623,2658.129662,0,0,0,1
SH_094,"Atlanta, GA","Houston, TX",52.1,23.4,3.9,4.9,Medium,6.7,Rain,Summer,2,8,1.8,Flatbed,0,1,806,60,1467.73,641.5102041,2109.240204,0,0,1,0
SH_095,"Houston, TX","Dallas, TX",54.7,27.9,3.72,6.32,High,7.8,Snow,Spring,1,8,5.2,Tanker,0,1,259,60,470.34,152.4493671,622.7893671,0,1,0,0
SH_096,"Dallas, TX","Houston, TX",56.1,18.9,4.72,6.14,Medium,5.1,Fog,Summer,1,8,3.1,Refrigerated,0,1,259,60,470.34,199.1009772,669.4409772,0,0,0,1
SH_097,"Houston, TX","Phoenix, AZ",54.9,25.0,3.7,5.87,Low,7.7,Fog,Fall,3,8,0.7,Flatbed,0,1,1166,60,2123.29,734.9574106,2858.247411,0,1,0,0
SH_098,"Los Angeles, CA","New York, NY",55.9,18.1,3.88,5.6,Medium,7.4,Clear,Spring,8,8,3.3,Flatbed,1,1,2812,60,5258.44,1948.314286,7206.754286,0,0,1,0
SH_099,"New York, NY","Atlanta, GA",66.4,11.8,4.79,6.11,Medium,8.8,Fog,Fall,3,8,8.4,Dry Van,1,2,858,70,1874.73,672.6382979,2547.368298,1,0,0,0
SH_100,"Houston, TX","Dallas, TX",54.3,18.8,3.51,4.78,High,7.0,Clear,Spring,2,8,3.4,Refrigerated,1,1,259,60,470.34,190.1861925,660.5261925,0,0,0,1
SH_101,"Chicago, IL","Los Angeles, CA",71.1,18.9,4.44,7.22,Low,9.9,Storm,Winter,4,8,8.3,Refrigerated,0,3,2004,80,5502.98,1232.376731,6735.356731,1,0,0,0
SH_102,"Denver, CO","Phoenix, AZ",63.4,10.1,3.59,7.59,High,4.1,Fog,Summer,2,8,2.1,Flatbed,0,2,673,70,1446.95,318.3227931,1765.272793,0,0,1,0
SH_103,"Houston, TX","New York, NY",46.4,19.6,3.84,7.57,Medium,8.9,Clear,Spring,5,8,2.6,Dry Van,0,1,1630,60,3018.76,826.8428005,3845.602801,0,0,1,0
SH_104,"Denver, CO","Chicago, IL",60.7,11.7,4.25,5.64,Low,7.3,Rain,Summer,3,8,2.9,Refrigerated,0,2,1056,70,2296.8,795.7446809,3092.544681,0,0,0,1
SH_105,"Dallas, TX","Los Angeles, CA",66.7,8.5,4.74,5.95,High,9.4,Storm,Summer,3,8,0.2,Tanker,0,2,1423,70,3073.68,1133.616807,4207.296807,0,1,0,0
SH_106,"Phoenix, AZ","Houston, TX",59.0,20.8,3.52,4.56,Medium,9.0,Snow,Fall,3,8,5.3,Tanker,0,1,1166,60,2123.29,900.0701754,3023.360175,0,0,1,0
SH_107,"New York, NY","Dallas, TX",49.5,5.5,4.83,4.47,High,7.5,Snow,Summer,4,8,5.5,Flatbed,0,1,1576,60,2918.75,1702.926174,4621.676174,0,0,1,0
SH_108,"Atlanta, GA","Dallas, TX",69.0,10.2,3.02,4.55,Medium,9.4,Storm,Winter,3,8,6.0,Refrigerated,1,2,828,70,1776.06,549.5736264,2325.633626,0,0,0,1
SH_109,"Seattle, WA","Phoenix, AZ",63.3,9.4,4.83,5.68,Low,6.3,Storm,Fall,3,8,9.6,Tanker,0,2,1282,70,2762.71,1090.151408,3852.861408,0,0,1,0
SH_110,"Phoenix, AZ","Miami, FL",43.2,24.3,3.14,7.35,Medium,6.6,Snow,Winter,8,8,7.2,Refrigerated,1,1,2276,60,4206.05,972.3319728,5178.381973,0,0,1,0
SH_111,"Denver, CO","Phoenix, AZ",73.2,14.9,4.91,4.54,High,6.9,Fog,Winter,2,8,2.6,Tanker,0,3,673,80,1810.37,727.8480176,2538.218018,1,0,0,0
SH_112,"Miami, FL","Houston, TX",41.8,17.4,4.19,5.34,Low,8.6,Fog,Winter,5,8,0.8,Tanker,1,1,1112,60,2049.42,872.5243446,2921.944345,0,0,1,0
SH_113,"Dallas, TX","Atlanta, GA",57.3,22.2,3.87,4.99,Medium,8.9,Storm,Fall,2,8,6.9,Tanker,0,1,828,60,1507.79,642.1563126,2149.946313,1,0,0,0
SH_114,"Atlanta, GA","Houston, TX",60.7,14.0,3.18,7.67,Low,4.8,Snow,Fall,2,8,5.2,Tanker,0,2,806,70,1728.87,334.1694915,2063.039492,0,0,1,0
SH_115,"Dallas, TX","Atlanta, GA",73.5,24.0,4.28,7.04,Low,8.3,Snow,Winter,2,8,2.5,Tanker,0,3,828,80,2221.52,503.3863636,2724.906364,0,0,1,0
SH_116,"Atlanta, GA","Chicago, IL",47.7,29.7,4.89,4.16,Low,8.2,Rain,Fall,3,8,1.8,Dry Van,1,1,677,60,1251.1,795.8004808,2046.900481,1,0,0,0
SH_117,"Denver, CO","Phoenix, AZ",72.0,5.8,4.39,5.19,Low,9.5,Fog,Spring,2,8,9.4,Tanker,0,3,673,80,1810.37,569.2620424,2379.632042,1,0,0,0
SH_118,"New York, NY","Seattle, WA",70.2,26.1,3.64,7.32,Low,4.2,Clear,Summer,6,8,5.6,Tanker,1,3,2762,80,7584.45,1373.453552,8957.903552,1,0,0,0
SH_119,"Seattle, WA","Houston, TX",71.0,18.3,3.88,5.62,Medium,7.4,Snow,Fall,5,8,5.4,Refrigerated,1,3,2173,80,5845.37,1500.220641,7345.590641,1,0,0,0
SH_120,"Seattle, WA","Phoenix, AZ",65.8,18.0,3.85,7.51,Medium,6.5,Storm,Fall,4,8,9.9,Tanker,1,2,1282,70,2762.71,657.2170439,3419.927044,0,0,1,0
SH_121,"Atlanta, GA","New York, NY",46.5,14.6,4.87,4.28,Medium,4.1,Rain,Fall,4,8,0.4,Flatbed,1,1,858,60,1592.45,976.2757009,2568.725701,0,0,1,0
SH_122,"Phoenix, AZ","Denver, CO",60.3,11.8,3.8,4.37,High,6.0,Rain,Fall,2,8,7.3,Flatbed,0,2,673,70,1446.95,585.2173913,2032.167391,0,0,1,0
SH_123,"Seattle, WA","Miami, FL",56.4,12.4,4.71,6.86,Medium,7.5,Clear,Fall,7,8,9.9,Flatbed,0,1,3141,60,5817.13,2156.575802,7973.705802,1,0,0,0
SH_124,"Denver, CO","Los Angeles, CA",53.5,22.0,3.44,7.8,Medium,8.7,Snow,Summer,3,8,8.8,Tanker,0,1,954,60,1754.41,420.7384615,2175.148462,0,0,1,0
SH_125,"Miami, FL","Seattle, WA",56.4,20.3,3.33,7.96,Medium,5.4,Fog,Winter,7,8,6.5,Flatbed,0,1,3141,60,5817.13,1314.011307,7131.141307,0,0,0,1
SH_126,"Houston, TX","Atlanta, GA",57.9,10.8,3.35,4.88,Low,5.1,Fog,Winter,3,8,3.5,Flatbed,1,1,806,60,1467.73,553.2991803,2021.02918,0,0,0,1
SH_127,"Los Angeles, CA","Houston, TX",73.9,27.1,4.86,7.98,Low,5.0,Snow,Winter,4,8,4.9,Dry Van,1,3,1577,80,4264.21,960.4285714,5224.638571,0,1,0,0
SH_128,"Miami, FL","Denver, CO",71.4,16.6,4.25,6.99,Low,4.2,Storm,Fall,4,8,8.6,Refrigerated,0,3,1984,80,5406.4,1206.294707,6612.694707,1,0,0,0
SH_129,"Los Angeles, CA","Chicago, IL",53.7,11.8,3.95,4.18,Medium,9.1,Storm,Spring,5,8,6.6,Tanker,0,1,2004,60,3729.44,1893.732057,5623.172057,0,0,1,0
SH_130,"Atlanta, GA","Phoenix, AZ",43.0,15.2,3.75,5.04,Medium,8.3,Fog,Summer,7,8,9.6,Flatbed,1,1,1827,60,3334.28,1359.375,4693.655,0,0,1,0
SH_131,"Houston, TX","Seattle, WA",71.3,29.8,3.12,7.53,Low,7.1,Fog,Summer,5,8,5.7,Dry Van,1,3,2173,80,5845.37,900.3665339,6745.736534,0,1,0,0
SH_132,"Houston, TX","Phoenix, AZ",59.0,26.6,4.47,6.09,Low,9.2,Fog,Fall,3,8,8.7,Flatbed,0,1,1166,60,2123.29,855.8325123,2979.122512,0,0,1,0
SH_133,"Denver, CO","Miami, FL",69.3,22.4,4.36,6.47,Medium,8.5,Snow,Winter,5,8,8.8,Tanker,1,2,1984,70,4315.2,1336.976816,5652.176816,0,0,0,1
SH_134,"Dallas, TX","New York, NY",41.0,25.6,3.26,5.34,High,8.5,Fog,Summer,6,8,5.6,Refrigerated,1,1,1576,60,2918.75,962.1273408,3880.877341,0,0,0,1
SH_135,"Atlanta, GA","New York, NY",49.1,9.8,3.17,5.31,Medium,7.4,Rain,Winter,4,8,3.8,Flatbed,1,1,858,60,1592.45,512.2146893,2104.664689,1,0,0,0
SH_136,"Phoenix, AZ","Dallas, TX",68.7,8.2,3.57,4.07,Medium,6.6,Rain,Winter,3,8,3.9,Dry Van,1,2,1017,70,2181.47,892.0614251,3073.531425,0,0,1,0
SH_137,"Denver, CO","Los Angeles, CA",66.4,24.7,3.35,7.08,Low,9.7,Storm,Summer,2,8,0.7,Dry Van,0,2,954,70,2065.41,451.3983051,2516.808305,0,1,0,0
SH_138,"Houston, TX","Phoenix, AZ",52.1,20.5,3.09,7.49,High,9.8,Snow,Winter,3,8,1.3,Tanker,0,1,1166,60,2123.29,481.0333778,2604.323378,0,0,1,0
SH_139,"Los Angeles, CA","Atlanta, GA",40.9,5.6,3.65,5.95,High,8.6,Fog,Summer,8,8,1.6,Flatbed,1,1,2223,60,4088.1,1363.689076,5451.789076,1,0,0,0
SH_140,"Dallas, TX","Houston, TX",73.1,7.6,4.71,6.11,Low,9.0,Fog,Summer,2,8,0.8,Dry Van,1,3,259,80,693.08,199.6546645,892.7346645,0,0,0,1
SH_141,"Miami, FL","Chicago, IL",62.9,11.8,4.9,4.6,Low,6.6,Fog,Winter,3,8,4.2,Dry Van,0,2,1370,70,3014.0,1459.347826,4473.347826,0,0,1,0
SH_142,"Chicago, IL","Phoenix, AZ",53.9,11.9,4.97,5.64,Medium,9.4,Fog,Winter,4,8,2.0,Refrigerated,0,1,1670,60,3086.16,1471.613475,4557.773475,0,0,0,1
SH_143,"Dallas, TX","Houston, TX",65.0,19.1,3.94,6.17,Low,5.0,Clear,Spring,2,8,0.9,Refrigerated,1,2,259,70,554.26,165.3905997,719.6505997,0,0,1,0
SH_144,"Phoenix, AZ","Miami, FL",55.9,18.3,3.04,7.19,High,5.8,Storm,Fall,7,8,9.7,Refrigerated,1,1,2276,60,4206.05,962.3143255,5168.364325,0,1,0,0
SH_145,"Chicago, IL","Phoenix, AZ",56.2,5.0,4.2,6.43,Medium,5.5,Snow,Winter,4,8,2.3,Dry Van,0,1,1670,60,3086.16,1090.824261,4176.984261,1,0,0,0
SH_146,"Phoenix, AZ","New York, NY",62.8,13.1,4.18,5.73,Medium,9.9,Clear,Summer,5,8,4.6,Dry Van,0,2,2461,70,5377.29,1795.284468,7172.574468,0,0,1,0
SH_147,"Denver, CO","Houston, TX",53.8,29.4,4.44,6.63,Low,8.5,Fog,Winter,3,8,0.4,Refrigerated,0,1,1010,60,1839.21,676.3800905,2515.59009,0,1,0,0
SH_148,"Dallas, TX","Miami, FL",43.7,11.1,4.97,4.57,Low,7.0,Storm,Spring,4,8,7.0,Flatbed,0,1,1277,60,2353.51,1388.772429,3742.282429,0,0,1,0
SH_149,"New York, NY","Atlanta, GA",40.3,13.2,4.04,4.35,Medium,6.1,Rain,Winter,3,8,0.8,Dry Van,0,1,858,60,1592.45,796.8551724,2389.305172,0,1,0,0
SH_150,"Los Angeles, CA","Seattle, WA",44.6,19.2,4.38,7.2,Low,5.2,Clear,Winter,4,8,1.0,Refrigerated,0,1,1104,60,2034.67,671.6,2706.27,0,0,0,1
SH_151,"Miami, FL","Atlanta, GA",64.7,5.8,4.87,4.21,Medium,7.2,Clear,Spring,2,8,8.7,Dry Van,0,2,697,70,1515.97,806.2684086,2322.238409,1,0,0,0
SH_152,"Los Angeles, CA","Denver, CO",68.1,13.5,4.63,4.32,Low,9.4,Clear,Fall,3,8,8.2,Tanker,1,2,954,70,2065.41,1022.458333,3087.868333,0,1,0,0
SH_153,"Seattle, WA","Chicago, IL",62.5,18.2,4.46,4.33,High,4.4,Rain,Winter,5,8,1.6,Dry Van,1,2,1993,70,4344.74,2052.836028,6397.576028,0,0,1,0
SH_154,"Dallas, TX","New York, NY",47.7,29.4,3.67,4.73,Medium,8.7,Fog,Winter,6,8,5.0,Tanker,1,1,1576,60,2918.75,1222.816068,4141.566068,1,0,0,0
SH_155,"Chicago, IL","New York, NY",65.2,10.7,4.99,7.9,High,7.9,Rain,Winter,3,8,2.2,Refrigerated,1,2,818,70,1807.78,516.6860759,2324.466076,1,0,0,0
SH_157,"Chicago, IL","New York, NY",66.9,17.6,4.09,6.06,High,7.5,Storm,Spring,3,8,4.9,Tanker,1,2,818,70,1807.78,552.0825083,2359.862508,0,0,0,1
SH_158,"Atlanta, GA","Denver, CO",71.5,15.5,3.55,6.37,Medium,9.5,Fog,Fall,4,8,4.7,Flatbed,1,3,1392,80,3744.48,775.7613815,4520.241381,0,0,1,0
SH_159,"Denver, CO","Miami, FL",48.3,24.4,3.81,6.41,Medium,7.8,Snow,Spring,6,8,4.1,Tanker,0,1,1984,60,3666.43,1179.25741,4845.68741,0,0,0,1
SH_160,"Chicago, IL","New York, NY",55.3,7.4,3.81,6.37,Medium,7.5,Clear,Summer,2,8,1.0,Refrigerated,0,1,818,60,1537.02,489.2590267,2026.279027,0,1,0,0
SH_161,"New York, NY","Seattle, WA",50.9,15.0,4.72,4.04,Medium,7.5,Clear,Fall,8,8,9.7,Dry Van,1,1,2762,60,5140.08,3226.891089,8366.971089,1,0,0,0
SH_162,"Dallas, TX","Houston, TX",48.3,6.8,3.34,6.08,Medium,6.0,Snow,Winter,1,8,4.5,Refrigerated,0,1,259,60,470.34,142.2796053,612.6196053,0,0,0,1
SH_163,"Phoenix, AZ","Atlanta, GA",73.2,11.3,3.72,5.52,Medium,7.6,Storm,Summer,5,8,4.7,Flatbed,1,3,1827,80,4914.63,1231.23913,6145.86913,0,0,0,1
SH_164,"New York, NY","Atlanta, GA",68.2,19.6,4.74,4.82,High,4.7,Storm,Winter,2,8,0.6,Dry Van,0,2,858,70,1874.73,843.7593361,2718.489336,0,1,0,0
SH_165,"Los Angeles, CA","Houston, TX",72.8,6.0,3.24,5.81,Medium,9.6,Snow,Summer,3,8,5.1,Flatbed,0,3,1577,80,4264.21,879.4285714,5143.638571,0,0,1,0
SH_166,"Los Angeles, CA","Denver, CO",45.2,29.7,4.93,4.02,Low,9.7,Clear,Winter,4,8,8.7,Refrigerated,1,1,954,60,1754.41,1169.955224,2924.365224,0,1,0,0
SH_167,"Denver, CO","Phoenix, AZ",58.0,17.2,4.33,4.56,Low,4.2,Snow,Summer,2,8,9.4,Dry Van,0,1,673,60,1228.23,639.0548246,1867.284825,0,0,1,0
SH_168,"Dallas, TX","Los Angeles, CA",45.7,9.7,4.46,4.62,High,5.4,Clear,Winter,5,8,6.9,Dry Van,1,1,1423,60,2609.78,1373.718615,3983.498615,1,0,0,0
SH_169,"Denver, CO","Phoenix, AZ",73.1,22.1,3.99,6.47,Medium,9.2,Fog,Summer,2,8,0.3,Refrigerated,0,3,673,80,1810.37,415.0340031,2225.404003,0,0,0,1
SH_170,"Miami, FL","Denver, CO",64.1,21.9,3.43,6.64,Medium,6.4,Storm,Fall,4,8,1.1,Dry Van,0,2,1984,70,4315.2,1024.86747,5340.06747,1,0,0,0
SH_171,"Atlanta, GA","Denver, CO",75.0,6.2,4.95,5.63,Low,9.2,Clear,Spring,3,8,5.7,Dry Van,0,3,1392,80,3744.48,1223.872114,4968.352114,0,0,0,1
SH_172,"Los Angeles, CA","Houston, TX",70.7,15.1,3.65,6.67,Medium,8.8,Clear,Winter,4,8,8.0,Tanker,1,3,1577,80,4264.21,862.976012,5127.186012,0,0,1,0
SH_173,"Los Angeles, CA","New York, NY",68.6,8.0,4.09,4.02,High,5.9,Rain,Summer,7,8,7.0,Flatbed,1,2,2812,70,6186.4,2860.965174,9047.365174,0,1,0,0
SH_174,"Dallas, TX","Denver, CO",55.7,10.9,3.75,4.91,Medium,4.4,Clear,Summer,3,8,6.7,Tanker,1,1,762,60,1387.6,581.9755601,1969.57556,0,1,0,0
SH_175,"Denver, CO","Houston, TX",56.2,14.5,4.73,6.08,Medium,6.9,Clear,Summer,4,8,3.4,Refrigerated,1,1,1010,60,1839.21,785.7401316,2624.950132,0,0,0,1
SH_176,"Miami, FL","Chicago, IL",54.0,19.5,4.07,6.43,Low,8.6,Rain,Fall,4,8,7.2,Tanker,0,1,1370,60,2561.9,867.1695179,3429.069518,0,0,1,0
SH_177,"Denver, CO","Houston, TX",40.6,9.9,3.02,6.59,Medium,9.4,Rain,Summer,4,8,9.3,Refrigerated,0,1,1010,60,1839.21,462.8528073,2302.062807,1,0,0,0
SH_178,"Seattle, WA","Chicago, IL",72.7,13.8,3.2,5.94,High,5.5,Rain,Summer,4,8,3.1,Dry Van,0,3,1993,80,5444.88,1073.670034,6518.550034,1,0,0,0
SH_179,"Atlanta, GA","Chicago, IL",58.9,12.8,4.22,6.86,Medium,5.6,Rain,Spring,2,8,1.2,Refrigerated,0,1,677,60,1251.1,416.4635569,1667.563557,1,0,0,0
SH_180,"Los Angeles, CA","Phoenix, AZ",63.8,9.5,4.05,6.84,High,4.6,Storm,Fall,2,8,4.2,Dry Van,1,2,410,70,887.65,242.7631579,1130.413158,1,0,0,0
SH_181,"Los Angeles, CA","Phoenix, AZ",68.6,14.3,4.05,4.45,Medium,4.0,Fog,Summer,1,8,5.2,Dry Van,0,2,410,70,887.65,373.1460674,1260.796067,0,0,1,0
SH_182,"Miami, FL","Seattle, WA",67.8,21.2,3.35,5.44,Medium,9.4,Fog,Fall,6,8,5.6,Flatbed,0,2,3141,70,6847.38,1934.255515,8781.635515,0,1,0,0
SH_183,"Miami, FL","Houston, TX",50.6,23.3,4.7,6.69,High,8.9,Clear,Fall,3,8,1.5,Tanker,0,1,1112,60,2049.42,781.22571,2830.64571,1,0,0,0
SH_184,"Phoenix, AZ","Atlanta, GA",45.4,10.9,4.74,5.89,High,7.2,Fog,Spring,7,8,3.1,Flatbed,1,1,1827,60,3334.28,1470.285229,4804.565229,1,0,0,0
SH_185,"Chicago, IL","Miami, FL",47.2,20.9,3.51,6.53,Low,4.4,Storm,Spring,4,8,2.7,Flatbed,0,1,1370,60,2561.9,736.4012251,3298.301225,0,0,1,0
SH_186,"Phoenix, AZ","New York, NY",63.7,16.1,3.89,6.9,High,4.1,Storm,Spring,6,8,8.2,Dry Van,1,2,2461,70,5377.29,1387.433333,6764.723333,0,1,0,0
SH_187,"Houston, TX","Denver, CO",51.8,27.6,4.55,5.06,Medium,7.9,Storm,Winter,3,8,4.0,Dry Van,0,1,1010,60,1839.21,908.201581,2747.411581,0,0,0,1
SH_188,"Miami, FL","Chicago, IL",52.0,20.4,3.88,7.33,High,8.0,Fog,Summer,4,8,8.8,Dry Van,0,1,1370,60,2561.9,725.1841746,3287.084175,0,0,0,1
SH_189,"Miami, FL","Chicago, IL",58.7,13.1,3.67,6.68,High,10.0,Rain,Summer,4,8,5.6,Dry Van,1,1,1370,60,2561.9,752.6796407,3314.579641,0,1,0,0
SH_190,"Los Angeles, CA","Chicago, IL",56.3,6.5,4.12,7.83,High,5.1,Fog,Summer,5,8,5.4,Refrigerated,0,1,2004,60,3729.44,1054.467433,4783.907433,0,1,0,0
SH_191,"Denver, CO","Seattle, WA",55.8,23.9,3.7,6.66,Low,8.8,Snow,Summer,3,8,9.7,Refrigerated,0,1,1172,60,2144.76,651.1111111,2795.871111,0,1,0,0
SH_192,"Miami, FL","Phoenix, AZ",65.8,24.2,3.49,6.69,Low,4.6,Rain,Spring,6,8,7.9,Flatbed,1,2,2276,70,4950.3,1187.330344,6137.630344,0,0,0,1
SH_193,"Chicago, IL","Seattle, WA",61.3,17.7,3.32,4.25,High,4.7,Storm,Winter,5,8,3.4,Dry Van,0,2,1993,70,4344.74,1556.884706,5901.624706,1,0,0,0
SH_194,"New York, NY","Denver, CO",52.1,11.0,4.02,7.3,Low,5.7,Rain,Spring,5,8,5.2,Tanker,0,1,1872,60,3474.43,1030.882192,4505.312192,0,0,0,1
SH_195,"Denver, CO","Miami, FL",57.4,29.8,4.7,4.83,High,9.6,Rain,Fall,6,8,6.3,Dry Van,1,1,1984,60,3666.43,1930.600414,5597.030414,0,0,0,1
SH_196,"Atlanta, GA","Seattle, WA",58.6,23.0,3.28,4.85,Medium,8.9,Fog,Spring,7,8,1.7,Dry Van,1,1,2505,60,4584.15,1694.103093,6278.253093,0,1,0,0
SH_197,"Phoenix, AZ","Houston, TX",52.1,29.4,4.28,7.29,High,4.8,Storm,Fall,3,8,9.2,Refrigerated,0,1,1166,60,2123.29,684.5651578,2807.855158,0,1,0,0
SH_198,"New York, NY","Los Angeles, CA",61.2,24.1,3.35,6.01,Low,6.4,Fog,Summer,6,8,3.7,Flatbed,0,2,2812,70,6186.4,1567.420965,7753.820965,0,0,0,1
SH_199,"Houston, TX","Chicago, IL",40.9,8.4,4.93,6.2,Medium,9.8,Fog,Spring,4,8,2.8,Tanker,0,1,1083,60,1995.97,861.1596774,2857.129677,0,0,0,1
SH_200,"Atlanta, GA","Phoenix, AZ",40.0,5.4,4.21,5.46,Low,6.3,Fog,Winter,7,8,1.9,Tanker,1,1,1827,60,3334.28,1408.730769,4743.010769,0,0,0,1
SH_201,"Atlanta, GA","Denver, CO",57.0,23.9,4.24,5.19,Medium,6.6,Rain,Winter,4,8,0.7,Dry Van,0,1,1392,60,2540.4,1137.202312,3677.602312,1,0,0,0
SH_202,"Miami, FL","Los Angeles, CA",49.3,9.4,4.38,6.47,Low,7.8,Snow,Fall,8,8,2.3,Refrigerated,1,1,2686,60,4998.65,1818.343122,6816.993122,1,0,0,0
SH_203,"Phoenix, AZ","Dallas, TX",46.1,21.4,4.7,6.9,Low,8.8,Snow,Spring,4,8,5.3,Refrigerated,1,1,1017,60,1851.96,692.7391304,2544.69913,0,0,0,1
SH_204,"Chicago, IL","Houston, TX",46.2,14.7,4.93,4.99,Medium,4.8,Clear,Winter,4,8,7.9,Refrigerated,1,1,1083,60,1995.97,1069.977956,3065.947956,1,0,0,0
SH_205,"New York, NY","Phoenix, AZ",63.8,9.7,4.24,5.29,Low,9.0,Fog,Winter,5,8,8.0,Refrigerated,0,2,2461,70,5377.29,1972.521739,7349.811739,0,0,0,1
SH_206,"Houston, TX","Denver, CO",57.1,7.7,4.1,5.82,High,9.1,Snow,Spring,3,8,4.9,Tanker,0,1,1010,60,1839.21,711.5120275,2550.722027,0,0,0,1
SH_207,"Chicago, IL","Seattle, WA",51.4,23.4,3.95,5.5,Low,6.4,Storm,Winter,6,8,7.9,Tanker,1,1,1993,60,3691.04,1431.336364,5122.376364,0,1,0,0
SH_208,"Dallas, TX","Denver, CO",73.4,24.7,3.63,6.75,Medium,6.6,Clear,Summer,3,8,9.3,Flatbed,1,3,762,80,2044.45,409.7866667,2454.236667,1,0,0,0
SH_209,"Atlanta, GA","Chicago, IL",67.3,25.6,3.99,5.55,High,6.7,Snow,Spring,3,8,8.9,Flatbed,1,2,677,70,1472.47,486.7081081,1959.178108,0,0,1,0
SH_210,"Seattle, WA","Miami, FL",70.9,7.6,4.98,5.77,Low,4.3,Fog,Fall,6,8,7.5,Refrigerated,0,3,3141,80,8581.21,2710.94974,11292.15974,1,0,0,0
SH_211,"Chicago, IL","Phoenix, AZ",68.1,7.6,3.07,6.03,Medium,6.3,Rain,Winter,4,8,9.7,Refrigerated,0,2,1670,70,3632.25,850.2321725,4482.482172,1,0,0,0
SH_212,"Miami, FL","Houston, TX",67.4,13.9,3.82,6.2,Medium,9.0,Storm,Fall,3,8,4.2,Dry Van,0,2,1112,70,2413.04,685.1354839,3098.175484,0,1,0,0
SH_213,"Atlanta, GA","Houston, TX",58.0,27.5,4.56,4.91,Low,9.9,Snow,Summer,3,8,1.2,Flatbed,1,1,806,60,1467.73,748.5458248,2216.275825,0,0,0,1
SH_214,"Denver, CO","New York, NY",67.1,21.1,4.06,4.17,Medium,9.8,Fog,Summer,5,8,2.9,Refrigerated,1,2,1872,70,4090.32,1822.618705,5912.938705,0,0,1,0
SH_215,"Phoenix, AZ","Miami, FL",61.1,19.6,4.5,7.25,Medium,7.9,Clear,Fall,6,8,6.0,Flatbed,1,2,2276,70,4950.3,1412.689655,6362.989655,0,0,0,1
SH_216,"New York, NY","Los Angeles, CA",53.2,18.8,3.78,4.65,Medium,5.6,Snow,Winter,8,8,6.8,Flatbed,1,1,2812,60,5258.44,2285.883871,7544.323871,0,0,1,0
SH_217,"Houston, TX","New York, NY",40.4,29.8,4.34,5.27,High,9.3,Fog,Spring,7,8,2.5,Tanker,1,1,1630,60,3018.76,1342.352941,4361.112941,1,0,0,0
SH_218,"Phoenix, AZ","Dallas, TX",56.1,26.0,4.46,7.11,Medium,7.9,Storm,Fall,3,8,9.8,Dry Van,0,1,1017,60,1851.96,637.9493671,2489.909367,0,1,0,0
SH_219,"Chicago, IL","Denver, CO",41.5,9.1,3.26,6.9,High,8.9,Rain,Winter,5,8,8.4,Refrigerated,1,1,1056,60,1951.49,498.9217391,2450.411739,0,0,0,1
SH_220,"Dallas, TX","Los Angeles, CA",59.0,19.8,4.02,5.19,Low,7.4,Snow,Summer,4,8,6.4,Tanker,0,1,1423,60,2609.78,1102.208092,3711.988092,0,1,0,0
SH_221,"New York, NY","Los Angeles, CA",45.6,16.5,3.02,4.99,Medium,8.4,Snow,Summer,8,8,1.0,Tanker,0,1,2812,60,5258.44,1701.851703,6960.291703,0,0,0,1
SH_222,"New York, NY","Los Angeles, CA",68.0,10.1,4.11,6.93,Medium,7.7,Fog,Summer,6,8,3.8,Dry Van,0,2,2812,70,6186.4,1667.722944,7854.122944,0,1,0,0
SH_223,"Chicago, IL","Dallas, TX",58.3,26.2,4.68,7.33,Low,4.1,Fog,Fall,3,8,7.6,Flatbed,1,1,925,60,1704.77,590.5866303,2295.35663,1,0,0,0
SH_224,"Houston, TX","Phoenix, AZ",66.5,26.0,3.94,6.01,High,4.7,Snow,Fall,3,8,7.8,Refrigerated,0,2,1166,70,2501.07,764.3993344,3265.469334,0,0,0,1
SH_225,"Los Angeles, CA","Chicago, IL",44.8,21.6,3.0,4.71,Low,4.2,Fog,Winter,7,8,7.9,Dry Van,1,1,2004,60,3729.44,1276.433121,5005.873121,0,1,0,0
SH_226,"Chicago, IL","Seattle, WA",60.6,17.0,4.28,4.26,Medium,7.5,Snow,Spring,6,8,5.6,Refrigerated,1,2,1993,70,4344.74,2002.356808,6347.096808,0,0,1,0
SH_227,"Seattle, WA","Atlanta, GA",63.7,25.1,3.54,7.3,Low,7.0,Rain,Spring,5,8,7.0,Tanker,0,2,2505,70,5398.28,1214.753425,6613.033425,0,0,1,0
SH_228,"Miami, FL","Seattle, WA",74.4,10.2,4.65,6.08,Medium,6.2,Fog,Spring,6,8,4.3,Flatbed,0,3,3141,80,8581.21,2402.245066,10983.45507,0,1,0,0
SH_229,"Houston, TX","Denver, CO",47.7,20.0,4.47,7.99,High,9.6,Fog,Fall,3,8,6.4,Tanker,0,1,1010,60,1839.21,565.0438048,2404.253805,1,0,0,0
SH_230,"Los Angeles, CA","Miami, FL",46.2,22.1,4.98,6.99,Low,8.4,Fog,Fall,8,8,5.7,Dry Van,0,1,2686,60,4998.65,1913.630901,6912.280901,1,0,0,0
SH_231,"Seattle, WA","Los Angeles, CA",45.8,22.5,4.17,6.35,Medium,8.2,Storm,Winter,4,8,0.6,Flatbed,0,1,1104,60,2034.67,724.9889764,2759.658976,0,0,0,1
SH_232,"Houston, TX","Los Angeles, CA",47.9,14.4,3.92,5.92,Medium,6.6,Rain,Summer,5,8,1.3,Dry Van,0,1,1577,60,2892.22,1044.22973,3936.44973,0,0,1,0
SH_233,"Houston, TX","Atlanta, GA",65.5,17.4,3.87,6.92,High,8.6,Snow,Spring,2,8,6.1,Dry Van,0,2,806,70,1728.87,450.7543353,2179.624335,0,0,1,0
SH_234,"Seattle, WA","Los Angeles, CA",66.3,21.4,4.91,4.28,High,4.3,Rain,Spring,3,8,2.8,Dry Van,0,2,1104,70,2395.68,1266.504673,3662.184673,0,0,1,0
SH_235,"Dallas, TX","Chicago, IL",67.5,29.4,3.74,5.72,High,9.1,Storm,Summer,3,8,1.6,Refrigerated,1,2,925,70,2007.25,604.8076923,2612.057692,0,0,0,1
SH_236,"New York, NY","Dallas, TX",41.6,20.5,4.12,5.38,High,5.9,Storm,Summer,6,8,9.0,Dry Van,1,1,1576,60,2918.75,1206.899628,4125.649628,0,0,0,1
SH_237,"Atlanta, GA","Denver, CO",63.2,29.1,4.12,7.75,Medium,4.3,Clear,Winter,4,8,6.2,Refrigerated,1,2,1392,70,2992.8,740.0051613,3732.805161,0,0,0,1
SH_238,"Denver, CO","Phoenix, AZ",74.3,8.6,4.45,4.76,Low,6.0,Snow,Spring,3,8,9.5,Dry Van,1,3,673,80,1810.37,629.1701681,2439.540168,0,1,0,0
SH_239,"Miami, FL","Denver, CO",46.4,5.6,4.44,5.67,Medium,4.5,Storm,Winter,6,8,5.5,Dry Van,0,1,1984,60,3666.43,1553.608466,5220.038466,0,0,1,0
SH_240,"Phoenix, AZ","Chicago, IL",48.0,15.1,4.09,7.17,Medium,7.3,Rain,Spring,5,8,2.3,Flatbed,0,1,1670,60,3086.16,952.6220363,4038.782036,0,1,0,0
SH_241,"Houston, TX","Denver, CO",55.0,8.5,4.33,4.86,Medium,4.6,Rain,Spring,4,8,7.5,Dry Van,1,1,1010,60,1839.21,899.8559671,2739.065967,1,0,0,0
SH_242,"Atlanta, GA","Los Angeles, CA",67.5,7.8,3.71,7.91,High,8.8,Fog,Fall,6,8,3.4,Dry Van,1,2,2223,70,4812.8,1042.646018,5855.446018,0,1,0,0
SH_243,"Dallas, TX","Chicago, IL",59.1,24.0,4.51,4.07,High,4.8,Fog,Spring,3,8,8.7,Refrigerated,1,1,925,60,1704.77,1025.0,2729.77,0,1,0,0
SH_244,"Dallas, TX","New York, NY",55.8,29.6,4.54,4.11,Medium,4.4,Storm,Fall,4,8,2.8,Dry Van,0,1,1576,60,2918.75,1740.885645,4659.635645,0,0,0,1
SH_245,"Chicago, IL","Denver, CO",67.9,14.3,3.9,5.59,Medium,4.6,Snow,Fall,2,8,2.0,Dry Van,0,2,1056,70,2296.8,736.744186,3033.544186,0,0,0,1
SH_246,"Denver, CO","Dallas, TX",43.3,13.9,4.51,5.11,High,5.9,Rain,Summer,3,8,2.0,Dry Van,0,1,762,60,1387.6,672.5283757,2060.128376,1,0,0,0
SH_247,"Denver, CO","Seattle, WA",58.2,16.2,4.12,4.66,High,7.7,Snow,Winter,3,8,2.8,Refrigerated,0,1,1172,60,2144.76,1036.188841,3180.948841,0,1,0,0
SH_248,"Denver, CO","Miami, FL",44.9,10.1,3.37,7.58,High,7.9,Snow,Spring,7,8,8.0,Refrigerated,1,1,1984,60,3666.43,882.0686016,4548.498602,1,0,0,0
SH_249,"Seattle, WA","Dallas, TX",70.0,7.9,4.48,5.28,Low,9.9,Rain,Summer,5,8,6.7,Tanker,1,2,1932,70,4153.8,1639.272727,5793.072727,0,0,0,1
SH_250,"Los Angeles, CA","Seattle, WA",45.8,27.0,3.85,4.65,Medium,4.1,Storm,Summer,5,8,5.3,Refrigerated,1,1,1104,60,2034.67,914.0645161,2948.734516,0,0,1,0
SH_251,"New York, NY","Houston, TX",71.2,7.0,4.46,4.75,Medium,9.1,Storm,Fall,4,8,5.4,Dry Van,1,3,1630,80,4453.16,1530.484211,5983.644211,0,0,1,0
SH_252,"Dallas, TX","Miami, FL",51.0,16.8,4.64,5.84,High,6.1,Clear,Fall,4,8,8.3,Dry Van,0,1,1277,60,2353.51,1014.60274,3368.11274,0,0,0,1
SH_253,"New York, NY","Phoenix, AZ",46.1,22.8,4.65,4.4,High,5.4,Storm,Spring,8,8,3.5,Flatbed,1,1,2461,60,4567.62,2600.829545,7168.449545,0,0,1,0
SH_254,"Los Angeles, CA","Seattle, WA",66.2,21.3,4.24,5.41,High,9.0,Storm,Fall,3,8,1.3,Refrigerated,0,2,1104,70,2395.68,865.2421442,3260.922144,1,0,0,0
SH_255,"Dallas, TX","Chicago, IL",51.4,22.2,3.14,4.7,Low,9.1,Fog,Summer,3,8,0.7,Tanker,0,1,925,60,1704.77,617.9787234,2322.748723,0,0,0,1
SH_256,"Denver, CO","Atlanta, GA",51.9,26.7,3.43,5.44,High,4.4,Storm,Fall,4,8,4.1,Flatbed,0,1,1392,60,2540.4,877.6764706,3418.076471,0,0,1,0
SH_257,"Seattle, WA","Atlanta, GA",71.6,10.8,4.61,4.24,Medium,9.4,Fog,Fall,5,8,8.7,Dry Van,0,3,2505,80,6755.98,2723.596698,9479.576698,0,0,1,0
SH_258,"Phoenix, AZ","Seattle, WA",45.9,14.7,3.76,4.91,High,6.3,Snow,Summer,4,8,9.8,Tanker,0,1,1282,60,2346.06,981.7352342,3327.795234,0,0,0,1
SH_259,"Atlanta, GA","Houston, TX",54.8,6.1,4.48,7.67,Medium,5.7,Rain,Summer,2,8,9.7,Dry Van,0,1,806,60,1467.73,470.779661,1938.509661,0,0,0,1
SH_260,"Phoenix, AZ","Miami, FL",64.5,26.0,4.96,6.49,Medium,7.4,Storm,Summer,5,8,2.8,Dry Van,0,2,2276,70,4950.3,1739.439137,6689.739137,0,0,0,1
SH_261,"New York, NY","Seattle, WA",43.9,22.6,4.08,4.39,Medium,5.5,Snow,Spring,8,8,2.8,Dry Van,0,1,2762,60,5140.08,2566.961276,7707.041276,0,0,1,0
SH_262,"Houston, TX","Chicago, IL",42.6,10.7,4.46,6.4,Medium,4.4,Snow,Fall,4,8,6.7,Refrigerated,0,1,1083,60,1995.97,754.715625,2750.685625,0,0,0,1
SH_263,"Seattle, WA","Houston, TX",71.2,9.6,3.16,4.96,High,8.8,Snow,Spring,4,8,10.0,Flatbed,0,3,2173,80,5845.37,1384.41129,7229.78129,0,0,0,1
SH_264,"Atlanta, GA","Dallas, TX",58.3,6.6,4.66,6.4,High,4.7,Rain,Spring,2,8,0.3,Flatbed,0,1,828,60,1507.79,602.8875,2110.6775,0,1,0,0
SH_265,"Denver, CO","Miami, FL",42.3,28.9,3.05,6.78,Medium,4.5,Clear,Spring,6,8,4.6,Flatbed,0,1,1984,60,3666.43,892.5073746,4558.937375,1,0,0,0
SH_266,"Denver, CO","Phoenix, AZ",51.9,9.1,3.34,7.79,High,6.7,Rain,Summer,3,8,6.4,Dry Van,1,1,673,60,1228.23,288.5519897,1516.78199,0,0,1,0
SH_267,"Dallas, TX","Chicago, IL",44.6,10.9,4.57,7.88,High,5.6,Rain,Winter,4,8,4.7,Refrigerated,1,1,925,60,1704.77,536.4530457,2241.223046,0,0,0,1
SH_268,"Los Angeles, CA","Dallas, TX",49.4,15.2,4.78,4.01,Medium,4.2,Rain,Summer,4,8,9.1,Flatbed,0,1,1423,60,2609.78,1696.244389,4306.024389,0,0,0,1
SH_269,"Houston, TX","Chicago, IL",56.4,16.3,3.95,6.49,Medium,6.8,Fog,Fall,4,8,5.9,Refrigerated,1,1,1083,60,1995.97,659.1448382,2655.114838,1,0,0,0
SH_270,"Houston, TX","Atlanta, GA",69.9,6.2,4.67,7.38,Medium,5.7,Rain,Fall,2,8,4.4,Dry Van,0,2,806,70,1728.87,510.0298103,2238.89981,0,0,1,0
SH_271,"Dallas, TX","Miami, FL",53.9,6.1,3.56,7.27,High,5.7,Rain,Spring,4,8,5.3,Tanker,1,1,1277,60,2353.51,625.3259972,2978.835997,1,0,0,0
SH_272,"Seattle, WA","Miami, FL",60.1,5.7,4.35,4.18,Medium,6.7,Clear,Spring,8,8,4.2,Refrigerated,1,2,3141,70,6847.38,3268.744019,10116.12402,0,0,1,0
SH_273,"Miami, FL","Atlanta, GA",71.8,22.9,4.22,5.24,Medium,8.9,Fog,Spring,3,8,8.2,Tanker,1,3,697,80,1899.33,561.3244275,2460.654427,0,0,1,0
SH_274,"Miami, FL","Houston, TX",62.3,6.3,3.52,4.24,High,7.6,Storm,Winter,4,8,1.1,Dry Van,1,2,1112,70,2413.04,923.1698113,3336.209811,0,0,1,0
SH_275,"Atlanta, GA","Dallas, TX",56.0,14.2,3.24,5.68,Low,8.5,Fog,Summer,3,8,0.8,Refrigerated,1,1,828,60,1507.79,472.3098592,1980.099859,0,1,0,0
SH_276,"Seattle, WA","Houston, TX",73.0,21.7,4.36,5.45,Low,7.6,Snow,Summer,4,8,9.1,Refrigerated,0,3,2173,80,5845.37,1738.4,7583.77,0,0,1,0
SH_277,"Los Angeles, CA","Phoenix, AZ",70.6,23.1,3.24,7.61,Medium,4.4,Storm,Summer,2,8,0.1,Tanker,1,3,410,80,1111.51,174.5597898,1286.06979,1,0,0,0
SH_278,"Seattle, WA","Atlanta, GA",50.3,17.2,4.15,4.17,High,4.7,Storm,Winter,8,8,3.4,Tanker,1,1,2505,60,4584.15,2492.985612,7077.135612,0,0,0,1
SH_279,"Chicago, IL","New York, NY",62.8,26.1,4.38,5.72,High,8.0,Storm,Spring,2,8,3.1,Refrigerated,0,2,818,70,1807.78,626.3706294,2434.150629,0,1,0,0
SH_281,"Dallas, TX","Phoenix, AZ",53.0,5.7,3.79,6.1,High,7.1,Fog,Fall,4,8,1.4,Flatbed,1,1,1017,60,1851.96,631.8737705,2483.83377,0,0,0,1
SH_282,"Houston, TX","Dallas, TX",52.1,8.9,3.05,6.58,Medium,7.8,Clear,Spring,1,8,6.8,Flatbed,0,1,259,60,470.34,120.0531915,590.3931915,0,0,1,0
SH_283,"Denver, CO","Miami, FL",52.8,10.4,4.98,5.82,Low,8.1,Storm,Winter,6,8,2.3,Flatbed,1,1,1984,60,3666.43,1697.649485,5364.079485,1,0,0,0
SH_284,"Dallas, TX","Houston, TX",58.6,8.4,3.2,4.84,Low,9.6,Rain,Fall,2,8,3.1,Dry Van,1,1,259,60,470.34,171.2396694,641.5796694,0,1,0,0
SH_285,"Phoenix, AZ","Denver, CO",57.1,8.3,4.67,5.48,Low,6.2,Storm,Spring,2,8,4.4,Dry Van,0,1,673,60,1228.23,573.5237226,1801.753723,0,0,0,1
SH_286,"Los Angeles, CA","Seattle, WA",59.1,7.2,4.21,4.61,High,4.2,Rain,Spring,3,8,9.8,Flatbed,0,1,1104,60,2034.67,1008.208243,3042.878243,1,0,0,0
SH_287,"Houston, TX","Phoenix, AZ",58.6,9.2,3.49,7.35,High,6.1,Storm,Fall,3,8,7.1,Tanker,0,1,1166,60,2123.29,553.6517007,2676.941701,0,1,0,0
SH_288,"Atlanta, GA","Phoenix, AZ",57.8,21.9,3.47,7.32,Low,7.3,Snow,Spring,4,8,5.8,Flatbed,0,1,1827,60,3334.28,866.0778689,4200.357869,0,0,1,0
SH_289,"Denver, CO","Dallas, TX",45.3,25.4,3.41,7.13,Low,8.4,Clear,Winter,4,8,3.3,Flatbed,1,1,762,60,1387.6,364.4347826,1752.034783,0,0,0,1
SH_290,"New York, NY","Dallas, TX",56.2,23.3,3.3,7.41,High,8.3,Clear,Fall,4,8,1.3,Tanker,0,1,1576,60,2918.75,701.8623482,3620.612348,0,0,0,1
SH_291,"Seattle, WA","Atlanta, GA",61.0,13.8,3.92,4.15,Low,8.5,Storm,Summer,7,8,0.6,Refrigerated,1,2,2505,70,5398.28,2366.168675,7764.448675,1,0,0,0
SH_292,"New York, NY","Miami, FL",56.3,5.9,4.94,7.8,Medium,7.1,Rain,Spring,4,8,4.9,Tanker,1,1,1256,60,2360.02,795.4666667,3155.486667,1,0,0,0
SH_293,"Houston, TX","Dallas, TX",57.2,18.1,4.13,5.76,High,7.6,Rain,Fall,1,8,5.8,Tanker,0,1,259,60,470.34,185.7065972,656.0465972,0,0,0,1
SH_294,"Miami, FL","Denver, CO",74.3,15.2,4.66,7.06,Medium,7.4,Fog,Fall,5,8,10.0,Refrigerated,1,3,1984,80,5406.4,1309.552408,6715.952408,0,1,0,0
SH_295,"Denver, CO","Los Angeles, CA",40.1,21.0,3.6,4.96,Medium,5.9,Rain,Spring,3,8,0.3,Dry Van,0,1,954,60,1754.41,692.4193548,2446.829355,0,0,1,0
SH_296,"Phoenix, AZ","Dallas, TX",47.7,23.4,4.53,7.72,Medium,4.2,Fog,Spring,3,8,5.3,Tanker,0,1,1017,60,1851.96,596.7629534,2448.722953,0,0,1,0
SH_297,"Houston, TX","Atlanta, GA",62.6,25.5,3.67,6.93,High,7.2,Clear,Fall,2,8,2.0,Dry Van,0,2,806,70,1728.87,426.8427128,2155.712713,1,0,0,0
SH_298,"Seattle, WA","Atlanta, GA",43.1,5.1,3.09,5.37,Medium,7.8,Fog,Winter,8,8,7.5,Flatbed,0,1,2505,60,4584.15,1441.424581,6025.574581,0,0,0,1
SH_299,"New York, NY","Seattle, WA",63.0,24.2,4.69,6.45,Medium,4.5,Rain,Summer,6,8,0.8,Dry Van,0,2,2762,70,6048.78,2008.337984,8057.117984,1,0,0,0
SH_300,"Atlanta, GA","New York, NY",54.2,6.7,3.7,4.44,Low,8.8,Fog,Spring,3,8,9.6,Refrigerated,1,1,858,60,1592.45,715.0,2307.45,0,1,0,0
SH_301,"Atlanta, GA","Seattle, WA",50.5,6.9,4.0,7.18,Medium,8.2,Fog,Fall,8,8,7.1,Dry Van,1,1,2505,60,4584.15,1395.543175,5979.693175,0,0,1,0
SH_302,"Houston, TX","Miami, FL",47.4,26.6,3.8,5.17,Medium,4.9,Fog,Winter,4,8,0.2,Tanker,1,1,1112,60,2049.42,817.3307544,2866.750754,0,1,0,0
SH_303,"Atlanta, GA","Miami, FL",69.5,18.7,3.44,4.13,Medium,5.3,Clear,Spring,2,8,7.6,Refrigerated,0,2,697,70,1515.97,580.5520581,2096.522058,0,0,0,1
SH_304,"Houston, TX","Seattle, WA",65.2,26.7,3.91,7.29,High,7.3,Fog,Summer,5,8,5.3,Refrigerated,0,2,2173,70,4671.95,1165.491084,5837.441084,1,0,0,0
SH_305,"Miami, FL","Atlanta, GA",48.2,12.6,3.58,6.25,High,4.7,Rain,Fall,3,8,2.7,Dry Van,1,1,697,60,1288.06,399.2416,1687.3016,1,0,0,0
SH_306,"Phoenix, AZ","New York, NY",49.9,8.3,4.26,4.22,Low,8.5,Snow,Spring,8,8,1.9,Refrigerated,1,1,2461,60,4567.62,2484.327014,7051.947014,1,0,0,0
SH_307,"Los Angeles, CA","Seattle, WA",65.0,19.8,4.79,6.33,Low,6.8,Storm,Winter,3,8,9.4,Flatbed,0,2,1104,70,2395.68,835.4123223,3231.092322,0,0,1,0
SH_308,"Dallas, TX","Denver, CO",72.6,25.7,3.26,6.26,High,9.2,Rain,Winter,2,8,9.1,Refrigerated,0,3,762,80,2044.45,396.8242812,2441.274281,0,0,1,0
SH_309,"Atlanta, GA","Seattle, WA",54.8,14.4,4.87,6.7,Medium,4.7,Clear,Fall,6,8,5.6,Tanker,0,1,2505,60,4584.15,1820.798507,6404.948507,0,0,0,1
SH_310,"Dallas, TX","Seattle, WA",69.5,21.9,3.28,5.02,Medium,9.3,Clear,Winter,5,8,2.8,Dry Van,1,2,1932,70,4153.8,1262.342629,5416.142629,0,0,1,0
SH_311,"Dallas, TX","Seattle, WA",63.7,28.6,3.54,5.9,High,7.8,Fog,Spring,4,8,1.0,Flatbed,0,2,1932,70,4153.8,1159.2,5313.0,0,0,0,1
SH_312,"Seattle, WA","Los Angeles, CA",53.5,26.6,3.95,4.44,Low,7.8,Storm,Summer,4,8,0.0,Dry Van,1,1,1104,60,2034.67,982.1621622,3016.832162,0,0,0,1
SH_313,"Denver, CO","Chicago, IL",46.5,18.8,3.83,6.88,Medium,6.2,Fog,Spring,4,8,7.3,Refrigerated,1,1,1056,60,1951.49,587.8604651,2539.350465,1,0,0,0
SH_314,"Chicago, IL","Dallas, TX",67.9,23.9,3.07,5.58,Medium,9.6,Fog,Fall,2,8,7.4,Tanker,0,2,925,70,2007.25,508.9157706,2516.165771,0,0,1,0
SH_315,"Dallas, TX","Los Angeles, CA",41.8,22.1,3.94,6.32,Medium,4.5,Fog,Summer,5,8,0.6,Flatbed,0,1,1423,60,2609.78,887.1234177,3496.903418,1,0,0,0
SH_316,"Atlanta, GA","New York, NY",58.1,11.7,4.67,4.06,High,6.3,Fog,Summer,2,8,0.2,Flatbed,0,1,858,60,1592.45,986.91133,2579.36133,0,0,1,0
SH_317,"Houston, TX","Seattle, WA",54.5,17.3,3.81,6.12,High,7.6,Clear,Spring,5,8,4.6,Dry Van,0,1,2173,60,3965.72,1352.79902,5318.51902,0,0,1,0
SH_318,"Atlanta, GA","Los Angeles, CA",58.2,21.9,3.62,7.1,Medium,8.6,Clear,Summer,5,8,9.8,Refrigerated,0,1,2223,60,4088.1,1133.416901,5221.516901,0,1,0,0
SH_319,"New York, NY","Denver, CO",40.6,24.3,4.61,4.48,High,5.6,Snow,Fall,6,8,7.7,Refrigerated,0,1,1872,60,3474.43,1926.321429,5400.751429,1,0,0,0
SH_321,"New York, NY","Denver, CO",71.4,24.6,4.56,5.83,Low,6.4,Snow,Fall,4,8,0.7,Tanker,0,3,1872,80,5127.41,1464.205832,6591.615832,0,1,0,0
SH_323,"Atlanta, GA","Chicago, IL",62.8,21.1,4.12,7.11,Medium,5.2,Rain,Fall,3,8,9.0,Refrigerated,1,2,677,70,1472.47,392.2981716,1864.768172,0,0,1,0
SH_324,"Miami, FL","New York, NY",51.0,11.9,4.96,6.11,Low,9.4,Clear,Summer,5,8,9.5,Tanker,1,1,1256,60,2360.02,1019.600655,3379.620655,0,0,1,0
SH_325,"Houston, TX","Chicago, IL",65.4,18.5,3.12,6.76,Low,8.1,Rain,Fall,4,8,5.0,Tanker,1,2,1083,70,2350.11,499.8461538,2849.956154,0,0,0,1
SH_326,"Chicago, IL","Dallas, TX",41.6,15.4,3.6,7.04,Medium,6.1,Storm,Winter,4,8,0.8,Dry Van,1,1,925,60,1704.77,473.0113636,2177.781364,1,0,0,0
SH_327,"Dallas, TX","Houston, TX",68.2,16.5,4.09,5.73,Medium,4.3,Clear,Spring,2,8,4.8,Refrigerated,1,2,259,70,554.26,184.8708551,739.1308551,1,0,0,0
SH_328,"Los Angeles, CA","New York, NY",63.6,8.4,4.99,6.11,Medium,6.4,Snow,Fall,6,8,2.0,Refrigerated,0,2,2812,70,6186.4,2296.543372,8482.943372,0,0,1,0
SH_329,"Los Angeles, CA","Denver, CO",74.8,22.8,4.96,6.28,Medium,5.6,Snow,Fall,3,8,5.9,Flatbed,1,3,954,80,2586.29,753.477707,3339.767707,0,1,0,0
SH_330,"Houston, TX","Atlanta, GA",61.8,29.5,3.38,7.17,High,9.4,Fog,Spring,2,8,9.6,Tanker,0,2,806,70,1728.87,379.9553696,2108.82537,0,1,0,0
SH_331,"Los Angeles, CA","Houston, TX",74.2,23.9,3.32,5.91,Medium,8.3,Snow,Fall,4,8,6.7,Dry Van,1,3,1577,80,4264.21,885.8950931,5150.105093,0,0,1,0
SH_332,"Miami, FL","Denver, CO",59.8,24.3,4.0,4.05,High,4.1,Rain,Summer,5,8,9.3,Dry Van,0,1,1984,60,3666.43,1959.506173,5625.936173,0,0,1,0
SH_333,"Phoenix, AZ","Miami, FL",62.2,10.6,3.64,7.39,Medium,8.4,Snow,Summer,5,8,2.5,Tanker,0,2,2276,70,4950.3,1121.060893,6071.360893,1,0,0,0
SH_334,"Miami, FL","Denver, CO",71.3,5.0,4.8,4.62,Medium,9.9,Snow,Winter,4,8,4.9,Refrigerated,0,3,1984,80,5406.4,2061.298701,7467.698701,1,0,0,0
SH_335,"Seattle, WA","Dallas, TX",56.9,20.9,3.18,4.13,Medium,4.3,Rain,Fall,5,8,2.8,Dry Van,0,1,1932,60,3525.9,1487.59322,5013.49322,0,1,0,0
SH_336,"Denver, CO","Phoenix, AZ",74.7,14.7,4.15,5.66,High,9.1,Snow,Spring,2,8,8.8,Dry Van,0,3,673,80,1810.37,493.4540636,2303.824064,0,1,0,0
SH_337,"Denver, CO","New York, NY",41.0,26.0,4.5,4.91,Medium,9.7,Storm,Fall,7,8,6.8,Tanker,1,1,1872,60,3474.43,1715.682281,5190.112281,0,0,1,0
SH_338,"Seattle, WA","Dallas, TX",55.1,23.0,4.13,5.71,High,6.0,Storm,Winter,5,8,1.4,Flatbed,0,1,1932,60,3525.9,1397.401051,4923.301051,1,0,0,0
SH_339,"Miami, FL","Los Angeles, CA",71.6,26.1,3.8,7.05,High,8.9,Clear,Fall,6,8,5.4,Dry Van,1,3,2686,80,7375.76,1447.77305,8823.53305,0,1,0,0
SH_340,"Chicago, IL","Dallas, TX",48.9,12.4,4.19,4.13,Medium,7.8,Rain,Spring,4,8,9.4,Tanker,1,1,925,60,1704.77,938.4382567,2643.208257,0,0,1,0
SH_341,"Denver, CO","Phoenix, AZ",54.3,25.3,4.67,5.33,High,8.2,Storm,Spring,2,8,6.5,Dry Van,0,1,673,60,1228.23,589.6641651,1817.894165,0,1,0,0
SH_342,"Phoenix, AZ","Chicago, IL",70.7,18.5,3.56,5.7,Medium,4.2,Clear,Winter,4,8,5.3,Refrigerated,1,3,1670,80,4550.75,1043.017544,5593.767544,0,0,1,0
SH_343,"Houston, TX","Miami, FL",42.1,14.1,4.45,4.8,Low,5.2,Storm,Fall,5,8,4.4,Dry Van,1,1,1112,60,2049.42,1030.916667,3080.336667,1,0,0,0
SH_344,"Chicago, IL","Phoenix, AZ",41.8,9.8,3.62,6.93,High,7.8,Fog,Summer,6,8,7.6,Flatbed,1,1,1670,60,3086.16,872.3520924,3958.512092,0,0,1,0
SH_345,"Dallas, TX","Chicago, IL",71.4,25.5,3.51,5.09,Medium,4.8,Clear,Spring,2,8,9.8,Refrigerated,0,3,925,80,2514.15,637.8683694,3152.018369,0,0,0,1
SH_346,"Seattle, WA","Los Angeles, CA",53.8,19.8,4.32,4.31,High,7.3,Fog,Fall,4,8,5.2,Refrigerated,1,1,1104,60,2034.67,1106.561485,3141.231485,0,0,0,1
SH_347,"Los Angeles, CA","New York, NY",62.0,17.0,3.72,7.8,High,7.8,Fog,Fall,6,8,1.0,Flatbed,0,2,2812,70,6186.4,1341.107692,7527.507692,1,0,0,0
SH_348,"Phoenix, AZ","Denver, CO",57.8,14.2,4.87,7.31,Low,8.2,Rain,Spring,2,8,8.0,Dry Van,0,1,673,60,1228.23,448.3597811,1676.589781,0,0,1,0
SH_349,"New York, NY","Chicago, IL",44.4,26.3,3.69,4.12,Low,4.3,Snow,Summer,4,8,2.1,Refrigerated,1,1,818,60,1537.02,732.6262136,2269.646214,0,0,1,0
SH_350,"Chicago, IL","Houston, TX",45.5,8.0,4.53,6.68,Medium,6.6,Storm,Summer,4,8,3.8,Tanker,1,1,1083,60,1995.97,734.4296407,2730.399641,1,0,0,0
SH_351,"New York, NY","Chicago, IL",67.5,23.4,3.77,4.1,Medium,9.0,Fog,Spring,2,8,7.0,Dry Van,0,2,818,70,1807.78,752.1609756,2559.940976,1,0,0,0
SH_352,"Los Angeles, CA","Miami, FL",55.3,10.9,4.41,7.27,Low,7.3,Snow,Winter,8,8,0.5,Refrigerated,1,1,2686,60,4998.65,1629.33425,6627.98425,0,0,1,0
SH_353,"Los Angeles, CA","Seattle, WA",65.1,26.6,3.36,7.2,Medium,7.3,Storm,Spring,4,8,6.8,Tanker,1,2,1104,70,2395.68,515.2,2910.88,1,0,0,0
SH_354,"Los Angeles, CA","Phoenix, AZ",51.1,25.4,4.0,4.28,High,5.9,Rain,Spring,3,8,8.5,Tanker,1,1,410,60,753.99,383.1775701,1137.16757,0,1,0,0
SH_355,"Los Angeles, CA","New York, NY",62.0,11.2,3.33,4.75,Medium,4.1,Storm,Winter,6,8,1.9,Dry Van,0,2,2812,70,6186.4,1971.36,8157.76,0,0,1,0
SH_356,"Phoenix, AZ","Los Angeles, CA",72.7,15.8,4.76,6.42,Medium,5.5,Storm,Fall,2,8,0.8,Tanker,1,3,410,80,1111.51,303.9875389,1415.497539,0,0,0,1
SH_357,"Denver, CO","Phoenix, AZ",63.7,6.8,3.41,5.53,Low,9.9,Clear,Winter,3,8,7.3,Refrigerated,1,2,673,70,1446.95,414.9963834,1861.946383,0,0,0,1
SH_358,"Dallas, TX","Houston, TX",67.3,24.6,4.2,7.96,High,6.0,Snow,Spring,2,8,0.1,Tanker,1,2,259,70,554.26,136.6582915,690.9182915,0,0,1,0
SH_359,"Seattle, WA","New York, NY",74.2,7.6,4.1,7.92,High,7.3,Clear,Summer,5,8,5.8,Dry Van,0,3,2762,80,7584.45,1429.823232,9014.273232,1,0,0,0
SH_360,"Phoenix, AZ","Seattle, WA",58.2,6.9,4.21,6.07,Medium,8.4,Clear,Spring,3,8,5.5,Dry Van,0,1,1282,60,2346.06,889.1630972,3235.223097,0,0,0,1
SH_361,"Phoenix, AZ","Houston, TX",45.0,19.9,3.34,7.7,Low,4.4,Fog,Winter,4,8,7.0,Refrigerated,0,1,1166,60,2123.29,505.7714286,2629.061429,0,0,0,1
SH_362,"New York, NY","Miami, FL",43.2,18.8,4.28,6.82,High,6.2,Fog,Spring,4,8,6.7,Refrigerated,0,1,1256,60,2360.02,788.2228739,3148.242874,0,0,1,0
SH_363,"Atlanta, GA","Dallas, TX",58.4,11.2,3.0,4.7,Medium,4.7,Storm,Summer,3,8,6.1,Refrigerated,1,1,828,60,1507.79,528.5106383,2036.300638,0,0,1,0
SH_364,"Houston, TX","New York, NY",72.9,5.2,4.54,6.5,Medium,6.2,Storm,Winter,4,8,3.9,Refrigerated,1,3,1630,80,4453.16,1138.492308,5591.652308,0,0,0,1
SH_365,"Dallas, TX","Houston, TX",59.0,28.5,3.44,6.9,Low,7.7,Rain,Spring,2,8,6.6,Refrigerated,1,1,259,60,470.34,129.1246377,599.4646377,0,1,0,0
SH_366,"Atlanta, GA","Denver, CO",66.0,13.2,4.78,4.34,Low,8.8,Storm,Summer,4,8,5.1,Tanker,1,2,1392,70,2992.8,1533.124424,4525.924424,1,0,0,0
SH_367,"Phoenix, AZ","Chicago, IL",74.9,10.7,4.09,6.68,Low,8.2,Fog,Summer,4,8,2.0,Dry Van,1,3,1670,80,4550.75,1022.5,5573.25,0,1,0,0
SH_368,"Phoenix, AZ","Miami, FL",65.9,5.3,3.5,4.86,Low,5.6,Clear,Fall,5,8,3.5,Dry Van,0,2,2276,70,4950.3,1639.09465,6589.39465,0,1,0,0
SH_369,"Seattle, WA","Denver, CO",47.5,19.9,4.19,5.49,Medium,6.0,Rain,Fall,5,8,3.8,Dry Van,1,1,1172,60,2144.76,894.4772313,3039.237231,1,0,0,0
SH_370,"Houston, TX","Miami, FL",49.9,24.7,3.79,6.05,High,5.5,Rain,Fall,3,8,7.7,Dry Van,0,1,1112,60,2049.42,696.6082645,2746.028264,0,1,0,0
SH_371,"Dallas, TX","Chicago, IL",47.2,25.0,3.67,7.46,Medium,9.5,Clear,Winter,4,8,0.4,Refrigerated,1,1,925,60,1704.77,455.0603217,2159.830322,0,1,0,0
SH_372,"Phoenix, AZ","Dallas, TX",54.4,26.8,4.28,7.33,Low,7.0,Rain,Summer,4,8,1.4,Refrigerated,1,1,1017,60,1851.96,593.8281037,2445.788104,0,0,1,0
SH_373,"Chicago, IL","Miami, FL",54.7,17.5,4.57,6.4,Low,5.2,Snow,Spring,5,8,4.1,Flatbed,1,1,1370,60,2561.9,978.265625,3540.165625,0,1,0,0
SH_374,"Houston, TX","Atlanta, GA",41.0,10.3,3.56,6.85,High,4.1,Clear,Winter,3,8,9.2,Flatbed,0,1,806,60,1467.73,418.8846715,1886.614672,0,0,0,1
SH_375,"Phoenix, AZ","Chicago, IL",58.1,24.7,4.89,6.99,High,8.3,Rain,Fall,4,8,1.1,Flatbed,0,1,1670,60,3086.16,1168.283262,4254.443262,0,0,1,0
SH_376,"Miami, FL","Chicago, IL",50.8,11.2,4.03,6.14,High,6.1,Rain,Fall,4,8,7.9,Flatbed,0,1,1370,60,2561.9,899.2019544,3461.101954,0,1,0,0
SH_377,"Denver, CO","Chicago, IL",72.0,28.8,3.65,5.42,Low,7.0,Clear,Summer,3,8,8.8,Dry Van,1,3,1056,80,2877.6,711.1439114,3588.743911,0,1,0,0
SH_378,"Los Angeles, CA","Denver, CO",53.7,18.8,4.01,4.78,High,9.2,Rain,Winter,3,8,3.4,Flatbed,0,1,954,60,1754.41,800.3221757,2554.732176,0,0,1,0
SH_379,"Phoenix, AZ","Miami, FL",54.5,5.3,3.59,5.84,Low,6.5,Rain,Fall,6,8,4.9,Tanker,0,1,2276,60,4206.05,1399.116438,5605.166438,0,0,0,1
SH_380,"Chicago, IL","New York, NY",65.9,26.6,4.06,7.16,Low,5.8,Storm,Fall,3,8,3.5,Dry Van,1,2,818,70,1807.78,463.8379888,2271.617989,1,0,0,0
SH_381,"Miami, FL","Los Angeles, CA",65.6,27.0,3.24,6.54,Medium,7.5,Clear,Spring,6,8,2.1,Dry Van,0,2,2686,70,5882.34,1330.678899,7213.018899,0,1,0,0
SH_382,"Houston, TX","Atlanta, GA",45.8,11.1,3.54,5.34,High,8.5,Storm,Spring,4,8,9.9,Tanker,1,1,806,60,1467.73,534.3146067,2002.044607,0,0,1,0
SH_383,"Dallas, TX","Atlanta, GA",66.4,26.8,4.36,5.65,Medium,8.5,Clear,Spring,2,8,4.1,Tanker,0,2,828,70,1776.06,638.9522124,2415.012212,1,0,0,0
SH_384,"Seattle, WA","Dallas, TX",62.1,18.3,3.23,6.42,Medium,4.7,Rain,Fall,5,8,9.8,Tanker,1,2,1932,70,4153.8,972.0186916,5125.818692,0,0,0,1
SH_385,"Seattle, WA","Los Angeles, CA",44.0,24.1,4.36,7.09,Low,9.7,Clear,Winter,5,8,6.1,Flatbed,1,1,1104,60,2034.67,678.9055007,2713.575501,0,1,0,0
SH_386,"Atlanta, GA","Dallas, TX",63.6,15.2,4.77,4.89,Medium,8.3,Storm,Summer,3,8,7.2,Tanker,1,2,828,70,1776.06,807.6809816,2583.740982,0,1,0,0
SH_387,"Denver, CO","Chicago, IL",69.3,25.5,4.69,5.94,High,6.0,Storm,Spring,2,8,4.5,Dry Van,0,2,1056,70,2296.8,833.7777778,3130.577778,0,1,0,0
SH_388,"Houston, TX","Chicago, IL",69.9,27.1,3.93,4.3,Low,6.3,Rain,Summer,2,8,9.0,Tanker,0,2,1083,70,2350.11,989.8116279,3339.921628,1,0,0,0
SH_389,"Houston, TX","Denver, CO",42.3,26.9,3.78,6.17,Low,9.8,Clear,Spring,4,8,9.8,Flatbed,1,1,1010,60,1839.21,618.7682334,2457.978233,0,0,0,1
SH_390,"Chicago, IL","Phoenix, AZ",58.0,29.7,3.46,7.77,High,4.3,Clear,Summer,4,8,0.7,Refrigerated,0,1,1670,60,3086.16,743.6550837,3829.815084,0,0,0,1
SH_391,"Dallas, TX","Los Angeles, CA",61.3,22.7,3.75,5.48,Low,4.3,Rain,Fall,4,8,8.4,Dry Van,1,2,1423,70,3073.68,973.7682482,4047.448248,0,0,1,0
SH_392,"Los Angeles, CA","Miami, FL",62.1,7.4,3.21,4.19,High,7.5,Snow,Winter,7,8,5.5,Flatbed,1,2,2686,70,5882.34,2057.770883,7940.110883,0,1,0,0
SH_393,"Denver, CO","Houston, TX",52.3,21.9,4.52,4.06,Low,5.2,Snow,Winter,4,8,1.9,Tanker,1,1,1010,60,1839.21,1124.433498,2963.643498,1,0,0,0
SH_394,"Seattle, WA","Miami, FL",66.2,27.7,4.52,6.39,Medium,7.9,Storm,Spring,6,8,5.8,Dry Van,0,2,3141,70,6847.38,2221.802817,9069.182817,0,0,1,0
SH_395,"Houston, TX","Chicago, IL",45.5,16.8,4.43,5.08,High,5.2,Clear,Spring,3,8,6.0,Flatbed,0,1,1083,60,1995.97,944.4271654,2940.397165,1,0,0,0
SH_396,"Dallas, TX","Atlanta, GA",70.4,23.1,4.49,6.23,Medium,7.5,Snow,Fall,2,8,4.4,Refrigerated,0,3,828,80,2221.52,596.7447833,2818.264783,0,0,1,0
SH_397,"Dallas, TX","Seattle, WA",73.5,15.8,4.1,6.13,High,7.8,Fog,Spring,4,8,2.3,Dry Van,0,3,1932,80,5197.08,1292.202284,6489.282284,0,0,1,0
SH_398,"Denver, CO","Miami, FL",68.9,16.6,3.56,6.62,Low,8.9,Storm,Summer,4,8,8.1,Flatbed,0,2,1984,70,4315.2,1066.924471,5382.124471,1,0,0,0
SH_399,"Los Angeles, CA","Atlanta, GA",66.6,9.7,3.18,6.8,Low,6.2,Fog,Winter,6,8,4.6,Tanker,1,2,2223,70,4812.8,1039.579412,5852.379412,0,0,0,1
SH_400,"Houston, TX","Miami, FL",54.5,27.2,4.65,6.52,High,9.1,Fog,Winter,3,8,9.0,Dry Van,0,1,1112,60,2049.42,793.0674847,2842.487485,0,0,1,0
SH_401,"Houston, TX","New York, NY",51.4,27.5,4.99,7.3,High,9.1,Rain,Fall,5,8,7.1,Dry Van,1,1,1630,60,3018.76,1114.205479,4132.965479,0,0,0,1
SH_402,"Atlanta, GA","Seattle, WA",68.9,27.6,4.87,7.21,Low,8.0,Clear,Fall,5,8,4.7,Flatbed,0,2,2505,70,5398.28,1692.004161,7090.284161,0,0,1,0
SH_404,"Houston, TX","Chicago, IL",50.9,5.4,3.03,7.67,High,8.2,Rain,Fall,3,8,1.3,Tanker,0,1,1083,60,1995.97,427.8344198,2423.80442,0,0,1,0
SH_405,"Los Angeles, CA","Houston, TX",40.2,28.5,3.83,5.61,Low,6.3,Rain,Fall,6,8,6.4,Dry Van,1,1,1577,60,2892.22,1076.632799,3968.852799,0,1,0,0
SH_406,"Chicago, IL","New York, NY",63.7,8.5,4.16,6.28,Low,9.2,Fog,Winter,3,8,6.2,Flatbed,1,2,818,70,1807.78,541.8598726,2349.639873,0,0,0,1
SH_407,"Los Angeles, CA","Atlanta, GA",56.4,16.1,3.99,7.44,Medium,6.8,Snow,Fall,6,8,5.0,Dry Van,1,1,2223,60,4088.1,1192.173387,5280.273387,0,1,0,0
SH_408,"Phoenix, AZ","Houston, TX",69.1,14.1,4.73,4.44,Low,9.6,Rain,Spring,3,8,6.9,Flatbed,0,2,1166,70,2501.07,1242.157658,3743.227658,1,0,0,0
SH_409,"Chicago, IL","Los Angeles, CA",62.7,11.9,3.31,6.54,Medium,7.6,Snow,Fall,5,8,0.4,Flatbed,1,2,2004,70,4388.76,1014.256881,5403.016881,0,1,0,0
SH_410,"Atlanta, GA","Phoenix, AZ",55.9,28.7,3.12,6.74,Medium,4.1,Snow,Winter,5,8,6.9,Flatbed,0,1,1827,60,3334.28,845.7329377,4180.012938,1,0,0,0
SH_411,"Houston, TX","Dallas, TX",62.4,28.8,4.76,6.34,Medium,9.0,Rain,Winter,2,8,0.8,Refrigerated,1,2,259,70,554.26,194.4542587,748.7142587,0,0,0,1
SH_412,"Denver, CO","Seattle, WA",43.3,19.9,4.41,4.27,High,5.4,Snow,Summer,4,8,6.2,Refrigerated,0,1,1172,60,2144.76,1210.42623,3355.18623,0,1,0,0
SH_413,"Denver, CO","Phoenix, AZ",64.2,19.9,4.0,7.9,High,8.1,Storm,Spring,3,8,2.9,Flatbed,1,2,673,70,1446.95,340.7594937,1787.709494,0,1,0,0
SH_414,"Chicago, IL","Los Angeles, CA",74.9,5.8,4.79,6.49,Low,9.8,Clear,Spring,4,8,8.5,Refrigerated,0,3,2004,80,5502.98,1479.069337,6982.049337,0,0,1,0
SH_415,"Denver, CO","Miami, FL",51.7,6.7,4.95,7.27,High,9.1,Clear,Summer,5,8,3.9,Flatbed,0,1,1984,60,3666.43,1350.866575,5017.296575,1,0,0,0
SH_416,"Chicago, IL","Atlanta, GA",47.4,10.7,3.94,5.07,Medium,4.6,Rain,Winter,2,8,1.5,Dry Van,0,1,677,60,1251.1,526.1104536,1777.210454,0,1,0,0
SH_417,"Dallas, TX","Phoenix, AZ",66.6,29.2,3.88,5.11,Low,8.8,Storm,Fall,3,8,2.3,Tanker,1,2,1017,70,2181.47,772.2035225,2953.673523,0,0,0,1
SH_418,"Dallas, TX","Denver, CO",49.0,13.9,4.35,4.25,Medium,5.3,Rain,Summer,2,8,1.5,Refrigerated,0,1,762,60,1387.6,779.9294118,2167.529412,1,0,0,0
SH_419,"Houston, TX","New York, NY",70.3,8.9,3.17,5.94,Low,5.8,Clear,Spring,4,8,5.8,Dry Van,1,3,1630,80,4453.16,869.8821549,5323.042155,0,1,0,0
SH_420,"Denver, CO","Seattle, WA",45.0,20.6,3.55,5.95,Low,4.5,Clear,Summer,4,8,3.1,Tanker,0,1,1172,60,2144.76,699.2605042,2844.020504,0,1,0,0
SH_421,"Denver, CO","Atlanta, GA",42.0,15.5,3.92,6.9,High,7.4,Rain,Winter,6,8,7.8,Tanker,1,1,1392,60,2540.4,790.8173913,3331.217391,0,1,0,0
SH_422,"Phoenix, AZ","Seattle, WA",51.0,18.5,4.68,7.96,Medium,9.3,Storm,Summer,5,8,2.0,Tanker,1,1,1282,60,2346.06,753.7386935,3099.798693,0,1,0,0
SH_423,"Los Angeles, CA","Dallas, TX",66.0,17.3,3.97,7.35,High,6.2,Rain,Winter,3,8,4.1,Dry Van,0,2,1423,70,3073.68,768.6136054,3842.293605,0,0,1,0
SH_424,"Phoenix, AZ","Seattle, WA",55.9,24.1,3.25,4.79,High,9.7,Rain,Spring,3,8,5.7,Flatbed,0,1,1282,60,2346.06,869.8329854,3215.892985,0,1,0,0
SH_425,"Atlanta, GA","Houston, TX",57.1,21.1,3.46,6.21,High,6.2,Clear,Spring,3,8,5.7,Tanker,1,1,806,60,1467.73,449.0756844,1916.805684,0,0,1,0
SH_427,"New York, NY","Los Angeles, CA",67.5,11.3,4.88,7.58,Low,6.0,Fog,Summer,7,8,9.9,Refrigerated,1,2,2812,70,6186.4,1810.364116,7996.764116,0,1,0,0
SH_428,"Dallas, TX","Chicago, IL",48.8,18.0,4.04,6.36,Low,8.5,Storm,Spring,4,8,6.3,Flatbed,1,1,925,60,1704.77,587.5786164,2292.348616,1,0,0,0
SH_429,"Dallas, TX","Miami, FL",45.3,16.5,3.7,4.38,Low,6.9,Rain,Summer,5,8,0.4,Refrigerated,1,1,1277,60,2353.51,1078.744292,3432.254292,0,0,1,0
SH_430,"Dallas, TX","New York, NY",47.3,11.0,4.82,5.87,High,6.8,Rain,Winter,5,8,1.5,Dry Van,0,1,1576,60,2918.75,1294.091993,4212.841993,0,0,1,0
SH_431,"Miami, FL","Denver, CO",55.0,19.9,5.0,7.08,Low,6.4,Snow,Summer,5,8,6.7,Dry Van,0,1,1984,60,3666.43,1401.129944,5067.559944,0,0,0,1
SH_432,"Los Angeles, CA","Denver, CO",41.6,21.2,3.45,6.68,Medium,6.8,Snow,Spring,3,8,6.3,Dry Van,0,1,954,60,1754.41,492.7095808,2247.119581,0,0,1,0
SH_433,"New York, NY","Los Angeles, CA",69.9,28.2,4.99,7.18,Medium,8.5,Snow,Spring,6,8,0.5,Refrigerated,0,2,2812,70,6186.4,1954.300836,8140.700836,0,1,0,0
SH_434,"New York, NY","Denver, CO",43.9,20.2,3.56,4.69,Low,6.3,Rain,Summer,6,8,3.9,Refrigerated,0,1,1872,60,3474.43,1420.963753,4895.393753,0,0,0,1
SH_435,"Phoenix, AZ","Los Angeles, CA",44.4,24.3,3.47,6.71,High,7.4,Clear,Spring,3,8,3.9,Dry Van,1,1,410,60,753.99,212.0268256,966.0168256,0,1,0,0
SH_436,"Los Angeles, CA","Chicago, IL",40.7,25.7,4.05,7.1,High,5.4,Snow,Fall,8,8,3.3,Flatbed,1,1,2004,60,3729.44,1143.126761,4872.566761,1,0,0,0
SH_437,"Atlanta, GA","New York, NY",41.5,20.9,4.19,6.61,Low,5.2,Snow,Summer,3,8,9.5,Flatbed,0,1,858,60,1592.45,543.8759455,2136.325946,0,1,0,0
SH_438,"Dallas, TX","Denver, CO",65.9,11.9,3.56,7.85,High,4.1,Fog,Spring,3,8,3.5,Tanker,1,2,762,70,1634.49,345.5694268,1980.059427,1,0,0,0
SH_439,"Denver, CO","Miami, FL",67.8,12.0,3.28,5.25,Medium,9.1,Clear,Fall,4,8,8.3,Refrigerated,0,2,1984,70,4315.2,1239.527619,5554.727619,1,0,0,0
SH_440,"Phoenix, AZ","Chicago, IL",46.5,14.3,4.86,4.25,Medium,4.6,Clear,Summer,5,8,2.7,Dry Van,0,1,1670,60,3086.16,1909.694118,4995.854118,0,0,1,0
SH_441,"Chicago, IL","Miami, FL",55.7,27.8,3.38,4.02,Medium,4.4,Rain,Winter,5,8,6.5,Flatbed,1,1,1370,60,2561.9,1151.890547,3713.790547,0,0,1,0
SH_442,"New York, NY","Phoenix, AZ",46.2,12.4,3.23,7.77,Low,8.7,Fog,Spring,7,8,8.6,Tanker,0,1,2461,60,4567.62,1023.041184,5590.661184,0,0,1,0
SH_443,"Dallas, TX","Chicago, IL",65.1,26.4,3.71,7.03,Low,5.8,Rain,Fall,3,8,2.7,Dry Van,1,2,925,70,2007.25,488.1578947,2495.407895,0,0,1,0
SH_444,"Houston, TX","Atlanta, GA",46.5,13.6,3.86,7.32,Low,4.7,Fog,Fall,3,8,2.9,Refrigerated,0,1,806,60,1467.73,425.0218579,1892.751858,0,0,0,1
SH_445,"Miami, FL","Dallas, TX",50.5,19.9,3.87,4.66,Low,4.7,Snow,Fall,4,8,9.0,Refrigerated,0,1,1277,60,2353.51,1060.512876,3414.022876,1,0,0,0
SH_446,"Dallas, TX","Atlanta, GA",65.7,21.5,4.86,7.28,High,7.4,Snow,Winter,2,8,9.0,Tanker,0,2,828,70,1776.06,552.7582418,2328.818242,0,0,1,0
SH_447,"Houston, TX","Denver, CO",51.4,5.3,4.65,7.2,Medium,4.6,Snow,Winter,3,8,3.6,Tanker,0,1,1010,60,1839.21,652.2916667,2491.501667,0,0,1,0
SH_448,"Miami, FL","Denver, CO",60.5,10.7,4.79,7.13,Low,8.2,Fog,Winter,6,8,8.6,Dry Van,1,2,1984,70,4315.2,1332.869565,5648.069565,0,0,1,0
SH_449,"Phoenix, AZ","Houston, TX",70.6,24.7,4.5,6.25,Medium,5.5,Storm,Winter,3,8,9.7,Refrigerated,0,3,1166,80,3128.38,839.52,3967.9,0,1,0,0
SH_450,"Chicago, IL","Miami, FL",52.2,6.3,3.11,6.77,Medium,6.7,Storm,Spring,5,8,6.1,Flatbed,1,1,1370,60,2561.9,629.3500739,3191.250074,0,1,0,0
SH_451,"Seattle, WA","Denver, CO",60.2,14.0,4.65,7.28,High,6.9,Fog,Spring,4,8,8.1,Tanker,1,2,1172,70,2525.66,748.5989011,3274.258901,1,0,0,0
SH_452,"Chicago, IL","Denver, CO",47.3,7.1,3.93,5.93,Low,9.0,Storm,Spring,4,8,5.8,Flatbed,1,1,1056,60,1951.49,699.8448567,2651.334857,1,0,0,0
SH_453,"Los Angeles, CA","New York, NY",67.4,11.9,3.41,4.07,Low,8.1,Rain,Winter,6,8,5.3,Tanker,0,2,2812,70,6186.4,2356.0,8542.4,1,0,0,0
SH_454,"Denver, CO","Atlanta, GA",56.6,15.2,3.32,6.63,Low,9.8,Storm,Summer,4,8,7.1,Dry Van,0,1,1392,60,2540.4,697.0497738,3237.449774,1,0,0,0
SH_455,"Chicago, IL","Denver, CO",54.6,7.9,4.23,7.75,Medium,8.0,Storm,Summer,4,8,3.5,Dry Van,1,1,1056,60,1951.49,576.3716129,2527.861613,0,0,1,0
SH_456,"Dallas, TX","Seattle, WA",54.1,25.8,4.63,6.45,Low,6.2,Fog,Spring,5,8,4.4,Refrigerated,0,1,1932,60,3525.9,1386.846512,4912.746512,1,0,0,0
SH_457,"Chicago, IL","New York, NY",58.6,18.4,3.56,4.87,High,5.7,Snow,Fall,3,8,0.3,Dry Van,1,1,818,60,1537.02,597.963039,2134.983039,0,0,1,0
SH_458,"Phoenix, AZ","New York, NY",45.5,10.5,4.04,6.84,Low,4.6,Snow,Fall,8,8,9.7,Refrigerated,1,1,2461,60,4567.62,1453.573099,6021.193099,0,1,0,0
SH_459,"Dallas, TX","Denver, CO",51.0,25.9,3.1,5.86,High,6.3,Rain,Winter,3,8,4.0,Tanker,1,1,762,60,1387.6,403.105802,1790.705802,0,0,0,1
SH_460,"Miami, FL","Dallas, TX",58.6,21.9,3.86,6.93,Medium,8.9,Snow,Summer,3,8,0.1,Tanker,0,1,1277,60,2353.51,711.2871573,3064.797157,1,0,0,0
SH_461,"Atlanta, GA","Los Angeles, CA",48.3,7.7,4.54,6.0,High,6.6,Fog,Summer,7,8,5.1,Dry Van,1,1,2223,60,4088.1,1682.07,5770.17,0,1,0,0
SH_462,"New York, NY","Chicago, IL",60.1,13.1,3.08,5.09,Medium,4.0,Rain,Fall,3,8,9.7,Tanker,1,2,818,70,1807.78,494.978389,2302.758389,0,1,0,0
SH_463,"Dallas, TX","Seattle, WA",65.5,13.6,4.34,7.22,Low,9.7,Snow,Fall,4,8,7.8,Refrigerated,0,2,1932,70,4153.8,1161.34072,5315.14072,0,0,1,0
SH_464,"Los Angeles, CA","Atlanta, GA",74.7,5.6,4.21,6.64,Low,8.1,Rain,Winter,4,8,9.4,Tanker,0,3,2223,80,6026.55,1409.462349,7436.012349,0,1,0,0
SH_465,"Miami, FL","Atlanta, GA",61.8,10.6,3.61,6.19,Medium,6.5,Fog,Fall,2,8,5.7,Flatbed,0,2,697,70,1515.97,406.4894992,1922.459499,0,0,1,0
SH_466,"Atlanta, GA","Miami, FL",67.9,23.1,4.38,5.36,High,8.8,Fog,Spring,3,8,1.6,Tanker,1,2,697,70,1515.97,569.5634328,2085.533433,0,0,1,0
SH_468,"Dallas, TX","Los Angeles, CA",41.3,28.2,3.43,5.68,Low,4.1,Rain,Spring,6,8,7.3,Refrigerated,1,1,1423,60,2609.78,859.3116197,3469.09162,1,0,0,0
SH_469,"Denver, CO","Seattle, WA",67.4,12.8,3.5,6.79,High,6.2,Clear,Fall,3,8,0.1,Refrigerated,0,2,1172,70,2525.66,604.1237113,3129.783711,0,1,0,0
SH_470,"New York, NY","Dallas, TX",58.7,19.2,4.5,4.53,Medium,7.1,Storm,Summer,5,8,4.3,Dry Van,1,1,1576,60,2918.75,1565.562914,4484.312914,1,0,0,0
SH_471,"Denver, CO","Miami, FL",68.2,10.6,3.45,7.27,Medium,9.6,Rain,Fall,5,8,0.5,Dry Van,1,2,1984,70,4315.2,941.5130674,5256.713067,0,0,1,0
SH_472,"New York, NY","Chicago, IL",50.1,12.0,3.66,6.65,High,9.2,Snow,Summer,3,8,3.3,Dry Van,0,1,818,60,1537.02,450.2075188,1987.227519,0,1,0,0
SH_473,"Phoenix, AZ","Chicago, IL",58.5,9.0,4.14,7.22,Medium,8.6,Snow,Summer,5,8,1.5,Dry Van,1,1,1670,60,3086.16,957.5900277,4043.750028,1,0,0,0
SH_474,"Atlanta, GA","Los Angeles, CA",52.6,15.2,4.36,4.23,Low,4.2,Clear,Fall,6,8,8.0,Dry Van,0,1,2223,60,4088.1,2291.319149,6379.419149,0,0,0,1
SH_475,"Dallas, TX","Phoenix, AZ",74.2,13.6,3.67,5.25,Medium,4.7,Fog,Fall,2,8,6.5,Tanker,0,3,1017,80,2728.61,710.9314286,3439.541429,0,0,0,1
SH_476,"New York, NY","Atlanta, GA",67.7,8.5,4.09,4.42,High,4.3,Rain,Fall,3,8,5.4,Dry Van,1,2,858,70,1874.73,793.9411765,2668.671176,0,0,1,0
SH_477,"Los Angeles, CA","Seattle, WA",41.2,29.7,3.06,5.78,Medium,7.0,Clear,Fall,5,8,1.7,Refrigerated,1,1,1104,60,2034.67,584.4705882,2619.140588,0,1,0,0
SH_478,"Seattle, WA","Los Angeles, CA",66.7,17.7,4.28,7.94,Medium,8.6,Clear,Spring,3,8,4.3,Dry Van,0,2,1104,70,2395.68,595.1032746,2990.783275,0,0,1,0
SH_479,"Houston, TX","Denver, CO",59.7,26.3,3.4,7.74,Medium,8.1,Snow,Summer,3,8,5.6,Tanker,0,1,1010,60,1839.21,443.6692506,2282.879251,0,1,0,0
SH_480,"Phoenix, AZ","Dallas, TX",40.6,25.5,3.08,7.56,High,10.0,Storm,Winter,4,8,2.1,Tanker,0,1,1017,60,1851.96,414.3333333,2266.293333,0,1,0,0
SH_481,"Seattle, WA","Chicago, IL",48.9,26.6,3.21,4.5,Medium,9.9,Storm,Summer,6,8,1.5,Tanker,0,1,1993,60,3691.04,1421.673333,5112.713333,1,0,0,0
SH_482,"Los Angeles, CA","New York, NY",73.0,24.1,3.01,4.01,Medium,6.3,Fog,Fall,6,8,2.3,Refrigerated,1,3,2812,80,7761.12,2110.753117,9871.873117,0,0,1,0
SH_483,"Los Angeles, CA","Chicago, IL",48.2,20.6,4.49,4.87,Medium,4.4,Rain,Summer,6,8,8.5,Flatbed,0,1,2004,60,3729.44,1847.63039,5577.07039,0,0,0,1
SH_484,"Phoenix, AZ","Houston, TX",65.7,13.5,3.96,7.72,Low,6.0,Storm,Spring,3,8,0.8,Tanker,0,2,1166,70,2501.07,598.1036269,3099.173627,0,1,0,0
SH_485,"Los Angeles, CA","Denver, CO",41.0,20.8,3.85,6.19,Medium,5.0,Fog,Fall,4,8,8.1,Tanker,1,1,954,60,1754.41,593.3602585,2347.770258,1,0,0,0
SH_486,"Dallas, TX","New York, NY",68.2,19.8,3.33,4.1,Low,6.2,Snow,Winter,3,8,1.3,Dry Van,0,2,1576,70,3435.68,1280.019512,4715.699512,0,0,0,1
SH_487,"Dallas, TX","New York, NY",70.2,8.8,4.7,7.97,High,8.4,Rain,Spring,4,8,7.9,Dry Van,1,3,1576,80,4305.63,929.3851945,5235.015194,0,0,0,1
SH_488,"Los Angeles, CA","Chicago, IL",63.8,28.6,3.59,4.0,High,5.6,Storm,Summer,4,8,3.3,Refrigerated,0,2,2004,70,4388.76,1798.59,6187.35,0,1,0,0
SH_489,"Dallas, TX","Houston, TX",55.5,6.1,4.37,7.61,Medium,9.0,Storm,Summer,1,8,1.3,Tanker,0,1,259,60,470.34,148.7293035,619.0693035,0,0,1,0
SH_490,"Miami, FL","Phoenix, AZ",69.1,28.0,4.3,4.41,Low,6.4,Rain,Fall,5,8,7.8,Flatbed,0,2,2276,70,4950.3,2219.229025,7169.529025,1,0,0,0
SH_491,"Atlanta, GA","Los Angeles, CA",40.0,22.8,3.71,5.02,High,4.1,Clear,Spring,8,8,8.5,Flatbed,1,1,2223,60,4088.1,1642.894422,5730.994422,1,0,0,0
SH_492,"Dallas, TX","Denver, CO",59.8,17.9,3.17,6.2,Medium,6.3,Storm,Winter,2,8,2.3,Flatbed,0,1,762,60,1387.6,389.6032258,1777.203226,1,0,0,0
SH_493,"Dallas, TX","New York, NY",56.8,8.5,3.16,7.32,Low,9.9,Fog,Fall,4,8,0.7,Tanker,0,1,1576,60,2918.75,680.3497268,3599.099727,0,0,1,0
SH_494,"Seattle, WA","Houston, TX",56.2,13.0,3.95,5.27,High,6.9,Rain,Spring,6,8,5.9,Flatbed,1,1,2173,60,3965.72,1628.719165,5594.439165,0,0,1,0
SH_495,"Denver, CO","Chicago, IL",52.8,23.5,4.33,4.48,High,7.4,Snow,Spring,3,8,8.0,Tanker,0,1,1056,60,1951.49,1020.642857,2972.132857,0,0,0,1
SH_496,"Seattle, WA","Chicago, IL",74.8,7.3,4.56,6.69,Low,8.6,Clear,Fall,4,8,6.2,Refrigerated,0,3,1993,80,5444.88,1358.457399,6803.337399,1,0,0,0
SH_497,"Houston, TX","Seattle, WA",46.9,8.1,4.93,4.43,Medium,6.9,Fog,Summer,6,8,6.5,Refrigerated,0,1,2173,60,3965.72,2418.259594,6383.979594,0,0,0,1
SH_498,"Seattle, WA","Phoenix, AZ",74.1,16.9,3.13,4.19,High,5.8,Fog,Summer,3,8,5.0,Refrigerated,0,3,1282,80,3457.55,957.6754177,4415.225418,0,0,0,1
SH_499,"Dallas, TX","Chicago, IL",48.8,12.7,4.23,7.59,High,8.9,Fog,Spring,3,8,8.9,Flatbed,0,1,925,60,1704.77,515.513834,2220.283834,1,0,0,0
SH_500,"Chicago, IL","Houston, TX",71.8,29.9,4.4,7.08,Low,6.0,Fog,Summer,3,8,5.3,Dry Van,1,3,1083,80,2943.59,673.0508475,3616.640847,1,0,0,0
SH_501,"Dallas, TX","Chicago, IL",72.3,29.4,4.67,5.21,Low,9.8,Snow,Summer,3,8,9.3,Dry Van,1,3,925,80,2514.15,829.1266795,3343.276679,0,1,0,0
SH_502,"Chicago, IL","New York, NY",50.8,14.3,4.1,7.16,Low,5.9,Rain,Spring,4,8,8.2,Dry Van,1,1,818,60,1537.02,468.4078212,2005.427821,0,0,1,0
SH_503,"Phoenix, AZ","Houston, TX",42.7,9.2,3.12,6.0,Low,4.6,Snow,Summer,4,8,8.7,Refrigerated,0,1,1166,60,2123.29,606.32,2729.61,1,0,0,0
SH_504,"Denver, CO","New York, NY",74.5,5.0,4.23,6.47,Medium,6.7,Fog,Fall,4,8,8.1,Tanker,0,3,1872,80,5127.41,1223.888717,6351.298717,1,0,0,0
SH_505,"Chicago, IL","Los Angeles, CA",62.7,28.9,3.3,5.91,High,7.6,Clear,Spring,5,8,8.7,Flatbed,1,2,2004,70,4388.76,1118.984772,5507.744772,1,0,0,0
SH_506,"New York, NY","Phoenix, AZ",45.7,21.9,3.08,6.48,High,8.2,Fog,Spring,8,8,0.4,Tanker,1,1,2461,60,4567.62,1169.734568,5737.354568,1,0,0,0
SH_507,"New York, NY","Dallas, TX",43.5,7.9,3.51,5.18,High,7.2,Rain,Fall,5,8,1.7,Tanker,0,1,1576,60,2918.75,1067.907336,3986.657336,0,1,0,0
SH_508,"Denver, CO","Phoenix, AZ",59.5,26.7,3.74,6.46,Low,7.1,Snow,Summer,2,8,8.3,Flatbed,0,1,673,60,1228.23,389.6315789,1617.861579,1,0,0,0
SH_509,"Miami, FL","Seattle, WA",56.7,20.8,4.66,7.13,High,5.7,Storm,Winter,7,8,1.2,Tanker,0,1,3141,60,5817.13,2052.88359,7870.01359,0,0,0,1
SH_510,"Phoenix, AZ","Miami, FL",74.0,9.4,4.44,4.16,High,6.4,Fog,Spring,4,8,5.8,Flatbed,0,3,2276,80,6202.1,2429.192308,8631.292308,0,0,0,1
SH_511,"Los Angeles, CA","Seattle, WA",63.5,17.0,4.62,7.8,Medium,4.1,Rain,Winter,4,8,0.9,Tanker,1,2,1104,70,2395.68,653.9076923,3049.587692,0,1,0,0
SH_512,"Atlanta, GA","Miami, FL",49.8,8.3,3.88,6.58,Low,6.3,Storm,Spring,3,8,6.0,Tanker,1,1,697,60,1288.06,410.9969605,1699.05696,1,0,0,0
SH_513,"Atlanta, GA","Chicago, IL",53.4,10.4,3.89,4.19,Medium,8.9,Storm,Fall,3,8,5.9,Flatbed,1,1,677,60,1251.1,628.5274463,1879.627446,1,0,0,0
SH_514,"Phoenix, AZ","Miami, FL",68.0,18.9,4.65,6.53,Medium,8.7,Clear,Winter,6,8,4.1,Tanker,1,2,2276,70,4950.3,1620.735069,6571.035069,0,0,1,0
SH_515,"Dallas, TX","Seattle, WA",58.9,20.1,3.44,6.5,Low,7.4,Clear,Summer,6,8,8.2,Refrigerated,1,1,1932,60,3525.9,1022.473846,4548.373846,1,0,0,0
SH_516,"Miami, FL","New York, NY",49.9,25.9,4.09,5.5,Low,7.8,Fog,Summer,5,8,7.4,Tanker,1,1,1256,60,2360.02,934.0072727,3294.027273,0,0,0,1
SH_517,"Phoenix, AZ","Chicago, IL",60.9,14.6,4.71,7.81,High,9.3,Rain,Winter,5,8,1.9,Dry Van,1,2,1670,70,3632.25,1007.131882,4639.381882,0,0,0,1
SH_518,"Houston, TX","Seattle, WA",40.3,5.6,4.11,6.08,Medium,10.0,Clear,Winter,8,8,2.6,Refrigerated,1,1,2173,60,3965.72,1468.919408,5434.639408,1,0,0,0
SH_519,"Los Angeles, CA","Denver, CO",72.1,24.4,4.64,7.61,Medium,7.1,Storm,Spring,2,8,9.5,Refrigerated,0,3,954,80,2586.29,581.6767411,3167.966741,0,0,0,1
SH_520,"Denver, CO","Atlanta, GA",50.4,6.9,3.34,4.51,Low,4.7,Snow,Winter,4,8,3.6,Tanker,0,1,1392,60,2540.4,1030.882483,3571.282483,0,0,1,0
SH_521,"New York, NY","Chicago, IL",64.0,28.7,3.29,5.53,Medium,7.3,Storm,Spring,2,8,0.0,Tanker,0,2,818,70,1807.78,486.6582278,2294.438228,0,0,1,0
SH_522,"Seattle, WA","Dallas, TX",62.5,15.3,3.98,5.66,Medium,4.1,Storm,Fall,4,8,1.8,Refrigerated,0,2,1932,70,4153.8,1358.54417,5512.34417,0,0,1,0
SH_523,"Los Angeles, CA","Chicago, IL",73.5,20.0,4.46,5.26,High,6.4,Storm,Summer,5,8,0.5,Tanker,1,3,2004,80,5502.98,1699.209125,7202.189125,0,1,0,0
SH_524,"New York, NY","Atlanta, GA",47.3,19.7,3.22,5.33,Medium,8.7,Snow,Summer,3,8,3.5,Tanker,0,1,858,60,1592.45,518.3414634,2110.791463,0,0,1,0
SH_525,"Los Angeles, CA","Denver, CO",74.7,11.0,4.75,7.32,High,5.3,Storm,Summer,2,8,4.1,Dry Van,0,3,954,80,2586.29,619.057377,3205.347377,0,0,1,0
SH_526,"Atlanta, GA","New York, NY",46.3,25.0,3.67,6.92,High,6.5,Snow,Summer,3,8,5.2,Refrigerated,0,1,858,60,1592.45,455.0375723,2047.487572,0,0,0,1
SH_528,"New York, NY","Denver, CO",42.1,20.8,4.54,7.98,High,4.1,Storm,Summer,6,8,5.7,Tanker,0,1,1872,60,3474.43,1065.022556,4539.452556,0,1,0,0
SH_529,"Seattle, WA","Chicago, IL",44.5,15.2,3.71,5.21,Medium,8.4,Rain,Winter,6,8,3.6,Flatbed,0,1,1993,60,3691.04,1419.199616,5110.239616,0,0,1,0
SH_530,"Houston, TX","Los Angeles, CA",60.1,9.0,3.94,6.21,High,7.4,Snow,Spring,5,8,7.4,Flatbed,1,2,1577,70,3406.32,1000.544283,4406.864283,1,0,0,0
SH_531,"Atlanta, GA","Seattle, WA",52.4,24.5,4.13,5.04,Medium,8.2,Fog,Winter,7,8,2.0,Refrigerated,1,1,2505,60,4584.15,2052.708333,6636.858333,0,1,0,0
SH_533,"Miami, FL","Seattle, WA",57.4,12.1,4.47,4.1,Low,7.5,Snow,Spring,7,8,1.7,Tanker,0,1,3141,60,5817.13,3424.456098,9241.586098,1,0,0,0
SH_535,"Los Angeles, CA","Chicago, IL",44.3,19.7,3.63,6.51,Low,8.9,Storm,Winter,6,8,3.0,Tanker,0,1,2004,60,3729.44,1117.437788,4846.877788,0,1,0,0
SH_536,"Denver, CO","Houston, TX",51.5,9.1,3.36,7.16,Medium,6.3,Rain,Spring,3,8,5.9,Dry Van,0,1,1010,60,1839.21,473.9664804,2313.17648,0,0,1,0
SH_537,"Miami, FL","Phoenix, AZ",42.4,25.8,3.35,6.89,Low,8.6,Clear,Spring,7,8,5.8,Dry Van,0,1,2276,60,4206.05,1106.618287,5312.668287,0,0,0,1
SH_538,"New York, NY","Houston, TX",52.6,20.1,3.77,7.45,High,5.9,Storm,Summer,5,8,0.2,Flatbed,1,1,1630,60,3018.76,824.8456376,3843.605638,0,0,1,0
SH_539,"Seattle, WA","Atlanta, GA",71.0,16.5,4.13,6.65,High,8.1,Clear,Spring,6,8,7.4,Tanker,1,3,2505,80,6755.98,1555.736842,8311.716842,0,1,0,0
SH_540,"Chicago, IL","Miami, FL",44.7,21.0,3.64,4.23,Low,4.8,Snow,Summer,5,8,1.4,Dry Van,1,1,1370,60,2561.9,1178.91253,3740.81253,0,1,0,0
SH_541,"Atlanta, GA","Seattle, WA",57.5,21.9,3.48,7.03,High,8.6,Clear,Winter,7,8,4.1,Dry Van,1,1,2505,60,4584.15,1240.02845,5824.17845,0,0,1,0
SH_542,"Atlanta, GA","New York, NY",74.2,21.1,4.87,5.21,High,8.7,Snow,Fall,3,8,6.9,Flatbed,1,3,858,80,2350.06,802.0076775,3152.067678,0,0,0,1
SH_543,"Houston, TX","Seattle, WA",53.8,8.3,4.34,6.92,Medium,7.5,Clear,Summer,7,8,3.7,Tanker,1,1,2173,60,3965.72,1362.83526,5328.55526,1,0,0,0
SH_544,"Dallas, TX","Houston, TX",47.2,12.8,4.27,5.59,Low,4.0,Snow,Winter,1,8,3.7,Flatbed,0,1,259,60,470.34,197.8407871,668.1807871,0,0,0,1
SH_545,"Seattle, WA","New York, NY",71.4,26.2,3.37,7.83,High,6.3,Clear,Spring,6,8,0.6,Refrigerated,1,3,2762,80,7584.45,1188.753512,8773.203512,0,0,0,1
SH_546,"Chicago, IL","Atlanta, GA",43.8,11.2,3.63,7.24,High,9.3,Fog,Winter,2,8,7.9,Refrigerated,0,1,677,60,1251.1,339.4350829,1590.535083,0,1,0,0
SH_547,"Phoenix, AZ","Miami, FL",71.9,7.4,4.71,5.31,Low,4.3,Clear,Winter,5,8,5.1,Refrigerated,1,3,2276,80,6202.1,2018.824859,8220.924859,0,0,0,1
SH_548,"Seattle, WA","Chicago, IL",50.9,25.1,4.72,4.55,Low,9.7,Snow,Fall,6,8,6.6,Tanker,1,1,1993,60,3691.04,2067.463736,5758.503736,1,0,0,0
SH_549,"Denver, CO","New York, NY",68.4,28.6,3.63,7.43,Low,4.8,Fog,Winter,4,8,7.4,Flatbed,0,2,1872,70,4090.32,914.5841184,5004.904118,0,0,0,1
SH_550,"New York, NY","Dallas, TX",48.8,26.8,3.34,4.21,Low,8.3,Snow,Winter,6,8,3.8,Dry Van,1,1,1576,60,2918.75,1250.31829,4169.06829,1,0,0,0
SH_551,"New York, NY","Chicago, IL",69.3,18.7,3.38,6.88,Medium,7.1,Fog,Fall,3,8,7.9,Flatbed,1,2,818,70,1807.78,401.8662791,2209.646279,0,0,0,1
SH_552,"Los Angeles, CA","Seattle, WA",72.6,28.3,3.8,5.88,Low,8.2,Fog,Summer,3,8,7.3,Refrigerated,1,3,1104,80,3000.67,713.4693878,3714.139388,0,0,1,0
SH_553,"Miami, FL","Dallas, TX",54.3,27.2,3.09,7.85,High,8.1,Rain,Winter,3,8,2.7,Flatbed,0,1,1277,60,2353.51,502.666242,2856.176242,0,0,0,1
SH_554,"New York, NY","Denver, CO",73.0,12.5,4.55,5.57,High,4.8,Clear,Summer,5,8,2.2,Refrigerated,1,3,1872,80,5127.41,1529.192101,6656.602101,0,0,0,1
SH_555,"Atlanta, GA","Denver, CO",48.9,18.2,3.34,4.67,High,6.8,Rain,Spring,4,8,1.2,Refrigerated,0,1,1392,60,2540.4,995.5631692,3535.963169,1,0,0,0
SH_556,"New York, NY","Houston, TX",42.2,14.9,3.95,5.81,Low,9.2,Rain,Winter,5,8,4.1,Tanker,0,1,1630,60,3018.76,1108.175559,4126.935559,0,0,1,0
SH_557,"Houston, TX","Chicago, IL",71.3,26.3,4.35,4.55,Low,5.7,Rain,Fall,3,8,9.3,Dry Van,1,3,1083,80,2943.59,1035.395604,3978.985604,0,0,1,0
SH_558,"Los Angeles, CA","Atlanta, GA",66.1,12.8,4.69,5.04,Medium,4.0,Storm,Winter,6,8,5.7,Refrigerated,1,2,2223,70,4812.8,2068.625,6881.425,0,0,0,1
SH_559,"Phoenix, AZ","New York, NY",70.2,7.6,4.11,6.05,High,5.7,Snow,Spring,6,8,7.5,Dry Van,1,3,2461,80,6740.68,1671.852893,8412.532893,1,0,0,0
SH_560,"Denver, CO","Los Angeles, CA",70.7,23.1,3.46,6.82,Medium,5.8,Rain,Spring,3,8,3.7,Tanker,1,3,954,80,2586.29,483.9941349,3070.284135,0,0,1,0
SH_561,"Miami, FL","Los Angeles, CA",65.2,7.8,3.07,7.98,High,5.4,Snow,Fall,7,8,1.9,Tanker,1,2,2686,70,5882.34,1033.33584,6915.67584,1,0,0,0
SH_562,"Miami, FL","Houston, TX",53.7,25.1,3.68,5.78,High,8.1,Clear,Spring,4,8,7.7,Flatbed,1,1,1112,60,2049.42,707.9861592,2757.406159,0,1,0,0
SH_563,"Los Angeles, CA","Seattle, WA",41.1,18.4,3.08,7.23,Medium,5.9,Clear,Winter,4,8,2.8,Flatbed,0,1,1104,60,2034.67,470.3070539,2504.977054,0,1,0,0
SH_564,"New York, NY","Denver, CO",71.0,15.0,4.73,5.07,Low,7.2,Clear,Summer,4,8,3.3,Tanker,0,3,1872,80,5127.41,1746.461538,6873.871538,1,0,0,0
SH_565,"Miami, FL","Denver, CO",44.3,5.5,4.81,4.27,High,10.0,Snow,Spring,6,8,1.4,Tanker,0,1,1984,60,3666.43,2234.903981,5901.333981,1,0,0,0
SH_566,"Denver, CO","Miami, FL",46.5,15.7,3.12,4.9,Low,6.2,Rain,Spring,7,8,9.1,Refrigerated,1,1,1984,60,3666.43,1263.281633,4929.711633,0,0,1,0
SH_567,"Los Angeles, CA","New York, NY",51.6,7.7,4.91,4.24,High,5.8,Rain,Fall,7,8,3.2,Dry Van,0,1,2812,60,5258.44,3256.349057,8514.789057,0,0,1,0
SH_568,"Atlanta, GA","Phoenix, AZ",67.4,8.1,4.27,4.5,Low,4.4,Snow,Summer,4,8,1.9,Refrigerated,0,2,1827,70,3928.05,1733.62,5661.67,1,0,0,0
SH_569,"Atlanta, GA","Seattle, WA",59.1,6.9,4.91,4.99,Medium,9.2,Fog,Fall,6,8,2.1,Flatbed,0,1,2505,60,4584.15,2464.839679,7048.989679,0,0,1,0
SH_570,"Miami, FL","Chicago, IL",69.3,17.6,3.03,7.21,High,9.9,Snow,Summer,4,8,5.0,Refrigerated,1,2,1370,70,3014.0,575.742025,3589.742025,1,0,0,0
SH_571,"Denver, CO","Miami, FL",73.3,23.9,3.89,6.37,High,8.2,Clear,Summer,4,8,4.5,Tanker,0,3,1984,80,5406.4,1211.579278,6617.979278,0,0,0,1
SH_572,"Seattle, WA","Denver, CO",62.9,15.3,4.33,4.47,Medium,6.4,Fog,Fall,3,8,2.2,Flatbed,0,2,1172,70,2525.66,1135.293065,3660.953065,0,1,0,0
SH_573,"Phoenix, AZ","Los Angeles, CA",73.3,10.2,3.52,7.88,Low,8.4,Storm,Summer,1,8,8.5,Refrigerated,0,3,410,80,1111.51,183.1472081,1294.657208,0,0,0,1
SH_574,"Los Angeles, CA","New York, NY",64.7,17.6,4.66,6.03,High,7.7,Clear,Spring,7,8,6.3,Tanker,1,2,2812,70,6186.4,2173.121061,8359.521061,1,0,0,0
SH_575,"Chicago, IL","Phoenix, AZ",55.8,18.3,4.49,7.3,Medium,8.2,Fog,Spring,5,8,3.3,Refrigerated,1,1,1670,60,3086.16,1027.164384,4113.324384,0,1,0,0
SH_576,"Dallas, TX","Atlanta, GA",62.2,13.9,3.3,6.39,Low,8.9,Storm,Spring,2,8,2.0,Refrigerated,0,2,828,70,1776.06,427.6056338,2203.665634,1,0,0,0
SH_577,"New York, NY","Los Angeles, CA",50.5,21.1,4.2,6.78,Low,6.2,Snow,Spring,7,8,4.7,Tanker,0,1,2812,60,5258.44,1741.946903,7000.386903,0,1,0,0
SH_578,"Houston, TX","Chicago, IL",46.3,7.7,4.77,5.37,Medium,8.1,Storm,Fall,3,8,6.9,Tanker,0,1,1083,60,1995.97,961.9944134,2957.964413,0,1,0,0
SH_579,"Atlanta, GA","Denver, CO",42.0,20.2,3.48,5.55,Low,4.5,Storm,Spring,5,8,3.0,Dry Van,0,1,1392,60,2540.4,872.8216216,3413.221622,1,0,0,0
SH_580,"Miami, FL","Phoenix, AZ",71.9,5.2,3.97,4.49,High,5.8,Clear,Spring,5,8,1.6,Tanker,1,3,2276,80,6202.1,2012.4098,8214.5098,0,0,1,0
SH_581,"Los Angeles, CA","Chicago, IL",47.2,23.5,4.09,7.54,Low,7.3,Storm,Fall,6,8,7.3,Refrigerated,0,1,2004,60,3729.44,1087.050398,4816.490398,0,0,1,0
SH_582,"Los Angeles, CA","Phoenix, AZ",61.0,10.0,4.78,4.46,High,4.0,Clear,Winter,2,8,6.0,Flatbed,1,2,410,70,887.65,439.4170404,1327.06704,0,0,1,0
SH_583,"Los Angeles, CA","Seattle, WA",41.7,11.4,3.93,4.91,High,8.5,Fog,Fall,4,8,4.2,Dry Van,0,1,1104,60,2034.67,883.6496945,2918.319695,0,0,0,1
SH_584,"Seattle, WA","Denver, CO",73.7,16.1,3.98,5.41,Medium,9.5,Fog,Summer,3,8,7.6,Flatbed,1,3,1172,80,3160.88,862.2107209,4023.090721,1,0,0,0
SH_585,"Los Angeles, CA","Houston, TX",52.0,15.8,4.7,5.45,Low,8.8,Clear,Summer,5,8,6.2,Tanker,1,1,1577,60,2892.22,1359.981651,4252.201651,1,0,0,0
SH_586,"Atlanta, GA","Dallas, TX",68.2,26.1,3.79,4.21,High,6.4,Clear,Winter,3,8,4.6,Flatbed,1,2,828,70,1776.06,745.3966746,2521.456675,0,0,0,1
SH_587,"Atlanta, GA","Miami, FL",56.8,21.5,3.44,4.45,Medium,7.6,Clear,Spring,3,8,0.3,Tanker,1,1,697,60,1288.06,538.8044944,1826.864494,0,0,1,0
SH_588,"Houston, TX","Seattle, WA",43.7,18.3,3.79,6.45,High,8.8,Snow,Summer,7,8,9.6,Tanker,0,1,2173,60,3965.72,1276.848062,5242.568062,0,1,0,0
SH_589,"Denver, CO","Seattle, WA",61.6,22.0,4.33,6.04,Medium,6.6,Rain,Summer,4,8,0.2,Tanker,1,2,1172,70,2525.66,840.192053,3365.852053,0,0,1,0
SH_590,"Houston, TX","Miami, FL",51.7,14.7,3.28,6.95,Medium,9.1,Rain,Winter,4,8,7.3,Refrigerated,1,1,1112,60,2049.42,524.8,2574.22,1,0,0,0
SH_591,"Los Angeles, CA","Chicago, IL",74.1,19.3,3.68,6.59,High,4.4,Fog,Summer,4,8,1.1,Flatbed,0,3,2004,80,5502.98,1119.07739,6622.05739,0,1,0,0
SH_592,"Denver, CO","Dallas, TX",61.5,13.1,3.38,6.22,Low,7.5,Fog,Fall,2,8,8.5,Flatbed,0,2,762,70,1634.49,414.0771704,2048.56717,0,1,0,0
SH_593,"Houston, TX","Atlanta, GA",52.5,22.0,3.55,7.31,Low,8.4,Storm,Winter,3,8,1.2,Tanker,1,1,806,60,1467.73,391.4227086,1859.152709,1,0,0,0
SH_594,"New York, NY","Seattle, WA",50.0,18.0,4.5,7.35,High,8.2,Storm,Winter,8,8,4.4,Refrigerated,1,1,2762,60,5140.08,1691.020408,6831.100408,1,0,0,0
SH_595,"Phoenix, AZ","Dallas, TX",65.2,28.3,4.06,5.04,High,4.3,Storm,Summer,2,8,7.9,Refrigerated,0,2,1017,70,2181.47,819.25,3000.72,0,1,0,0
SH_596,"New York, NY","Seattle, WA",56.9,6.4,3.35,6.83,High,8.3,Rain,Spring,8,8,5.8,Flatbed,1,1,2762,60,5140.08,1354.714495,6494.794495,0,0,1,0
SH_597,"Atlanta, GA","Dallas, TX",44.2,23.0,3.37,5.31,Low,6.9,Snow,Fall,4,8,2.5,Dry Van,1,1,828,60,1507.79,525.4915254,2033.281525,1,0,0,0
SH_598,"Denver, CO","Atlanta, GA",49.8,8.4,4.46,7.25,Low,5.5,Clear,Winter,5,8,3.9,Dry Van,1,1,1392,60,2540.4,856.32,3396.72,0,1,0,0
SH_599,"Miami, FL","Houston, TX",70.0,23.7,4.61,4.55,High,4.4,Rain,Fall,2,8,3.9,Tanker,0,2,1112,70,2413.04,1126.663736,3539.703736,0,0,0,1
SH_600,"Houston, TX","Los Angeles, CA",65.4,25.9,4.72,5.26,High,9.1,Clear,Winter,5,8,6.2,Dry Van,1,2,1577,70,3406.32,1415.102662,4821.422662,0,0,0,1
SH_601,"Chicago, IL","Seattle, WA",51.4,21.8,3.67,4.72,High,5.7,Storm,Summer,6,8,4.8,Tanker,1,1,1993,60,3691.04,1549.641949,5240.681949,0,0,1,0
SH_602,"New York, NY","Phoenix, AZ",66.3,16.4,4.69,4.46,Medium,5.5,Fog,Fall,6,8,3.8,Flatbed,1,2,2461,70,5377.29,2587.912556,7965.202556,0,1,0,0
SH_603,"Chicago, IL","Houston, TX",56.3,24.8,3.8,5.7,Medium,6.3,Rain,Spring,4,8,9.4,Dry Van,1,1,1083,60,1995.97,722.0,2717.97,0,0,0,1
SH_605,"Denver, CO","Miami, FL",71.0,10.8,3.81,7.97,High,9.2,Rain,Fall,5,8,6.0,Dry Van,1,3,1984,80,5406.4,948.4366374,6354.836637,0,1,0,0
SH_606,"Atlanta, GA","Houston, TX",50.0,20.8,3.91,5.93,High,8.5,Rain,Fall,3,8,3.2,Refrigerated,0,1,806,60,1467.73,531.4435076,1999.173508,0,0,0,1
SH_607,"Atlanta, GA","Houston, TX",42.0,17.1,4.83,6.44,Low,7.3,Rain,Spring,3,8,2.2,Dry Van,0,1,806,60,1467.73,604.5,2072.23,1,0,0,0
SH_608,"Chicago, IL","New York, NY",43.6,23.8,4.81,6.97,High,7.2,Fog,Winter,4,8,6.9,Flatbed,1,1,818,60,1537.02,564.5021521,2101.522152,1,0,0,0
SH_609,"Miami, FL","New York, NY",53.8,26.3,3.69,4.14,High,8.5,Snow,Fall,4,8,1.6,Refrigerated,1,1,1256,60,2360.02,1119.478261,3479.498261,0,0,1,0
SH_610,"Denver, CO","Atlanta, GA",46.7,23.0,3.54,5.26,Low,9.1,Clear,Fall,4,8,6.7,Tanker,0,1,1392,60,2540.4,936.8212928,3477.221293,1,0,0,0
SH_612,"Miami, FL","Dallas, TX",45.2,29.6,3.42,4.52,High,5.2,Rain,Fall,5,8,5.7,Flatbed,1,1,1277,60,2353.51,966.2256637,3319.735664,0,0,1,0
SH_613,"Miami, FL","Houston, TX",41.2,16.1,4.63,7.54,High,4.5,Snow,Spring,5,8,6.3,Dry Van,1,1,1112,60,2049.42,682.8328912,2732.252891,1,0,0,0
SH_614,"New York, NY","Miami, FL",44.2,29.4,3.37,5.78,Low,6.9,Fog,Fall,5,8,6.3,Refrigerated,1,1,1256,60,2360.02,732.3044983,3092.324498,0,0,0,1
SH_615,"Miami, FL","New York, NY",62.0,28.1,5.0,4.13,Medium,5.4,Fog,Spring,3,8,3.9,Refrigerated,0,2,1256,70,2775.76,1520.581114,4296.341114,1,0,0,0
SH_616,"Chicago, IL","Houston, TX",50.7,29.6,4.29,6.87,High,9.9,Fog,Fall,3,8,6.3,Refrigerated,0,1,1083,60,1995.97,676.2838428,2672.253843,0,1,0,0
SH_617,"Los Angeles, CA","Phoenix, AZ",69.8,23.5,4.09,6.61,Low,5.6,Fog,Fall,2,8,6.1,Refrigerated,1,2,410,70,887.65,253.6913767,1141.341377,0,0,0,1
SH_618,"Phoenix, AZ","Houston, TX",66.0,10.7,3.12,5.2,High,6.8,Storm,Winter,3,8,3.5,Tanker,0,2,1166,70,2501.07,699.6,3200.67,0,0,1,0
SH_619,"Los Angeles, CA","Dallas, TX",42.0,19.6,4.77,4.61,Medium,7.6,Fog,Winter,6,8,4.2,Tanker,1,1,1423,60,2609.78,1472.388286,4082.168286,1,0,0,0
SH_620,"Houston, TX","Miami, FL",54.4,17.6,3.01,6.77,High,8.0,Storm,Summer,3,8,4.2,Dry Van,0,1,1112,60,2049.42,494.4047267,2543.824727,0,0,0,1
SH_621,"Denver, CO","Chicago, IL",71.8,22.9,4.16,7.19,High,9.2,Storm,Spring,3,8,4.8,Refrigerated,1,3,1056,80,2877.6,610.9819193,3488.581919,0,0,0,1
SH_622,"Miami, FL","New York, NY",73.8,22.4,3.17,7.45,High,6.9,Fog,Fall,4,8,5.5,Flatbed,1,3,1256,80,3484.14,534.4322148,4018.572215,0,1,0,0
SH_623,"New York, NY","Houston, TX",70.7,10.1,4.65,6.23,High,4.3,Rain,Spring,4,8,2.9,Dry Van,1,3,1630,80,4453.16,1216.613162,5669.773162,0,0,0,1
SH_624,"New York, NY","Denver, CO",70.0,12.6,3.39,4.52,Low,5.8,Rain,Summer,5,8,4.7,Refrigerated,1,2,1872,70,4090.32,1404.0,5494.32,0,1,0,0
SH_625,"Miami, FL","Houston, TX",45.8,13.3,4.88,5.37,Medium,9.9,Storm,Fall,5,8,0.5,Dry Van,1,1,1112,60,2049.42,1010.532588,3059.952588,0,0,0,1
SH_627,"Atlanta, GA","Houston, TX",42.8,6.2,3.04,4.76,High,6.5,Clear,Spring,4,8,4.6,Refrigerated,1,1,806,60,1467.73,514.7563025,1982.486303,0,0,0,1
SH_628,"Chicago, IL","New York, NY",59.7,7.8,4.22,6.27,Medium,8.8,Storm,Winter,3,8,2.5,Flatbed,1,1,818,60,1537.02,550.5518341,2087.571834,1,0,0,0
SH_629,"Seattle, WA","Chicago, IL",71.8,24.6,3.97,7.78,Medium,4.3,Storm,Spring,5,8,4.5,Flatbed,1,3,1993,80,5444.88,1016.993573,6461.873573,0,0,1,0
SH_630,"Houston, TX","Atlanta, GA",73.6,8.6,4.16,5.13,High,5.7,Snow,Fall,2,8,5.9,Refrigerated,0,3,806,80,2162.5,653.5984405,2816.098441,0,0,0,1
SH_631,"Seattle, WA","Los Angeles, CA",53.7,16.2,4.46,5.43,Low,4.4,Snow,Summer,4,8,1.2,Tanker,1,1,1104,60,2034.67,906.7845304,2941.45453,0,1,0,0
SH_632,"Seattle, WA","Houston, TX",56.5,22.8,3.79,5.03,Medium,6.1,Rain,Spring,6,8,6.3,Tanker,1,1,2173,60,3965.72,1637.310139,5603.030139,0,0,1,0
SH_633,"Seattle, WA","New York, NY",63.8,19.3,4.22,7.77,Medium,8.7,Fog,Spring,7,8,6.9,Flatbed,1,2,2762,70,6048.78,1500.082368,7548.862368,1,0,0,0
SH_634,"Houston, TX","Miami, FL",47.5,26.7,4.91,4.95,Medium,9.3,Rain,Summer,3,8,0.6,Flatbed,0,1,1112,60,2049.42,1103.014141,3152.434141,1,0,0,0
SH_635,"Seattle, WA","Los Angeles, CA",42.0,26.1,3.12,5.09,Medium,4.6,Fog,Winter,5,8,0.9,Tanker,1,1,1104,60,2034.67,676.7151277,2711.385128,0,1,0,0
SH_636,"Houston, TX","Dallas, TX",44.7,26.3,4.63,4.05,Medium,9.4,Storm,Spring,2,8,0.3,Flatbed,1,1,259,60,470.34,296.091358,766.431358,0,0,0,1
SH_637,"Atlanta, GA","Denver, CO",58.0,24.9,3.68,6.82,Medium,5.1,Fog,Spring,4,8,2.6,Refrigerated,1,1,1392,60,2540.4,751.1085044,3291.508504,1,0,0,0
SH_638,"Denver, CO","Atlanta, GA",62.7,17.8,3.89,7.87,Low,7.4,Fog,Spring,4,8,1.4,Dry Van,1,2,1392,70,2992.8,688.0406607,3680.840661,0,0,1,0
SH_639,"Seattle, WA","Houston, TX",70.4,19.6,4.44,5.49,Low,4.6,Clear,Spring,5,8,3.9,Refrigerated,1,3,2173,80,5845.37,1757.398907,7602.768907,0,0,1,0
SH_640,"Chicago, IL","Phoenix, AZ",48.5,29.2,4.92,4.99,Medium,6.1,Snow,Fall,6,8,9.7,Refrigerated,1,1,1670,60,3086.16,1646.573146,4732.733146,0,0,0,1
SH_641,"Dallas, TX","Los Angeles, CA",51.2,18.2,4.38,5.09,High,8.4,Clear,Spring,5,8,0.5,Flatbed,1,1,1423,60,2609.78,1224.506876,3834.286876,0,0,0,1
SH_642,"Houston, TX","Los Angeles, CA",52.4,12.9,3.98,5.28,Medium,5.2,Clear,Spring,4,8,9.7,Flatbed,0,1,1577,60,2892.22,1188.723485,4080.943485,1,0,0,0
SH_643,"Dallas, TX","Phoenix, AZ",55.6,19.4,4.97,4.97,Medium,8.1,Fog,Summer,4,8,3.8,Tanker,1,1,1017,60,1851.96,1017.0,2868.96,0,0,1,0
SH_644,"Phoenix, AZ","Dallas, TX",40.3,17.3,4.97,5.11,Low,6.4,Rain,Winter,5,8,4.2,Dry Van,1,1,1017,60,1851.96,989.1369863,2841.096986,0,0,1,0
SH_645,"Chicago, IL","Seattle, WA",72.8,21.9,3.24,4.28,Low,6.9,Rain,Summer,4,8,2.5,Tanker,0,3,1993,80,5444.88,1508.719626,6953.599626,0,0,1,0
SH_646,"Chicago, IL","Atlanta, GA",43.1,22.9,3.54,7.04,Medium,8.3,Rain,Winter,3,8,5.1,Refrigerated,1,1,677,60,1251.1,340.4232955,1591.523295,1,0,0,0
SH_647,"Chicago, IL","Seattle, WA",70.3,26.8,3.84,5.78,Low,5.8,Fog,Fall,5,8,2.7,Dry Van,1,3,1993,80,5444.88,1324.069204,6768.949204,1,0,0,0
SH_648,"Los Angeles, CA","Dallas, TX",67.2,26.5,4.69,5.44,High,8.1,Storm,Winter,4,8,0.6,Dry Van,1,2,1423,70,3073.68,1226.814338,4300.494338,0,0,1,0
SH_649,"Houston, TX","Atlanta, GA",40.3,15.2,3.66,6.77,Low,8.6,Rain,Winter,4,8,2.9,Refrigerated,1,1,806,60,1467.73,435.7400295,1903.47003,0,1,0,0
SH_650,"Miami, FL","Dallas, TX",65.4,22.3,4.97,4.9,Medium,8.0,Storm,Winter,3,8,1.6,Tanker,0,2,1277,70,2771.09,1295.242857,4066.332857,1,0,0,0
SH_651,"Dallas, TX","New York, NY",59.9,11.9,3.95,5.34,High,7.5,Fog,Spring,4,8,5.7,Dry Van,0,1,1576,60,2918.75,1165.76779,4084.51779,0,0,1,0
SH_652,"Atlanta, GA","Los Angeles, CA",58.2,6.3,3.47,5.97,Low,5.9,Storm,Summer,5,8,5.0,Flatbed,0,1,2223,60,4088.1,1292.095477,5380.195477,0,1,0,0
SH_653,"Miami, FL","Los Angeles, CA",49.0,16.6,3.27,7.71,High,9.2,Clear,Spring,7,8,6.2,Tanker,0,1,2686,60,4998.65,1139.198444,6137.848444,0,0,1,0
SH_654,"Miami, FL","Seattle, WA",71.5,20.7,3.88,4.16,Medium,7.0,Fog,Spring,7,8,2.7,Flatbed,1,3,3141,80,8581.21,2929.586538,11510.79654,1,0,0,0
SH_655,"Miami, FL","Los Angeles, CA",48.8,25.6,3.17,7.46,Low,7.0,Fog,Fall,8,8,1.6,Dry Van,1,1,2686,60,4998.65,1141.369973,6140.019973,0,1,0,0
SH_656,"Atlanta, GA","Los Angeles, CA",45.1,26.9,4.06,5.87,Medium,4.6,Snow,Fall,7,8,8.7,Dry Van,0,1,2223,60,4088.1,1537.543441,5625.643441,0,1,0,0
SH_657,"Chicago, IL","Seattle, WA",61.9,6.9,3.22,4.2,Medium,5.5,Snow,Summer,6,8,3.9,Dry Van,1,2,1993,70,4344.74,1527.966667,5872.706667,0,1,0,0
SH_658,"Dallas, TX","Seattle, WA",61.4,25.9,4.42,4.45,High,8.4,Rain,Winter,4,8,1.7,Dry Van,0,2,1932,70,4153.8,1918.975281,6072.775281,0,0,0,1
SH_659,"Miami, FL","Chicago, IL",56.2,24.7,4.21,6.62,High,10.0,Fog,Spring,4,8,4.1,Tanker,0,1,1370,60,2561.9,871.2537764,3433.153776,0,0,1,0
SH_660,"New York, NY","Houston, TX",40.8,7.3,4.36,7.52,Medium,7.1,Snow,Winter,5,8,2.6,Flatbed,0,1,1630,60,3018.76,945.0531915,3963.813191,1,0,0,0
SH_661,"Dallas, TX","Los Angeles, CA",66.3,19.7,3.43,4.39,Low,4.4,Rain,Winter,3,8,4.3,Tanker,0,2,1423,70,3073.68,1111.820046,4185.500046,0,0,0,1
SH_662,"Chicago, IL","Dallas, TX",72.5,21.0,3.62,6.1,High,4.4,Fog,Fall,2,8,3.6,Dry Van,0,3,925,80,2514.15,548.9344262,3063.084426,0,0,0,1
SH_663,"Miami, FL","Atlanta, GA",52.4,22.1,4.32,6.86,High,5.6,Clear,Winter,3,8,1.3,Refrigerated,1,1,697,60,1288.06,438.9271137,1726.987114,0,0,1,0
SH_664,"Chicago, IL","Phoenix, AZ",41.4,19.9,4.74,7.56,Low,6.7,Snow,Fall,6,8,0.8,Dry Van,0,1,1670,60,3086.16,1047.063492,4133.223492,1,0,0,0
SH_665,"New York, NY","Houston, TX",68.7,11.1,3.84,7.36,Low,9.3,Clear,Summer,3,8,5.5,Flatbed,0,2,1630,70,3553.4,850.4347826,4403.834783,1,0,0,0
SH_666,"Seattle, WA","Chicago, IL",43.6,27.8,4.64,7.04,High,4.3,Rain,Fall,6,8,5.3,Refrigerated,0,1,1993,60,3691.04,1313.568182,5004.608182,0,1,0,0
SH_667,"Seattle, WA","Atlanta, GA",63.9,23.8,4.45,7.48,High,5.1,Rain,Fall,6,8,9.5,Flatbed,1,2,2505,70,5398.28,1490.274064,6888.554064,1,0,0,0
SH_668,"Phoenix, AZ","Denver, CO",44.4,18.1,3.22,4.81,Low,10.0,Rain,Fall,2,8,2.8,Dry Van,0,1,673,60,1228.23,450.5322245,1678.762225,0,0,1,0
SH_669,"Seattle, WA","Phoenix, AZ",73.8,16.0,3.52,7.35,Medium,8.3,Storm,Summer,4,8,2.1,Dry Van,1,3,1282,80,3457.55,613.9646259,4071.514626,1,0,0,0
SH_670,"Denver, CO","Miami, FL",44.4,8.2,4.35,7.43,Low,9.8,Storm,Spring,7,8,1.1,Tanker,1,1,1984,60,3666.43,1161.561238,4827.991238,1,0,0,0
SH_671,"Miami, FL","Phoenix, AZ",60.3,20.5,4.56,6.81,Medium,9.0,Clear,Winter,5,8,5.0,Dry Van,0,2,2276,70,4950.3,1524.017621,6474.317621,0,0,0,1
SH_672,"Seattle, WA","Los Angeles, CA",50.5,5.5,3.86,4.13,Low,9.7,Snow,Spring,4,8,7.9,Refrigerated,1,1,1104,60,2034.67,1031.825666,3066.495666,0,0,1,0
SH_673,"Dallas, TX","Houston, TX",47.6,20.5,3.1,5.93,High,4.1,Storm,Spring,1,8,5.0,Flatbed,0,1,259,60,470.34,135.3962901,605.7362901,1,0,0,0
SH_674,"Phoenix, AZ","Miami, FL",45.1,21.1,3.47,4.63,Low,8.1,Snow,Summer,7,8,4.9,Refrigerated,0,1,2276,60,4206.05,1705.771058,5911.821058,0,0,0,1
SH_675,"Houston, TX","New York, NY",72.5,9.1,3.0,7.94,High,9.4,Fog,Spring,4,8,8.3,Flatbed,1,3,1630,80,4453.16,615.8690176,5069.029018,1,0,0,0
SH_676,"Phoenix, AZ","Los Angeles, CA",49.1,27.0,3.39,7.79,High,5.2,Storm,Winter,2,8,9.7,Dry Van,0,1,410,60,753.99,178.4210526,932.4110526,1,0,0,0
SH_677,"New York, NY","Denver, CO",73.1,21.9,3.6,4.75,Low,5.8,Snow,Summer,5,8,1.4,Tanker,1,3,1872,80,5127.41,1418.778947,6546.188947,0,0,0,1
SH_678,"Chicago, IL","Atlanta, GA",54.8,24.9,3.28,4.52,High,7.9,Storm,Winter,2,8,1.0,Tanker,0,1,677,60,1251.1,491.2743363,1742.374336,0,1,0,0
SH_679,"Houston, TX","Seattle, WA",72.3,25.5,3.71,6.62,Medium,7.2,Storm,Spring,4,8,6.8,Dry Van,0,3,2173,80,5845.37,1217.799094,7063.169094,0,0,0,1
SH_680,"Los Angeles, CA","Dallas, TX",49.3,6.0,3.91,7.56,High,7.4,Fog,Fall,4,8,9.9,Flatbed,0,1,1423,60,2609.78,735.9695767,3345.749577,1,0,0,0
SH_681,"Denver, CO","Houston, TX",64.2,21.9,4.96,7.94,Low,8.1,Rain,Summer,3,8,2.8,Flatbed,1,2,1010,70,2166.45,630.9319899,2797.38199,0,1,0,0
SH_682,"New York, NY","Dallas, TX",70.0,25.4,3.9,5.96,Medium,5.3,Snow,Winter,4,8,7.6,Tanker,1,2,1576,70,3435.68,1031.275168,4466.955168,0,0,1,0
SH_683,"Los Angeles, CA","New York, NY",72.9,9.4,4.75,6.95,High,5.5,Rain,Fall,5,8,2.7,Tanker,0,3,2812,80,7761.12,1921.870504,9682.990504,0,0,1,0
SH_684,"Seattle, WA","New York, NY",62.2,23.0,3.51,6.88,Low,4.2,Clear,Summer,7,8,4.6,Tanker,1,2,2762,70,6048.78,1409.101744,7457.881744,0,0,1,0
SH_685,"New York, NY","Chicago, IL",71.4,28.4,4.96,7.47,High,5.0,Fog,Fall,3,8,5.8,Dry Van,1,3,818,80,2269.13,543.1432396,2812.27324,1,0,0,0
SH_686,"Atlanta, GA","Miami, FL",46.2,5.2,4.61,4.31,High,6.5,Clear,Summer,3,8,2.4,Refrigerated,1,1,697,60,1288.06,745.5150812,2033.575081,0,1,0,0
SH_687,"New York, NY","Phoenix, AZ",67.0,20.8,4.98,5.38,Low,4.4,Fog,Winter,5,8,5.2,Refrigerated,0,2,2461,70,5377.29,2278.026022,7655.316022,1,0,0,0
SH_688,"Miami, FL","Los Angeles, CA",67.4,10.1,3.52,4.37,Low,6.4,Clear,Winter,5,8,5.1,Refrigerated,0,2,2686,70,5882.34,2163.551487,8045.891487,0,0,0,1
SH_689,"Houston, TX","Dallas, TX",71.7,8.4,3.11,4.07,High,4.9,Clear,Summer,2,8,5.0,Tanker,1,3,259,80,693.08,197.9090909,890.9890909,0,0,1,0
SH_690,"Dallas, TX","Miami, FL",55.6,22.7,4.46,4.7,High,6.2,Storm,Spring,4,8,0.7,Refrigerated,1,1,1277,60,2353.51,1211.791489,3565.301489,0,1,0,0
SH_691,"Seattle, WA","Phoenix, AZ",58.7,29.9,3.95,7.26,High,6.6,Rain,Winter,3,8,8.1,Tanker,0,1,1282,60,2346.06,697.5068871,3043.566887,1,0,0,0
SH_692,"Houston, TX","Los Angeles, CA",48.7,27.8,3.31,6.51,Medium,4.2,Rain,Summer,6,8,2.4,Flatbed,1,1,1577,60,2892.22,801.8233487,3694.043349,0,0,0,1
SH_693,"Dallas, TX","Chicago, IL",65.8,13.0,4.01,4.65,High,9.8,Snow,Summer,2,8,8.6,Flatbed,0,2,925,70,2007.25,797.688172,2804.938172,0,0,0,1
SH_694,"Houston, TX","Denver, CO",66.7,8.6,3.02,4.08,Medium,7.5,Storm,Winter,3,8,2.0,Dry Van,1,2,1010,70,2166.45,747.5980392,2914.048039,1,0,0,0
SH_695,"New York, NY","Seattle, WA",66.1,8.6,4.76,5.08,Low,9.9,Rain,Fall,6,8,1.8,Flatbed,0,2,2762,70,6048.78,2588.015748,8636.795748,0,0,0,1
SH_696,"Atlanta, GA","Seattle, WA",55.4,6.7,4.16,6.39,Medium,8.4,Fog,Fall,6,8,4.5,Refrigerated,0,1,2505,60,4584.15,1630.798122,6214.948122,1,0,0,0
SH_697,"Miami, FL","New York, NY",47.1,20.7,3.72,7.98,High,6.9,Snow,Spring,4,8,5.7,Dry Van,0,1,1256,60,2360.02,585.5037594,2945.523759,0,0,0,1
SH_698,"Houston, TX","Denver, CO",68.0,16.3,4.44,6.34,High,7.0,Snow,Spring,3,8,2.2,Refrigerated,1,2,1010,70,2166.45,707.318612,2873.768612,0,0,0,1
SH_699,"Denver, CO","Los Angeles, CA",69.1,16.6,3.97,7.74,High,7.8,Fog,Spring,2,8,4.6,Tanker,0,2,954,70,2065.41,489.3255814,2554.735581,1,0,0,0
SH_700,"New York, NY","Los Angeles, CA",72.5,16.5,3.36,5.21,Medium,4.3,Storm,Summer,5,8,8.5,Tanker,0,3,2812,80,7761.12,1813.497121,9574.617121,0,0,1,0
SH_701,"Atlanta, GA","Los Angeles, CA",72.6,8.1,3.76,4.11,High,9.1,Rain,Spring,4,8,6.3,Dry Van,0,3,2223,80,6026.55,2033.693431,8060.243431,0,1,0,0
SH_702,"Denver, CO","Los Angeles, CA",55.0,12.7,4.92,7.86,High,5.7,Rain,Summer,3,8,9.7,Flatbed,0,1,954,60,1754.41,597.1603053,2351.570305,0,1,0,0
SH_703,"Los Angeles, CA","Miami, FL",54.4,7.5,4.02,4.1,High,6.4,Clear,Summer,8,8,5.3,Tanker,1,1,2686,60,4998.65,2633.590244,7632.240244,0,0,1,0
SH_704,"Houston, TX","Phoenix, AZ",68.0,26.1,4.27,4.17,High,5.2,Snow,Spring,3,8,3.7,Refrigerated,0,2,1166,70,2501.07,1193.961631,3695.031631,0,0,1,0
SH_705,"Los Angeles, CA","New York, NY",64.6,12.5,3.54,7.99,High,9.1,Storm,Summer,6,8,9.8,Refrigerated,0,2,2812,70,6186.4,1245.867334,7432.267334,0,0,1,0
SH_706,"Atlanta, GA","Dallas, TX",66.0,5.8,3.24,6.53,Low,9.4,Fog,Spring,3,8,1.3,Tanker,1,2,828,70,1776.06,410.8300153,2186.890015,0,1,0,0
SH_707,"Los Angeles, CA","Denver, CO",69.5,8.5,4.04,4.15,Medium,4.5,Rain,Spring,2,8,6.9,Refrigerated,0,2,954,70,2065.41,928.713253,2994.123253,0,0,0,1
SH_708,"Dallas, TX","Denver, CO",47.5,25.3,3.43,6.17,Medium,9.8,Fog,Spring,3,8,9.4,Refrigerated,0,1,762,60,1387.6,423.6077796,1811.20778,1,0,0,0
SH_709,"Chicago, IL","Los Angeles, CA",59.9,14.4,4.93,5.09,High,6.4,Fog,Summer,5,8,5.4,Tanker,0,1,2004,60,3729.44,1941.005894,5670.445894,0,0,0,1
SH_710,"Denver, CO","New York, NY",49.0,22.5,3.03,4.2,High,7.6,Fog,Summer,5,8,5.4,Tanker,0,1,1872,60,3474.43,1350.514286,4824.944286,0,0,0,1
SH_711,"Seattle, WA","Chicago, IL",57.5,6.8,4.37,6.01,Medium,8.6,Clear,Spring,5,8,1.5,Tanker,0,1,1993,60,3691.04,1449.153078,5140.193078,0,1,0,0
SH_712,"Seattle, WA","Denver, CO",46.0,26.8,4.23,4.63,High,9.8,Clear,Spring,5,8,6.3,Dry Van,1,1,1172,60,2144.76,1070.7473,3215.5073,0,0,0,1
SH_713,"Denver, CO","Houston, TX",68.1,25.4,4.96,6.01,Medium,6.7,Rain,Fall,2,8,1.3,Dry Van,0,2,1010,70,2166.45,833.5440932,2999.994093,0,0,0,1
SH_714,"Seattle, WA","Los Angeles, CA",59.1,7.2,3.84,7.41,High,9.1,Fog,Winter,3,8,8.7,Flatbed,0,1,1104,60,2034.67,572.1133603,2606.78336,1,0,0,0
SH_715,"New York, NY","Seattle, WA",65.2,7.5,4.25,5.42,Medium,8.7,Fog,Summer,6,8,6.4,Tanker,0,2,2762,70,6048.78,2165.774908,8214.554908,0,1,0,0
SH_716,"Los Angeles, CA","Phoenix, AZ",65.0,26.8,3.25,7.47,High,7.6,Rain,Fall,2,8,4.5,Flatbed,1,2,410,70,887.65,178.3801874,1066.030187,0,1,0,0
SH_717,"Miami, FL","Los Angeles, CA",55.9,26.3,4.16,4.32,High,5.2,Clear,Winter,8,8,3.6,Flatbed,1,1,2686,60,4998.65,2586.518519,7585.168519,0,0,0,1
SH_718,"Miami, FL","Chicago, IL",58.5,19.6,4.59,5.36,High,8.8,Fog,Spring,4,8,5.5,Tanker,1,1,1370,60,2561.9,1173.190299,3735.090299,0,0,0,1
SH_719,"Dallas, TX","Los Angeles, CA",72.7,23.2,4.84,7.63,High,7.6,Rain,Spring,3,8,5.6,Refrigerated,0,3,1423,80,3847.79,902.6631717,4750.453172,0,1,0,0
SH_720,"Dallas, TX","Denver, CO",67.1,7.7,4.56,4.68,Medium,6.7,Fog,Summer,2,8,6.9,Refrigerated,0,2,762,70,1634.49,742.4615385,2376.951538,1,0,0,0
SH_721,"Los Angeles, CA","Atlanta, GA",50.2,7.1,3.6,6.69,High,6.0,Snow,Winter,7,8,2.4,Tanker,1,1,2223,60,4088.1,1196.233184,5284.333184,0,0,0,1
SH_722,"Phoenix, AZ","Seattle, WA",66.6,10.1,4.42,4.08,High,6.5,Fog,Spring,4,8,3.4,Refrigerated,1,2,1282,70,2762.71,1388.833333,4151.543333,0,0,0,1
SH_723,"Phoenix, AZ","Denver, CO",47.2,23.5,3.1,7.41,Low,5.2,Storm,Winter,3,8,3.5,Refrigerated,1,1,673,60,1228.23,281.5519568,1509.781957,0,1,0,0
SH_724,"New York, NY","Seattle, WA",51.2,27.6,3.25,4.71,Low,7.0,Rain,Spring,8,8,5.8,Flatbed,1,1,2762,60,5140.08,1905.838641,7045.918641,0,1,0,0
SH_725,"Dallas, TX","Los Angeles, CA",51.3,5.9,3.25,7.66,High,7.0,Storm,Summer,4,8,0.4,Dry Van,0,1,1423,60,2609.78,603.7532637,3213.533264,0,0,1,0
SH_726,"Dallas, TX","Chicago, IL",58.5,10.1,3.22,5.53,Low,9.0,Rain,Summer,3,8,6.0,Refrigerated,1,1,925,60,1704.77,538.6075949,2243.377595,1,0,0,0
SH_727,"New York, NY","Miami, FL",44.0,19.7,4.33,4.8,Low,9.3,Snow,Summer,5,8,1.0,Dry Van,1,1,1256,60,2360.02,1133.016667,3493.036667,0,0,1,0
SH_728,"Chicago, IL","Denver, CO",72.7,20.9,4.6,5.87,Low,6.2,Snow,Fall,2,8,1.2,Refrigerated,0,3,1056,80,2877.6,827.5298126,3705.129813,0,0,0,1
SH_729,"Houston, TX","Miami, FL",43.3,5.7,3.81,7.97,Medium,5.0,Storm,Spring,4,8,7.2,Refrigerated,0,1,1112,60,2049.42,531.5834379,2581.003438,1,0,0,0
SH_730,"Chicago, IL","Seattle, WA",63.8,10.1,4.49,7.98,Medium,8.0,Storm,Summer,5,8,9.2,Tanker,1,2,1993,70,4344.74,1121.374687,5466.114687,0,0,0,1
SH_731,"Houston, TX","Seattle, WA",65.5,27.2,3.12,5.8,High,5.2,Snow,Spring,6,8,6.5,Tanker,1,2,2173,70,4671.95,1168.924138,5840.874138,0,0,1,0
SH_732,"Phoenix, AZ","Los Angeles, CA",56.1,12.0,3.74,4.64,Low,9.3,Snow,Spring,1,8,1.7,Flatbed,0,1,410,60,753.99,330.4741379,1084.464138,1,0,0,0
SH_733,"Dallas, TX","Phoenix, AZ",51.2,19.8,3.42,4.47,Low,9.8,Rain,Fall,3,8,7.9,Tanker,0,1,1017,60,1851.96,778.1073826,2630.067383,0,0,0,1
SH_734,"Miami, FL","New York, NY",44.7,8.6,4.39,6.57,High,8.7,Rain,Winter,5,8,1.4,Refrigerated,1,1,1256,60,2360.02,839.2450533,3199.265053,0,0,0,1
SH_735,"Houston, TX","Chicago, IL",43.3,28.9,4.22,4.01,Medium,9.4,Storm,Summer,4,8,0.9,Flatbed,0,1,1083,60,1995.97,1139.715711,3135.685711,0,0,1,0
SH_736,"Miami, FL","New York, NY",49.0,13.4,3.8,4.2,High,7.0,Storm,Winter,4,8,2.4,Refrigerated,0,1,1256,60,2360.02,1136.380952,3496.400952,0,1,0,0
SH_737,"Miami, FL","New York, NY",43.7,11.7,4.04,6.26,Medium,4.1,Fog,Winter,5,8,3.6,Refrigerated,1,1,1256,60,2360.02,810.5814696,3170.60147,0,0,1,0
SH_738,"Los Angeles, CA","Phoenix, AZ",68.3,14.5,3.09,4.71,Medium,9.7,Fog,Fall,2,8,3.9,Flatbed,1,2,410,70,887.65,268.9808917,1156.630892,0,0,0,1
SH_739,"New York, NY","Miami, FL",71.9,18.9,3.35,5.51,High,9.1,Clear,Spring,4,8,3.9,Dry Van,1,3,1256,80,3484.14,763.6297641,4247.769764,1,0,0,0
SH_740,"Chicago, IL","Los Angeles, CA",47.5,10.5,4.46,6.0,Low,6.5,Snow,Fall,7,8,1.9,Refrigerated,1,1,2004,60,3729.44,1489.64,5219.08,0,0,1,0
SH_741,"Los Angeles, CA","Chicago, IL",43.2,18.9,4.78,5.15,High,6.0,Snow,Winter,7,8,0.4,Dry Van,1,1,2004,60,3729.44,1860.023301,5589.463301,1,0,0,0
SH_742,"Chicago, IL","Phoenix, AZ",63.6,29.8,4.77,5.89,Medium,7.1,Fog,Summer,5,8,4.6,Refrigerated,1,2,1670,70,3632.25,1352.444822,4984.694822,0,1,0,0
SH_743,"Los Angeles, CA","Chicago, IL",41.8,26.6,3.68,7.6,Low,9.6,Rain,Winter,6,8,6.6,Tanker,0,1,2004,60,3729.44,970.3578947,4699.797895,0,1,0,0
SH_744,"Phoenix, AZ","Seattle, WA",69.2,29.0,4.55,6.49,Low,7.6,Snow,Fall,4,8,5.4,Dry Van,1,2,1282,70,2762.71,898.7827427,3661.492743,0,1,0,0
SH_745,"Los Angeles, CA","Chicago, IL",57.8,6.6,3.77,5.78,High,4.8,Rain,Spring,6,8,5.4,Flatbed,1,1,2004,60,3729.44,1307.107266,5036.547266,0,1,0,0
SH_746,"Denver, CO","Seattle, WA",50.6,23.6,4.93,6.87,Low,10.0,Snow,Winter,4,8,2.9,Flatbed,1,1,1172,60,2144.76,841.0422125,2985.802213,0,0,1,0
SH_747,"Phoenix, AZ","Dallas, TX",64.6,14.3,3.04,6.81,High,4.1,Snow,Winter,2,8,1.6,Dry Van,0,2,1017,70,2181.47,453.9911894,2635.461189,0,1,0,0
SH_748,"Miami, FL","Atlanta, GA",57.6,5.3,3.73,6.4,Medium,9.1,Snow,Summer,2,8,4.8,Tanker,0,1,697,60,1288.06,406.2203125,1694.280313,0,0,0,1
SH_749,"Houston, TX","Los Angeles, CA",51.1,13.6,3.39,6.25,Medium,5.9,Clear,Winter,4,8,6.9,Flatbed,0,1,1577,60,2892.22,855.3648,3747.5848,0,0,0,1
SH_750,"Seattle, WA","Miami, FL",52.6,6.9,3.85,5.77,Medium,8.0,Snow,Spring,8,8,6.8,Dry Van,0,1,3141,60,5817.13,2095.814558,7912.944558,0,0,0,1
SH_751,"Los Angeles, CA","Chicago, IL",48.3,29.5,3.77,5.07,High,6.5,Snow,Fall,6,8,1.7,Flatbed,0,1,2004,60,3729.44,1490.153846,5219.593846,0,0,1,0
SH_752,"Dallas, TX","Phoenix, AZ",56.1,12.2,3.49,6.58,Low,7.9,Clear,Fall,3,8,8.3,Flatbed,0,1,1017,60,1851.96,539.4118541,2391.371854,0,0,0,1
SH_753,"Denver, CO","New York, NY",54.5,22.4,3.54,8.0,High,5.1,Storm,Fall,6,8,1.5,Dry Van,1,1,1872,60,3474.43,828.36,4302.79,1,0,0,0
SH_754,"Miami, FL","Atlanta, GA",55.6,16.2,4.91,7.68,High,5.9,Storm,Winter,2,8,8.5,Tanker,0,1,697,60,1288.06,445.6080729,1733.668073,1,0,0,0
SH_755,"Chicago, IL","Phoenix, AZ",59.0,20.7,3.51,7.2,Medium,7.8,Snow,Fall,4,8,0.6,Tanker,0,1,1670,60,3086.16,814.125,3900.285,0,1,0,0
SH_756,"Atlanta, GA","Los Angeles, CA",61.5,9.8,4.21,6.71,Medium,7.2,Snow,Fall,6,8,5.8,Refrigerated,1,2,2223,70,4812.8,1394.758569,6207.558569,0,1,0,0
SH_757,"Miami, FL","Phoenix, AZ",41.9,7.7,3.35,6.76,Low,7.9,Clear,Fall,8,8,6.3,Flatbed,1,1,2276,60,4206.05,1127.899408,5333.949408,0,0,0,1
SH_758,"Phoenix, AZ","New York, NY",66.0,12.0,4.13,4.35,Medium,6.5,Snow,Spring,6,8,1.4,Flatbed,1,2,2461,70,5377.29,2336.535632,7713.825632,0,1,0,0
SH_759,"Chicago, IL","Miami, FL",59.7,26.2,3.89,7.67,High,6.6,Clear,Summer,4,8,9.6,Tanker,1,1,1370,60,2561.9,694.8239896,3256.72399,0,0,1,0
SH_760,"New York, NY","Denver, CO",58.3,5.6,3.83,5.2,High,8.5,Rain,Spring,6,8,1.3,Tanker,1,1,1872,60,3474.43,1378.8,4853.23,0,0,0,1
SH_761,"Chicago, IL","Miami, FL",71.0,24.4,4.47,7.19,High,5.6,Storm,Fall,4,8,3.4,Tanker,1,3,1370,80,3781.2,851.7246175,4632.924618,0,0,0,1
SH_763,"Miami, FL","Seattle, WA",57.2,6.9,4.24,6.66,Medium,6.3,Rain,Summer,7,8,7.1,Tanker,0,1,3141,60,5817.13,1999.675676,7816.805676,1,0,0,0
SH_764,"New York, NY","Chicago, IL",63.0,10.0,3.29,8.0,High,7.7,Fog,Summer,2,8,2.9,Tanker,0,2,818,70,1807.78,336.4025,2144.1825,1,0,0,0
SH_765,"Chicago, IL","Atlanta, GA",41.7,7.4,3.07,6.0,High,7.6,Clear,Spring,4,8,7.2,Refrigerated,1,1,677,60,1251.1,346.3983333,1597.498333,0,0,0,1
SH_766,"Seattle, WA","Houston, TX",64.0,29.5,4.38,7.53,High,9.7,Storm,Fall,5,8,7.0,Refrigerated,0,2,2173,70,4671.95,1263.976096,5935.926096,0,0,0,1
SH_767,"Miami, FL","Houston, TX",52.5,11.5,4.89,6.91,High,5.3,Snow,Fall,3,8,9.7,Dry Van,0,1,1112,60,2049.42,786.9290883,2836.349088,0,1,0,0
SH_768,"New York, NY","Dallas, TX",72.4,17.9,3.23,6.11,High,4.8,Fog,Spring,3,8,4.8,Dry Van,0,3,1576,80,4305.63,833.1391162,5138.769116,0,1,0,0
SH_770,"Dallas, TX","Atlanta, GA",50.5,15.3,3.44,7.86,High,4.8,Storm,Fall,4,8,0.3,Dry Van,1,1,828,60,1507.79,362.3816794,1870.171679,0,1,0,0
SH_771,"Denver, CO","New York, NY",67.3,10.0,3.16,5.9,High,4.1,Rain,Spring,4,8,2.9,Tanker,0,2,1872,70,4090.32,1002.630508,5092.950508,0,1,0,0
SH_772,"Atlanta, GA","Seattle, WA",49.8,13.7,4.85,4.83,Medium,9.2,Fog,Spring,7,8,0.9,Dry Van,0,1,2505,60,4584.15,2515.372671,7099.522671,0,1,0,0
SH_773,"Los Angeles, CA","Dallas, TX",62.1,23.7,3.42,6.15,High,8.4,Clear,Spring,4,8,4.7,Tanker,1,2,1423,70,3073.68,791.3268293,3865.006829,0,1,0,0
SH_774,"Los Angeles, CA","Chicago, IL",63.7,27.7,4.46,6.94,High,4.5,Fog,Fall,4,8,8.6,Tanker,0,2,2004,70,4388.76,1287.873199,5676.633199,0,1,0,0
SH_775,"Phoenix, AZ","Seattle, WA",44.0,13.2,3.44,7.7,High,9.2,Fog,Fall,4,8,6.1,Dry Van,0,1,1282,60,2346.06,572.7376623,2918.797662,0,1,0,0
SH_776,"Los Angeles, CA","Denver, CO",68.2,29.2,3.54,5.98,Low,4.5,Storm,Fall,3,8,2.4,Refrigerated,1,2,954,70,2065.41,564.7424749,2630.152475,1,0,0,0
SH_777,"Denver, CO","Seattle, WA",66.3,12.9,3.97,5.18,Medium,5.6,Clear,Winter,4,8,2.9,Tanker,1,2,1172,70,2525.66,898.2316602,3423.89166,1,0,0,0
SH_778,"Chicago, IL","Phoenix, AZ",40.1,12.1,4.76,6.37,Low,7.6,Rain,Summer,6,8,6.8,Tanker,0,1,1670,60,3086.16,1247.912088,4334.072088,0,1,0,0
SH_779,"Seattle, WA","Chicago, IL",68.7,7.9,4.31,5.36,Medium,8.5,Clear,Summer,5,8,4.5,Flatbed,1,2,1993,70,4344.74,1602.580224,5947.320224,0,0,1,0
SH_780,"Seattle, WA","Dallas, TX",62.3,29.4,4.65,4.24,Medium,6.3,Storm,Fall,5,8,5.0,Dry Van,1,2,1932,70,4153.8,2118.820755,6272.620755,1,0,0,0
SH_781,"Miami, FL","Houston, TX",71.9,26.8,4.0,5.75,Low,6.0,Clear,Summer,2,8,1.9,Dry Van,0,3,1112,80,3022.42,773.5652174,3795.985217,0,1,0,0
SH_782,"Phoenix, AZ","Los Angeles, CA",55.9,12.5,3.77,7.42,Low,8.5,Snow,Winter,2,8,5.3,Dry Van,1,1,410,60,753.99,208.3153639,962.3053639,1,0,0,0
SH_783,"Chicago, IL","Los Angeles, CA",52.8,25.2,4.05,4.47,Low,4.8,Snow,Summer,6,8,9.4,Refrigerated,1,1,2004,60,3729.44,1815.704698,5545.144698,0,1,0,0
SH_784,"Houston, TX","New York, NY",70.4,24.1,3.5,4.15,High,4.6,Clear,Spring,4,8,2.0,Refrigerated,1,3,1630,80,4453.16,1374.698795,5827.858795,0,1,0,0
SH_785,"Miami, FL","Los Angeles, CA",57.6,23.1,3.23,5.63,High,6.9,Rain,Fall,6,8,9.7,Refrigerated,0,1,2686,60,4998.65,1540.991119,6539.641119,0,0,0,1
SH_786,"Miami, FL","Chicago, IL",42.5,13.6,4.49,5.75,High,8.9,Rain,Fall,6,8,5.2,Tanker,1,1,1370,60,2561.9,1069.791304,3631.691304,0,1,0,0
SH_787,"Atlanta, GA","Phoenix, AZ",51.8,27.7,4.17,4.34,High,6.7,Rain,Spring,5,8,7.9,Dry Van,0,1,1827,60,3334.28,1755.435484,5089.715484,1,0,0,0
SH_788,"Houston, TX","Chicago, IL",71.3,11.7,3.82,7.59,Low,9.4,Fog,Fall,3,8,4.3,Tanker,1,3,1083,80,2943.59,545.0671937,3488.657194,0,1,0,0
SH_789,"Phoenix, AZ","Seattle, WA",55.3,15.2,3.86,6.34,Medium,7.1,Fog,Fall,3,8,0.7,Dry Van,0,1,1282,60,2346.06,780.5236593,3126.583659,0,0,1,0
SH_790,"Seattle, WA","Denver, CO",59.6,14.0,4.62,5.55,Medium,8.8,Fog,Fall,3,8,0.7,Dry Van,0,1,1172,60,2144.76,975.6108108,3120.370811,0,0,1,0
SH_791,"Chicago, IL","Seattle, WA",53.8,24.8,3.56,6.59,Medium,9.2,Fog,Summer,6,8,1.3,Dry Van,1,1,1993,60,3691.04,1076.643399,4767.683399,0,0,1,0
SH_792,"Houston, TX","Chicago, IL",62.2,11.3,4.11,6.11,High,7.9,Storm,Fall,3,8,8.6,Tanker,0,2,1083,70,2350.11,728.4991817,3078.609182,0,0,0,1
SH_793,"New York, NY","Atlanta, GA",64.3,5.4,3.75,5.41,Medium,7.3,Rain,Summer,2,8,7.9,Flatbed,0,2,858,70,1874.73,594.7319778,2469.461978,0,0,1,0
SH_794,"Chicago, IL","Dallas, TX",63.7,25.1,4.12,6.96,Low,8.0,Storm,Winter,3,8,8.1,Tanker,1,2,925,70,2007.25,547.5574713,2554.807471,0,1,0,0
SH_795,"Atlanta, GA","Houston, TX",60.0,23.6,3.76,5.21,Low,6.8,Clear,Winter,2,8,9.3,Flatbed,0,1,806,60,1467.73,581.681382,2049.411382,0,0,1,0
SH_796,"New York, NY","Atlanta, GA",63.2,27.6,3.2,4.93,High,8.3,Clear,Winter,2,8,1.5,Flatbed,0,2,858,70,1874.73,556.9168357,2431.646836,0,1,0,0
SH_797,"Denver, CO","Los Angeles, CA",48.5,16.7,4.18,7.55,High,9.3,Rain,Summer,4,8,0.4,Dry Van,1,1,954,60,1754.41,528.1748344,2282.584834,0,1,0,0
SH_798,"Chicago, IL","Phoenix, AZ",67.5,5.4,4.1,7.43,Medium,6.8,Snow,Summer,4,8,9.3,Refrigerated,0,2,1670,70,3632.25,921.5343203,4553.78432,1,0,0,0
SH_799,"Houston, TX","Dallas, TX",45.6,19.1,4.89,4.02,Medium,5.4,Snow,Winter,2,8,1.7,Dry Van,1,1,259,60,470.34,315.0522388,785.3922388,0,1,0,0
SH_800,"Los Angeles, CA","Phoenix, AZ",60.0,26.5,3.95,7.98,Medium,8.1,Rain,Fall,2,8,7.2,Refrigerated,1,1,410,60,753.99,202.9448622,956.9348622,0,1,0,0
SH_801,"Chicago, IL","Los Angeles, CA",58.1,19.7,3.35,7.85,Medium,5.1,Rain,Winter,6,8,9.2,Tanker,1,1,2004,60,3729.44,855.2101911,4584.650191,0,1,0,0
SH_802,"Chicago, IL","Dallas, TX",42.2,20.0,4.2,4.26,Low,9.8,Storm,Summer,3,8,6.1,Tanker,0,1,925,60,1704.77,911.971831,2616.741831,0,1,0,0
SH_803,"Phoenix, AZ","Los Angeles, CA",50.1,17.8,4.61,4.2,High,7.6,Clear,Winter,3,8,1.6,Tanker,1,1,410,60,753.99,450.0238095,1204.01381,0,0,0,1
SH_804,"Los Angeles, CA","Miami, FL",50.9,19.7,3.28,5.7,High,7.3,Clear,Fall,8,8,7.3,Tanker,1,1,2686,60,4998.65,1545.62807,6544.27807,0,0,1,0
SH_805,"Denver, CO","Chicago, IL",72.9,25.1,4.7,6.2,Low,9.0,Clear,Fall,2,8,4.0,Tanker,0,3,1056,80,2877.6,800.516129,3678.116129,0,0,0,1
SH_806,"New York, NY","Seattle, WA",56.4,12.1,4.92,5.25,Medium,4.6,Snow,Fall,7,8,0.6,Flatbed,0,1,2762,60,5140.08,2588.388571,7728.468571,1,0,0,0
SH_808,"Seattle, WA","Dallas, TX",43.5,6.4,4.33,7.23,High,7.1,Rain,Summer,6,8,5.4,Tanker,0,1,1932,60,3525.9,1157.062241,4682.962241,0,1,0,0
SH_809,"Miami, FL","Phoenix, AZ",60.9,25.2,4.6,7.73,High,8.6,Fog,Spring,5,8,2.3,Refrigerated,0,2,2276,70,4950.3,1354.411384,6304.711384,0,0,0,1
SH_810,"Atlanta, GA","Dallas, TX",58.1,8.1,4.92,5.16,High,9.1,Rain,Fall,2,8,9.2,Tanker,0,1,828,60,1507.79,789.4883721,2297.278372,0,1,0,0
SH_811,"Seattle, WA","Houston, TX",45.5,14.2,4.24,4.64,High,9.8,Fog,Winter,7,8,1.7,Flatbed,1,1,2173,60,3965.72,1985.672414,5951.392414,0,1,0,0
SH_812,"Dallas, TX","Miami, FL",43.0,27.7,3.39,5.67,Low,6.7,Fog,Winter,5,8,8.6,Refrigerated,1,1,1277,60,2353.51,763.4973545,3117.007354,0,0,0,1
SH_813,"Seattle, WA","Los Angeles, CA",53.5,22.2,4.2,4.43,High,7.0,Rain,Winter,3,8,6.3,Flatbed,0,1,1104,60,2034.67,1046.681716,3081.351716,0,0,0,1
SH_814,"Phoenix, AZ","Dallas, TX",47.9,26.8,4.63,4.94,High,5.2,Clear,Spring,3,8,3.1,Refrigerated,0,1,1017,60,1851.96,953.1801619,2805.140162,0,0,1,0
SH_815,"Los Angeles, CA","Dallas, TX",49.2,15.7,4.47,5.35,Low,6.0,Fog,Spring,4,8,1.9,Flatbed,0,1,1423,60,2609.78,1188.936449,3798.716449,0,1,0,0
SH_816,"Chicago, IL","Phoenix, AZ",66.9,11.6,4.53,4.82,High,5.9,Rain,Winter,5,8,9.4,Refrigerated,1,2,1670,70,3632.25,1569.522822,5201.772822,1,0,0,0
SH_817,"Miami, FL","Denver, CO",47.2,14.0,3.3,6.04,Low,6.8,Storm,Spring,6,8,9.3,Dry Van,0,1,1984,60,3666.43,1083.97351,4750.40351,1,0,0,0
SH_818,"Dallas, TX","Los Angeles, CA",57.2,27.4,4.61,4.01,Low,5.9,Clear,Summer,5,8,6.8,Refrigerated,1,1,1423,60,2609.78,1635.917706,4245.697706,0,0,0,1
SH_819,"Los Angeles, CA","Miami, FL",62.0,24.1,4.53,5.43,Low,5.6,Fog,Spring,6,8,4.8,Flatbed,0,2,2686,70,5882.34,2240.80663,8123.14663,1,0,0,0
SH_820,"Chicago, IL","Denver, CO",74.2,10.0,3.43,5.17,Low,5.0,Fog,Winter,2,8,9.1,Flatbed,0,3,1056,80,2877.6,700.5957447,3578.195745,0,1,0,0
SH_821,"Los Angeles, CA","Chicago, IL",54.4,28.4,3.1,4.84,High,7.4,Storm,Summer,6,8,0.4,Tanker,1,1,2004,60,3729.44,1283.553719,5012.993719,1,0,0,0
SH_822,"Los Angeles, CA","Atlanta, GA",62.7,22.5,4.28,5.28,High,4.6,Snow,Fall,5,8,9.5,Tanker,0,2,2223,70,4812.8,1801.977273,6614.777273,0,1,0,0
SH_823,"Los Angeles, CA","Dallas, TX",51.1,24.2,4.0,5.24,Low,8.9,Fog,Winter,5,8,6.7,Dry Van,1,1,1423,60,2609.78,1086.259542,3696.039542,0,0,0,1
SH_824,"Denver, CO","Dallas, TX",59.8,24.1,3.27,4.91,Low,9.3,Rain,Winter,3,8,4.7,Flatbed,1,1,762,60,1387.6,507.4826884,1895.082688,0,1,0,0
SH_826,"Chicago, IL","Los Angeles, CA",72.7,26.8,3.84,6.77,Medium,9.4,Fog,Spring,4,8,2.0,Refrigerated,0,3,2004,80,5502.98,1136.685377,6639.665377,0,0,1,0
SH_827,"Dallas, TX","Miami, FL",42.1,15.3,4.09,5.74,Low,8.5,Fog,Summer,5,8,7.7,Dry Van,1,1,1277,60,2353.51,909.9181185,3263.428118,0,0,0,1
SH_828,"Dallas, TX","Chicago, IL",46.8,18.4,4.87,7.34,Low,9.1,Storm,Spring,3,8,4.3,Refrigerated,0,1,925,60,1704.77,613.726158,2318.496158,0,0,0,1
SH_829,"Phoenix, AZ","Seattle, WA",45.5,5.8,4.89,4.96,Low,5.4,Rain,Fall,5,8,9.3,Dry Van,1,1,1282,60,2346.06,1263.907258,3609.967258,0,0,1,0
SH_830,"Atlanta, GA","Miami, FL",63.3,27.8,3.69,6.49,Low,4.2,Snow,Spring,2,8,7.7,Flatbed,0,2,697,70,1515.97,396.2912173,1912.261217,1,0,0,0
SH_831,"Denver, CO","Atlanta, GA",53.2,18.3,3.0,4.96,Low,5.2,Clear,Fall,4,8,8.1,Tanker,0,1,1392,60,2540.4,841.9354839,3382.335484,0,0,1,0
SH_832,"Denver, CO","Los Angeles, CA",46.7,17.6,4.73,4.97,High,4.5,Fog,Spring,4,8,7.5,Tanker,1,1,954,60,1754.41,907.9315895,2662.34159,0,0,0,1
SH_833,"Los Angeles, CA","Phoenix, AZ",68.6,29.0,4.59,6.42,Low,7.0,Snow,Summer,2,8,0.0,Refrigerated,1,2,410,70,887.65,293.1308411,1180.780841,0,0,1,0
SH_834,"Los Angeles, CA","Dallas, TX",68.3,11.5,4.27,5.82,High,9.2,Clear,Summer,3,8,4.5,Refrigerated,0,2,1423,70,3073.68,1044.022337,4117.702337,0,1,0,0
SH_835,"Phoenix, AZ","New York, NY",63.2,24.6,3.79,6.58,Low,4.9,Snow,Spring,5,8,7.3,Dry Van,0,2,2461,70,5377.29,1417.506079,6794.796079,1,0,0,0
SH_837,"Atlanta, GA","Phoenix, AZ",68.1,11.2,4.8,7.64,Medium,9.7,Clear,Fall,4,8,6.0,Refrigerated,0,2,1827,70,3928.05,1147.853403,5075.903403,0,1,0,0
SH_838,"Miami, FL","Denver, CO",57.4,8.9,3.37,5.46,Low,6.6,Storm,Spring,6,8,0.7,Flatbed,1,1,1984,60,3666.43,1224.556777,4890.986777,0,0,1,0
SH_839,"Dallas, TX","New York, NY",46.4,19.3,4.27,6.23,High,8.4,Storm,Winter,6,8,7.7,Tanker,1,1,1576,60,2918.75,1080.179775,3998.929775,0,1,0,0
SH_840,"Phoenix, AZ","Chicago, IL",56.9,21.2,3.04,6.62,Medium,7.7,Rain,Winter,5,8,0.9,Flatbed,1,1,1670,60,3086.16,766.8882175,3853.048218,1,0,0,0
SH_841,"Atlanta, GA","Los Angeles, CA",64.1,8.2,3.71,6.37,Medium,9.0,Rain,Winter,6,8,2.4,Flatbed,1,2,2223,70,4812.8,1294.714286,6107.514286,0,0,0,1
SH_842,"Houston, TX","Los Angeles, CA",40.3,10.0,4.92,6.45,Medium,5.6,Storm,Winter,6,8,6.6,Tanker,1,1,1577,60,2892.22,1202.92093,4095.14093,0,1,0,0
SH_843,"Los Angeles, CA","Denver, CO",73.9,23.1,3.42,4.42,Medium,8.1,Fog,Winter,3,8,7.9,Flatbed,1,3,954,80,2586.29,738.1628959,3324.452896,1,0,0,0
SH_844,"Miami, FL","Seattle, WA",51.4,5.3,4.4,4.45,Medium,8.6,Fog,Summer,8,8,7.8,Refrigerated,0,1,3141,60,5817.13,3105.707865,8922.837865,0,1,0,0
SH_845,"New York, NY","Miami, FL",42.9,24.1,3.14,5.91,Low,5.0,Storm,Summer,4,8,9.1,Flatbed,0,1,1256,60,2360.02,667.3164129,3027.336413,1,0,0,0
SH_846,"Denver, CO","Miami, FL",58.5,24.1,3.01,7.67,High,5.2,Clear,Summer,5,8,1.3,Dry Van,0,1,1984,60,3666.43,778.5971317,4445.027132,0,0,0,1
SH_847,"Seattle, WA","Chicago, IL",44.6,24.4,3.53,7.73,High,8.3,Rain,Spring,6,8,2.2,Dry Van,0,1,1993,60,3691.04,910.1280724,4601.168072,0,0,0,1
SH_848,"Seattle, WA","Chicago, IL",61.6,24.2,3.21,7.85,Medium,9.3,Storm,Spring,6,8,3.2,Refrigerated,1,2,1993,70,4344.74,814.9719745,5159.711975,1,0,0,0
SH_849,"Miami, FL","Houston, TX",50.1,23.4,3.14,7.46,High,7.0,Fog,Summer,3,8,6.1,Flatbed,0,1,1112,60,2049.42,468.0536193,2517.473619,1,0,0,0
SH_850,"Miami, FL","New York, NY",44.6,23.9,3.55,7.62,Medium,8.9,Storm,Winter,5,8,8.1,Tanker,1,1,1256,60,2360.02,585.144357,2945.164357,1,0,0,0
SH_851,"Phoenix, AZ","Miami, FL",43.5,29.0,4.31,5.82,High,6.4,Clear,Spring,7,8,4.1,Tanker,0,1,2276,60,4206.05,1685.491409,5891.541409,0,0,1,0
SH_852,"Chicago, IL","Denver, CO",67.0,10.7,4.84,6.37,Medium,6.3,Clear,Winter,3,8,6.1,Refrigerated,1,2,1056,70,2296.8,802.3610675,3099.161068,0,0,1,0
SH_853,"Chicago, IL","Los Angeles, CA",57.0,17.6,3.35,7.25,Low,7.3,Rain,Winter,6,8,7.7,Dry Van,1,1,2004,60,3729.44,925.9862069,4655.426207,0,0,1,0
SH_854,"Seattle, WA","Los Angeles, CA",73.2,14.2,3.27,6.07,Medium,4.7,Fog,Fall,3,8,1.8,Flatbed,1,3,1104,80,3000.67,594.7413509,3595.411351,0,1,0,0
SH_855,"Atlanta, GA","Chicago, IL",54.2,14.6,4.59,5.83,Low,5.0,Storm,Summer,3,8,1.5,Tanker,1,1,677,60,1251.1,533.0068611,1784.106861,0,0,1,0
SH_856,"Miami, FL","Phoenix, AZ",59.8,22.9,4.88,7.65,High,9.7,Storm,Fall,6,8,9.7,Tanker,1,1,2276,60,4206.05,1451.879739,5657.929739,0,1,0,0
SH_858,"Houston, TX","Dallas, TX",61.5,26.7,4.32,5.74,Medium,8.9,Snow,Fall,1,8,5.3,Refrigerated,0,2,259,70,554.26,194.9268293,749.1868293,0,1,0,0
SH_859,"Seattle, WA","Houston, TX",41.6,21.7,4.73,4.65,Low,8.9,Rain,Spring,7,8,8.3,Refrigerated,0,1,2173,60,3965.72,2210.384946,6176.104946,1,0,0,0
SH_860,"Dallas, TX","Miami, FL",62.0,14.9,3.51,7.93,Low,9.9,Fog,Summer,3,8,7.9,Dry Van,0,2,1277,70,2771.09,565.2295082,3336.319508,1,0,0,0
SH_861,"Atlanta, GA","Seattle, WA",68.6,15.2,3.65,6.98,Low,4.5,Snow,Summer,6,8,4.8,Refrigerated,1,2,2505,70,5398.28,1309.921203,6708.201203,0,1,0,0
SH_862,"Phoenix, AZ","Seattle, WA",51.2,29.1,4.28,4.09,High,6.6,Snow,Winter,5,8,3.0,Flatbed,1,1,1282,60,2346.06,1341.555012,3687.615012,0,0,1,0
SH_863,"Phoenix, AZ","Los Angeles, CA",66.5,20.2,4.14,4.21,Medium,4.8,Rain,Winter,2,8,2.1,Dry Van,1,2,410,70,887.65,403.1828979,1290.832898,0,0,0,1
SH_864,"Phoenix, AZ","Houston, TX",59.1,12.1,4.9,7.37,High,8.3,Rain,Fall,3,8,0.6,Dry Van,0,1,1166,60,2123.29,775.2238806,2898.513881,0,0,1,0
SH_865,"Phoenix, AZ","Dallas, TX",60.6,27.4,4.31,5.4,High,9.8,Storm,Winter,3,8,6.3,Dry Van,0,2,1017,70,2181.47,811.7166667,2993.186667,0,0,0,1
SH_866,"Denver, CO","Atlanta, GA",53.1,21.7,3.14,5.03,Medium,8.3,Clear,Summer,4,8,4.0,Flatbed,0,1,1392,60,2540.4,868.9622266,3409.362227,0,0,1,0
SH_867,"New York, NY","Seattle, WA",55.5,24.3,3.53,4.02,Medium,8.0,Rain,Winter,8,8,6.5,Flatbed,1,1,2762,60,5140.08,2425.338308,7565.418308,0,1,0,0
SH_868,"Chicago, IL","Seattle, WA",73.2,11.1,4.06,5.93,Low,8.2,Fog,Summer,5,8,7.4,Flatbed,1,3,1993,80,5444.88,1364.51602,6809.39602,1,0,0,0
SH_869,"Denver, CO","Los Angeles, CA",48.3,7.4,4.15,6.21,Medium,5.1,Snow,Fall,3,8,0.8,Dry Van,0,1,954,60,1754.41,637.5362319,2391.946232,0,0,0,1
SH_870,"Houston, TX","Miami, FL",67.4,28.0,3.39,7.84,Medium,4.9,Fog,Winter,4,8,8.3,Refrigerated,1,2,1112,70,2413.04,480.8265306,2893.866531,1,0,0,0
SH_871,"Denver, CO","Phoenix, AZ",54.9,8.2,3.25,6.48,Low,8.1,Fog,Fall,2,8,3.3,Refrigerated,0,1,673,60,1228.23,337.5385802,1565.76858,0,1,0,0
SH_872,"Los Angeles, CA","Atlanta, GA",57.4,18.6,3.34,7.04,Medium,9.9,Storm,Summer,6,8,8.8,Flatbed,1,1,2223,60,4088.1,1054.661932,5142.761932,0,0,0,1
SH_873,"Chicago, IL","Dallas, TX",55.9,18.5,4.7,5.92,High,6.2,Snow,Fall,4,8,5.1,Refrigerated,1,1,925,60,1704.77,734.375,2439.145,1,0,0,0
SH_874,"New York, NY","Los Angeles, CA",64.3,18.0,3.6,5.69,Low,5.8,Fog,Summer,6,8,1.6,Tanker,0,2,2812,70,6186.4,1779.121265,7965.521265,1,0,0,0
SH_875,"Houston, TX","New York, NY",48.8,22.1,4.37,6.01,High,8.7,Fog,Spring,5,8,6.9,Flatbed,0,1,1630,60,3018.76,1185.207987,4203.967987,1,0,0,0
SH_876,"Los Angeles, CA","Houston, TX",43.3,29.4,3.57,5.7,High,7.9,Fog,Winter,6,8,8.1,Dry Van,1,1,1577,60,2892.22,987.7,3879.92,0,1,0,0
SH_877,"Los Angeles, CA","Phoenix, AZ",40.6,22.2,3.6,6.5,High,4.9,Rain,Winter,3,8,5.0,Flatbed,1,1,410,60,753.99,227.0769231,981.0669231,0,0,1,0
SH_878,"Phoenix, AZ","Chicago, IL",58.0,17.4,3.67,4.28,High,4.5,Snow,Fall,5,8,3.6,Tanker,1,1,1670,60,3086.16,1431.985981,4518.145981,0,0,1,0
SH_879,"Phoenix, AZ","Chicago, IL",50.7,22.2,4.73,5.2,High,5.2,Storm,Winter,5,8,6.9,Dry Van,0,1,1670,60,3086.16,1519.057692,4605.217692,1,0,0,0
SH_880,"New York, NY","Dallas, TX",54.6,16.7,3.74,4.4,Medium,5.9,Fog,Spring,4,8,2.9,Dry Van,0,1,1576,60,2918.75,1339.6,4258.35,0,0,0,1
SH_881,"Dallas, TX","Houston, TX",46.8,10.3,3.05,7.59,Medium,5.3,Snow,Winter,2,8,0.4,Dry Van,1,1,259,60,470.34,104.0777339,574.4177339,1,0,0,0
SH_882,"Seattle, WA","Chicago, IL",67.1,16.3,4.51,7.82,Low,8.6,Rain,Winter,5,8,7.6,Refrigerated,1,2,1993,70,4344.74,1149.415601,5494.155601,0,1,0,0
SH_883,"Miami, FL","Houston, TX",69.2,9.9,4.79,5.83,High,8.1,Snow,Winter,3,8,10.0,Dry Van,0,2,1112,70,2413.04,913.6329331,3326.672933,0,1,0,0
SH_884,"Dallas, TX","Los Angeles, CA",54.2,10.6,3.51,5.92,Medium,6.2,Snow,Fall,5,8,3.7,Tanker,1,1,1423,60,2609.78,843.7043919,3453.484392,1,0,0,0
SH_885,"Los Angeles, CA","Chicago, IL",53.4,25.9,4.3,6.46,Low,6.0,Storm,Spring,5,8,3.1,Refrigerated,0,1,2004,60,3729.44,1333.931889,5063.371889,0,0,0,1
SH_886,"Denver, CO","Phoenix, AZ",60.4,22.5,4.71,4.56,Low,7.3,Rain,Winter,3,8,3.4,Tanker,1,2,673,70,1446.95,695.1381579,2142.088158,0,1,0,0
SH_887,"Houston, TX","Miami, FL",55.4,17.4,3.81,6.71,Medium,6.5,Storm,Summer,4,8,6.0,Refrigerated,1,1,1112,60,2049.42,631.4038748,2680.823875,0,0,1,0
SH_888,"Dallas, TX","Chicago, IL",43.8,14.9,3.67,6.28,Low,9.2,Rain,Spring,3,8,0.7,Dry Van,0,1,925,60,1704.77,540.5652866,2245.335287,0,0,0,1
SH_889,"Atlanta, GA","Los Angeles, CA",47.4,21.7,4.09,7.33,Medium,4.8,Clear,Winter,7,8,5.6,Flatbed,1,1,2223,60,4088.1,1240.391542,5328.491542,1,0,0,0
SH_890,"Denver, CO","Dallas, TX",54.5,13.2,4.21,7.72,Low,9.0,Clear,Winter,2,8,0.2,Tanker,0,1,762,60,1387.6,415.5466321,1803.146632,0,1,0,0
SH_891,"Houston, TX","Dallas, TX",61.3,25.5,3.57,4.96,Medium,8.7,Clear,Winter,1,8,3.7,Flatbed,0,2,259,70,554.26,186.4173387,740.6773387,1,0,0,0
SH_892,"New York, NY","Atlanta, GA",59.6,23.2,3.71,6.45,High,7.5,Snow,Winter,2,8,6.4,Flatbed,0,1,858,60,1592.45,493.5162791,2085.966279,1,0,0,0
SH_893,"Houston, TX","Miami, FL",43.0,8.0,3.45,6.0,Low,9.0,Storm,Spring,4,8,2.0,Flatbed,0,1,1112,60,2049.42,639.4,2688.82,0,0,0,1
SH_894,"New York, NY","Dallas, TX",69.1,12.3,4.75,7.09,Low,6.5,Rain,Summer,3,8,9.6,Refrigerated,0,2,1576,70,3435.68,1055.853315,4491.533315,0,0,1,0
SH_895,"Chicago, IL","Atlanta, GA",48.3,28.5,4.21,4.42,High,7.4,Fog,Summer,3,8,8.6,Refrigerated,1,1,677,60,1251.1,644.8348416,1895.934842,0,1,0,0
SH_896,"Chicago, IL","Los Angeles, CA",48.9,21.9,4.09,4.93,Medium,7.4,Fog,Spring,7,8,6.6,Refrigerated,1,1,2004,60,3729.44,1662.547667,5391.987667,0,1,0,0
SH_897,"Chicago, IL","Miami, FL",65.2,17.5,4.79,7.68,Medium,4.3,Clear,Spring,4,8,0.4,Tanker,1,2,1370,70,3014.0,854.4661458,3868.466146,0,0,0,1
SH_898,"Houston, TX","Seattle, WA",59.0,8.7,4.49,4.03,Low,5.0,Clear,Summer,5,8,6.7,Tanker,0,1,2173,60,3965.72,2421.034739,6386.754739,0,1,0,0
SH_899,"Denver, CO","Houston, TX",40.0,8.0,4.07,6.7,High,6.5,Snow,Fall,5,8,5.2,Refrigerated,1,1,1010,60,1839.21,613.5373134,2452.747313,0,0,0,1
SH_900,"Houston, TX","Denver, CO",46.7,26.0,4.45,7.58,Low,4.7,Fog,Summer,3,8,2.1,Refrigerated,0,1,1010,60,1839.21,592.9419525,2432.151953,0,0,0,1
SH_901,"Phoenix, AZ","Chicago, IL",74.9,12.0,4.34,4.71,Medium,7.5,Storm,Winter,3,8,3.2,Flatbed,0,3,1670,80,4550.75,1538.81104,6089.56104,0,0,1,0
SH_902,"Denver, CO","New York, NY",46.6,20.6,3.67,4.84,High,5.9,Clear,Spring,7,8,4.0,Flatbed,1,1,1872,60,3474.43,1419.471074,4893.901074,1,0,0,0
SH_903,"Atlanta, GA","Miami, FL",55.7,13.0,4.49,7.88,High,6.6,Fog,Winter,3,8,5.7,Refrigerated,1,1,697,60,1288.06,397.1484772,1685.208477,0,0,1,0
SH_904,"Phoenix, AZ","Houston, TX",64.2,17.8,4.3,7.56,High,6.6,Storm,Summer,4,8,7.5,Tanker,1,2,1166,70,2501.07,663.2010582,3164.271058,0,1,0,0
SH_905,"Phoenix, AZ","Denver, CO",61.1,13.1,4.97,6.67,High,4.3,Snow,Spring,2,8,1.3,Tanker,0,2,673,70,1446.95,501.4707646,1948.420765,0,1,0,0
SH_906,"Chicago, IL","Houston, TX",71.3,29.4,3.09,5.42,Medium,5.3,Rain,Spring,2,8,6.4,Flatbed,0,3,1083,80,2943.59,617.4298893,3561.019889,1,0,0,0
SH_907,"Dallas, TX","Chicago, IL",56.9,22.1,4.56,4.08,High,9.3,Clear,Spring,4,8,8.1,Tanker,1,1,925,60,1704.77,1033.823529,2738.593529,0,1,0,0
SH_908,"Los Angeles, CA","Houston, TX",43.9,23.0,3.31,7.4,High,8.4,Clear,Winter,6,8,5.0,Tanker,1,1,1577,60,2892.22,705.3878378,3597.607838,0,1,0,0
SH_909,"Atlanta, GA","Houston, TX",49.7,21.1,4.39,7.48,Medium,6.1,Fog,Summer,3,8,9.9,Dry Van,0,1,806,60,1467.73,473.040107,1940.770107,0,0,0,1
SH_910,"Dallas, TX","Denver, CO",72.7,18.1,3.58,5.07,Medium,9.6,Fog,Summer,3,8,5.8,Tanker,1,3,762,80,2044.45,538.0591716,2582.509172,0,0,1,0
SH_911,"Phoenix, AZ","Dallas, TX",65.9,17.5,3.54,4.68,Low,7.7,Storm,Summer,3,8,5.7,Refrigerated,1,2,1017,70,2181.47,769.2692308,2950.739231,1,0,0,0
SH_912,"Denver, CO","Los Angeles, CA",45.0,27.1,4.16,4.51,High,6.8,Fog,Fall,4,8,2.8,Flatbed,1,1,954,60,1754.41,879.9645233,2634.374523,0,1,0,0
SH_913,"Seattle, WA","New York, NY",66.3,21.1,3.71,4.2,Medium,4.2,Fog,Spring,7,8,4.8,Flatbed,1,2,2762,70,6048.78,2439.766667,8488.546667,0,1,0,0
SH_914,"Houston, TX","Phoenix, AZ",43.2,13.2,3.87,5.12,Medium,7.5,Storm,Summer,5,8,2.2,Dry Van,1,1,1166,60,2123.29,881.3320313,3004.622031,0,0,1,0
SH_915,"Dallas, TX","New York, NY",54.9,29.6,4.11,7.72,Low,4.0,Rain,Summer,4,8,9.0,Dry Van,0,1,1576,60,2918.75,839.0362694,3757.786269,1,0,0,0
SH_916,"Miami, FL","Denver, CO",43.4,15.6,4.87,6.17,Medium,7.2,Snow,Summer,7,8,0.0,Tanker,1,1,1984,60,3666.43,1565.97731,5232.40731,0,0,1,0
SH_917,"Dallas, TX","Atlanta, GA",43.1,20.8,4.83,4.83,Low,8.0,Snow,Winter,4,8,6.7,Flatbed,1,1,828,60,1507.79,828.0,2335.79,0,1,0,0
SH_918,"Chicago, IL","Miami, FL",68.2,29.7,3.75,5.78,Low,4.3,Storm,Summer,4,8,6.6,Flatbed,1,2,1370,70,3014.0,888.8408304,3902.84083,0,0,1,0
SH_919,"Denver, CO","Seattle, WA",64.1,8.2,3.85,4.99,Medium,8.5,Clear,Fall,4,8,8.8,Flatbed,1,2,1172,70,2525.66,904.248497,3429.908497,0,0,1,0
SH_920,"Denver, CO","New York, NY",46.9,20.3,3.18,5.57,High,8.3,Clear,Fall,5,8,6.2,Flatbed,0,1,1872,60,3474.43,1068.754039,4543.184039,0,0,1,0
SH_921,"Miami, FL","Phoenix, AZ",53.2,7.6,4.44,6.02,High,8.3,Snow,Spring,7,8,3.2,Dry Van,1,1,2276,60,4206.05,1678.644518,5884.694518,1,0,0,0
SH_922,"Denver, CO","Atlanta, GA",40.9,13.5,4.61,7.59,High,7.1,Clear,Spring,6,8,0.3,Dry Van,1,1,1392,60,2540.4,845.4703557,3385.870356,0,1,0,0
SH_923,"Dallas, TX","Houston, TX",40.5,28.6,3.98,5.37,Medium,9.5,Rain,Winter,2,8,3.9,Flatbed,1,1,259,60,470.34,191.9590317,662.2990317,0,0,1,0
SH_924,"Houston, TX","Chicago, IL",73.4,20.1,4.87,4.81,High,4.9,Fog,Fall,3,8,6.8,Refrigerated,1,3,1083,80,2943.59,1096.509356,4040.099356,0,0,1,0
SH_925,"Chicago, IL","Houston, TX",49.4,25.0,3.91,6.68,Medium,5.9,Fog,Summer,4,8,9.9,Refrigerated,1,1,1083,60,1995.97,633.9116766,2629.881677,0,1,0,0
SH_926,"Denver, CO","Houston, TX",57.7,26.1,3.48,5.66,High,7.7,Fog,Spring,3,8,4.6,Flatbed,0,1,1010,60,1839.21,620.9893993,2460.199399,0,0,0,1
SH_927,"New York, NY","Phoenix, AZ",60.5,20.6,4.31,4.28,High,7.8,Fog,Summer,6,8,5.4,Tanker,0,2,2461,70,5377.29,2478.25,7855.54,0,0,0,1
SH_928,"Seattle, WA","Atlanta, GA",59.5,26.4,4.86,4.74,Medium,6.6,Rain,Spring,7,8,4.1,Refrigerated,1,1,2505,60,4584.15,2568.417722,7152.567722,1,0,0,0
SH_929,"Denver, CO","New York, NY",68.5,5.9,4.06,6.65,Low,5.2,Rain,Fall,5,8,8.4,Dry Van,1,2,1872,70,4090.32,1142.905263,5233.225263,0,1,0,0
SH_930,"Los Angeles, CA","Houston, TX",54.4,10.9,4.46,4.53,High,8.1,Rain,Fall,4,8,4.9,Refrigerated,0,1,1577,60,2892.22,1552.631347,4444.851347,1,0,0,0
SH_931,"Los Angeles, CA","Atlanta, GA",40.5,12.6,4.4,7.16,Low,5.8,Snow,Fall,8,8,5.7,Tanker,1,1,2223,60,4088.1,1366.089385,5454.189385,0,0,1,0
SH_932,"Denver, CO","Dallas, TX",63.2,27.0,3.82,5.16,Low,4.1,Snow,Spring,3,8,4.0,Flatbed,1,2,762,70,1634.49,564.1162791,2198.606279,0,0,1,0
SH_933,"Houston, TX","Seattle, WA",46.4,15.8,4.97,5.19,High,7.6,Clear,Fall,6,8,3.3,Flatbed,0,1,2173,60,3965.72,2080.888247,6046.608247,1,0,0,0
SH_934,"Chicago, IL","Miami, FL",70.5,5.4,3.87,4.9,Medium,6.3,Clear,Fall,3,8,7.5,Dry Van,0,3,1370,80,3781.2,1082.020408,4863.220408,0,0,0,1
SH_935,"Denver, CO","Los Angeles, CA",57.9,19.1,3.99,6.93,Low,6.3,Storm,Winter,4,8,4.8,Dry Van,1,1,954,60,1754.41,549.2727273,2303.682727,0,0,1,0
SH_936,"Chicago, IL","Atlanta, GA",68.9,11.9,3.15,6.83,Low,6.9,Snow,Summer,2,8,9.8,Tanker,0,2,677,70,1472.47,312.2327965,1784.702796,0,1,0,0
SH_937,"Denver, CO","Atlanta, GA",54.5,15.2,3.65,7.13,Low,8.6,Rain,Spring,5,8,3.1,Dry Van,1,1,1392,60,2540.4,712.5946704,3252.99467,1,0,0,0
SH_938,"Denver, CO","Houston, TX",68.4,7.2,4.61,6.68,Low,8.4,Fog,Summer,3,8,0.0,Flatbed,1,2,1010,70,2166.45,697.0209581,2863.470958,0,0,1,0
SH_939,"Seattle, WA","Denver, CO",63.8,8.0,3.23,5.64,High,7.9,Rain,Summer,4,8,3.2,Refrigerated,1,2,1172,70,2525.66,671.1985816,3196.858582,0,0,1,0
SH_940,"Phoenix, AZ","Miami, FL",62.2,7.6,4.26,4.38,Low,4.6,Storm,Winter,5,8,3.2,Flatbed,0,2,2276,70,4950.3,2213.643836,7163.943836,0,1,0,0
SH_941,"Houston, TX","Seattle, WA",41.3,16.1,3.23,5.41,Medium,10.0,Snow,Winter,8,8,5.6,Refrigerated,1,1,2173,60,3965.72,1297.373383,5263.093383,0,0,1,0
SH_942,"Denver, CO","Dallas, TX",47.3,8.6,4.81,7.88,Medium,10.0,Snow,Winter,4,8,2.8,Refrigerated,1,1,762,60,1387.6,465.1294416,1852.729442,0,1,0,0
SH_943,"Atlanta, GA","Los Angeles, CA",42.2,20.1,3.11,7.58,High,7.2,Snow,Fall,8,8,8.3,Flatbed,1,1,2223,60,4088.1,912.0751979,5000.175198,0,0,0,1
SH_944,"Chicago, IL","Phoenix, AZ",41.4,27.0,3.63,4.52,High,6.8,Fog,Summer,6,8,2.7,Tanker,0,1,1670,60,3086.16,1341.172566,4427.332566,0,0,0,1
SH_945,"Los Angeles, CA","Houston, TX",54.7,27.4,4.97,6.55,Low,5.0,Snow,Fall,5,8,3.5,Dry Van,1,1,1577,60,2892.22,1196.593893,4088.813893,0,0,1,0
SH_946,"Dallas, TX","New York, NY",40.6,11.8,4.61,6.46,High,8.5,Rain,Fall,5,8,4.4,Refrigerated,0,1,1576,60,2918.75,1124.668731,4043.418731,0,0,1,0
SH_947,"Denver, CO","Atlanta, GA",67.4,16.3,4.58,7.35,Medium,7.9,Snow,Winter,3,8,2.7,Flatbed,0,2,1392,70,2992.8,867.3959184,3860.195918,0,0,1,0
SH_949,"Phoenix, AZ","Los Angeles, CA",43.4,28.1,4.14,5.45,Low,8.5,Storm,Summer,2,8,6.7,Dry Van,0,1,410,60,753.99,311.4495413,1065.439541,0,0,1,0
SH_950,"Chicago, IL","Denver, CO",63.5,26.1,3.8,6.09,Low,6.4,Fog,Fall,3,8,8.0,Refrigerated,0,2,1056,70,2296.8,658.9162562,2955.716256,0,0,1,0
SH_951,"Dallas, TX","Seattle, WA",65.3,10.2,3.5,5.35,High,7.5,Rain,Winter,4,8,7.5,Tanker,0,2,1932,70,4153.8,1263.925234,5417.725234,0,1,0,0
SH_952,"Houston, TX","Los Angeles, CA",40.4,24.4,4.64,4.24,Medium,7.7,Storm,Fall,5,8,7.9,Dry Van,0,1,1577,60,2892.22,1725.773585,4617.993585,0,1,0,0
SH_953,"Chicago, IL","Miami, FL",69.8,24.4,3.54,7.25,High,7.2,Clear,Winter,4,8,4.6,Tanker,1,2,1370,70,3014.0,668.937931,3682.937931,0,1,0,0
SH_954,"Phoenix, AZ","Chicago, IL",71.1,7.6,4.49,7.22,High,5.6,Rain,Spring,4,8,7.1,Dry Van,1,3,1670,80,4550.75,1038.545706,5589.295706,1,0,0,0
SH_955,"Phoenix, AZ","Denver, CO",43.9,22.6,4.82,6.61,Medium,8.6,Rain,Spring,2,8,1.8,Dry Van,0,1,673,60,1228.23,490.7503782,1718.980378,0,1,0,0
SH_956,"Denver, CO","Los Angeles, CA",51.5,26.5,3.25,5.73,Low,6.4,Clear,Summer,3,8,1.5,Dry Van,0,1,954,60,1754.41,541.0994764,2295.509476,1,0,0,0
SH_957,"New York, NY","Phoenix, AZ",48.3,25.5,3.42,4.96,Medium,4.8,Storm,Fall,7,8,0.7,Flatbed,0,1,2461,60,4567.62,1696.899194,6264.519194,1,0,0,0
SH_958,"Phoenix, AZ","Los Angeles, CA",49.9,18.9,4.46,6.13,High,9.6,Fog,Spring,3,8,3.6,Tanker,1,1,410,60,753.99,298.3034258,1052.293426,0,1,0,0
SH_959,"New York, NY","Houston, TX",65.9,27.3,3.9,6.12,Low,6.5,Storm,Winter,5,8,2.3,Flatbed,1,2,1630,70,3553.4,1038.72549,4592.12549,0,0,1,0
SH_960,"Atlanta, GA","Phoenix, AZ",53.0,10.8,4.12,4.54,High,5.9,Storm,Winter,6,8,4.1,Flatbed,1,1,1827,60,3334.28,1657.982379,4992.262379,0,0,1,0
SH_961,"Seattle, WA","Denver, CO",44.0,11.2,4.61,7.05,Medium,6.3,Snow,Spring,4,8,6.0,Flatbed,0,1,1172,60,2144.76,766.3716312,2911.131631,0,0,1,0
SH_962,"Houston, TX","Los Angeles, CA",57.3,23.6,4.54,6.0,Medium,5.8,Snow,Fall,4,8,4.1,Refrigerated,0,1,1577,60,2892.22,1193.263333,4085.483333,0,0,1,0
SH_963,"Miami, FL","Seattle, WA",65.6,11.1,3.34,6.12,Low,5.7,Snow,Winter,6,8,1.2,Dry Van,0,2,3141,70,6847.38,1714.205882,8561.585882,1,0,0,0
SH_964,"Los Angeles, CA","Phoenix, AZ",49.9,5.0,3.25,7.73,High,9.2,Snow,Fall,3,8,7.8,Dry Van,1,1,410,60,753.99,172.3803364,926.3703364,0,0,1,0
SH_965,"New York, NY","Houston, TX",74.0,14.3,4.36,4.25,Medium,6.4,Fog,Spring,4,8,5.4,Dry Van,1,3,1630,80,4453.16,1672.188235,6125.348235,0,0,0,1
SH_966,"Los Angeles, CA","Seattle, WA",44.2,22.6,4.29,5.5,High,9.7,Fog,Winter,4,8,3.1,Refrigerated,0,1,1104,60,2034.67,861.12,2895.79,0,0,1,0
SH_967,"Dallas, TX","Atlanta, GA",52.8,11.0,4.34,4.79,Low,9.4,Fog,Summer,3,8,1.8,Refrigerated,1,1,828,60,1507.79,750.2129436,2258.002944,0,0,0,1
SH_968,"Denver, CO","Chicago, IL",53.5,15.1,4.57,7.85,Low,4.8,Fog,Summer,4,8,9.4,Tanker,1,1,1056,60,1951.49,614.766879,2566.256879,0,1,0,0
SH_969,"Phoenix, AZ","Chicago, IL",40.7,25.1,3.22,7.95,Low,7.7,Clear,Summer,6,8,4.9,Flatbed,0,1,1670,60,3086.16,676.4025157,3762.562516,1,0,0,0
SH_970,"Houston, TX","Los Angeles, CA",62.3,12.2,3.47,6.92,High,4.2,Storm,Summer,4,8,0.1,Refrigerated,0,2,1577,70,3406.32,790.7789017,4197.098902,0,0,1,0
SH_971,"Seattle, WA","Los Angeles, CA",42.4,29.9,3.58,4.6,Low,5.4,Rain,Fall,5,8,7.0,Flatbed,1,1,1104,60,2034.67,859.2,2893.87,0,0,0,1
SH_972,"Dallas, TX","Houston, TX",48.1,13.8,4.52,6.33,High,8.1,Clear,Fall,1,8,4.1,Dry Van,0,1,259,60,470.34,184.9415482,655.2815482,0,1,0,0
SH_973,"Miami, FL","Los Angeles, CA",53.2,21.6,3.51,4.51,Low,4.4,Fog,Fall,8,8,1.6,Tanker,1,1,2686,60,4998.65,2090.43459,7089.08459,1,0,0,0
SH_974,"New York, NY","Dallas, TX",66.6,5.4,4.12,5.52,Low,7.0,Storm,Fall,3,8,9.8,Dry Van,0,2,1576,70,3435.68,1176.289855,4611.969855,0,0,1,0
SH_975,"Atlanta, GA","Dallas, TX",72.5,25.1,3.33,5.0,Medium,6.1,Snow,Winter,3,8,3.6,Flatbed,1,3,828,80,2221.52,551.448,2772.968,0,0,0,1
SH_976,"Chicago, IL","Denver, CO",60.6,18.1,3.41,5.81,Low,8.8,Rain,Fall,3,8,9.1,Flatbed,0,2,1056,70,2296.8,619.7865749,2916.586575,0,1,0,0
SH_977,"Atlanta, GA","Los Angeles, CA",41.7,5.1,3.66,6.64,Medium,8.4,Snow,Spring,8,8,6.7,Flatbed,1,1,2223,60,4088.1,1225.328313,5313.428313,0,0,0,1
SH_978,"Phoenix, AZ","Denver, CO",60.7,27.8,4.6,7.69,Medium,9.9,Storm,Spring,2,8,6.2,Dry Van,0,2,673,70,1446.95,402.5747724,1849.524772,0,0,1,0
SH_979,"Miami, FL","Seattle, WA",70.1,11.3,4.96,6.45,Medium,8.8,Fog,Fall,7,8,1.8,Tanker,1,3,3141,80,8581.21,2415.404651,10996.61465,0,1,0,0
SH_980,"New York, NY","Denver, CO",40.8,25.4,3.03,6.63,Medium,6.2,Snow,Spring,7,8,0.6,Tanker,1,1,1872,60,3474.43,855.5294118,4329.959412,0,1,0,0
SH_981,"Chicago, IL","Dallas, TX",57.3,8.3,4.77,6.6,Medium,5.0,Fog,Spring,4,8,1.4,Refrigerated,1,1,925,60,1704.77,668.5227273,2373.292727,0,0,0,1
SH_983,"Houston, TX","Los Angeles, CA",63.5,27.4,3.89,5.75,High,8.7,Snow,Spring,5,8,5.2,Tanker,1,2,1577,70,3406.32,1066.874783,4473.194783,1,0,0,0
SH_984,"New York, NY","Dallas, TX",69.1,28.9,4.4,4.83,Low,4.1,Clear,Winter,4,8,7.1,Tanker,1,2,1576,70,3435.68,1435.693582,4871.373582,0,0,0,1
SH_985,"Chicago, IL","Phoenix, AZ",41.4,10.0,3.36,5.35,High,6.5,Storm,Summer,7,8,4.8,Dry Van,1,1,1670,60,3086.16,1048.82243,4134.98243,0,0,0,1
SH_986,"New York, NY","Chicago, IL",41.0,20.1,3.79,5.19,Low,9.2,Clear,Fall,3,8,1.8,Refrigerated,0,1,818,60,1537.02,597.344894,2134.364894,0,0,1,0
SH_987,"Denver, CO","Dallas, TX",59.0,22.8,3.42,6.69,Medium,8.2,Snow,Summer,3,8,9.0,Tanker,1,1,762,60,1387.6,389.5426009,1777.142601,0,1,0,0
SH_988,"New York, NY","Houston, TX",46.2,15.7,3.25,6.27,Low,6.4,Rain,Spring,6,8,1.7,Flatbed,1,1,1630,60,3018.76,844.8963317,3863.656332,0,0,1,0
SH_989,"Chicago, IL","Denver, CO",61.3,19.4,3.33,4.5,Low,4.2,Clear,Fall,3,8,7.5,Flatbed,0,2,1056,70,2296.8,781.44,3078.24,0,1,0,0
SH_990,"Los Angeles, CA","Phoenix, AZ",41.1,16.7,4.29,7.32,High,4.3,Fog,Fall,3,8,5.5,Dry Van,1,1,410,60,753.99,240.2868852,994.2768852,0,0,1,0
SH_991,"Denver, CO","Houston, TX",51.1,12.0,4.06,4.21,Low,5.0,Rain,Winter,3,8,3.6,Refrigerated,0,1,1010,60,1839.21,974.0142518,2813.224252,0,0,0,1
SH_992,"Dallas, TX","Atlanta, GA",61.9,22.6,4.3,7.87,Low,9.2,Fog,Spring,3,8,0.6,Refrigerated,1,2,828,70,1776.06,452.4015248,2228.461525,0,0,0,1
SH_993,"Seattle, WA","Atlanta, GA",64.1,20.2,4.08,5.88,Medium,5.8,Fog,Spring,6,8,1.6,Tanker,1,2,2505,70,5398.28,1738.163265,7136.443265,0,1,0,0
SH_994,"Dallas, TX","Chicago, IL",51.3,19.7,3.13,7.32,Low,7.4,Fog,Fall,3,8,7.0,Tanker,0,1,925,60,1704.77,395.5259563,2100.295956,1,0,0,0
SH_995,"Phoenix, AZ","Atlanta, GA",56.5,28.9,4.53,7.88,Medium,8.5,Storm,Fall,6,8,0.6,Flatbed,1,1,1827,60,3334.28,1050.293147,4384.573147,0,0,0,1
SH_996,"Dallas, TX","Chicago, IL",52.5,11.9,4.61,5.47,High,5.9,Fog,Fall,4,8,8.5,Tanker,1,1,925,60,1704.77,779.5703839,2484.340384,0,0,0,1
SH_997,"Dallas, TX","Phoenix, AZ",69.1,26.3,3.85,4.27,Medium,4.0,Storm,Fall,2,8,9.8,Refrigerated,0,2,1017,70,2181.47,916.9672131,3098.437213,1,0,0,0
SH_998,"Seattle, WA","Dallas, TX",55.8,8.3,3.1,7.1,High,7.4,Snow,Winter,6,8,3.8,Dry Van,1,1,1932,60,3525.9,843.5492958,4369.449296,0,0,0,1
SH_999,"Phoenix, AZ","Chicago, IL",62.1,27.7,3.84,7.13,High,5.6,Snow,Fall,4,8,3.1,Tanker,0,2,1670,70,3632.25,899.4109397,4531.66094,0,0,1,0
SH_1000,"Los Angeles, CA","Houston, TX",47.0,19.7,3.13,7.45,Low,9.8,Fog,Summer,5,8,0.2,Tanker,0,1,1577,60,2892.22,662.5516779,3554.771678,0,0,0,1
SH_1001,"Seattle, WA","Atlanta, GA",54.5,11.8,3.41,6.62,High,6.5,Snow,Fall,7,8,9.8,Refrigerated,1,1,2505,60,4584.15,1290.339879,5874.489879,1,0,0,0
SH_1002,"Denver, CO","New York, NY",48.5,12.0,4.79,6.54,High,8.4,Snow,Fall,5,8,1.4,Refrigerated,0,1,1872,60,3474.43,1371.082569,4845.512569,0,0,1,0
SH_1003,"Houston, TX","Chicago, IL",53.4,28.9,3.66,7.85,Medium,9.4,Rain,Spring,3,8,8.0,Refrigerated,0,1,1083,60,1995.97,504.9401274,2500.910127,0,1,0,0
SH_1004,"New York, NY","Phoenix, AZ",48.8,15.9,4.04,5.18,Medium,4.1,Fog,Summer,7,8,2.8,Refrigerated,0,1,2461,60,4567.62,1919.389961,6487.009961,0,0,1,0
SH_1005,"Seattle, WA","Dallas, TX",46.0,26.8,4.41,4.34,Medium,7.9,Snow,Summer,6,8,9.6,Refrigerated,0,1,1932,60,3525.9,1963.16129,5489.06129,0,0,0,1
SH_1006,"Seattle, WA","Dallas, TX",48.7,28.2,4.86,6.88,Medium,8.6,Fog,Winter,5,8,5.1,Refrigerated,0,1,1932,60,3525.9,1364.755814,4890.655814,1,0,0,0
SH_1007,"Seattle, WA","Atlanta, GA",46.3,25.3,3.27,5.87,Medium,9.6,Snow,Summer,8,8,3.3,Flatbed,1,1,2505,60,4584.15,1395.459966,5979.609966,0,0,1,0
SH_1008,"Los Angeles, CA","Seattle, WA",44.9,5.6,4.74,6.22,High,7.7,Clear,Winter,5,8,6.9,Tanker,1,1,1104,60,2034.67,841.3118971,2875.981897,0,0,0,1
SH_1009,"Chicago, IL","New York, NY",44.1,14.0,4.94,7.69,High,9.3,Clear,Winter,3,8,6.9,Flatbed,0,1,818,60,1537.02,525.4772432,2062.497243,0,0,0,1
SH_1010,"Chicago, IL","Atlanta, GA",48.8,28.9,4.85,5.83,Low,9.1,Snow,Fall,2,8,4.2,Tanker,0,1,677,60,1251.1,563.1989708,1814.298971,0,0,1,0
SH_1011,"Los Angeles, CA","Miami, FL",54.9,18.4,3.05,5.78,Low,8.7,Clear,Spring,8,8,9.7,Tanker,1,1,2686,60,4998.65,1417.352941,6416.002941,0,1,0,0
SH_1012,"Dallas, TX","Atlanta, GA",53.7,15.2,4.15,4.61,Medium,5.1,Snow,Spring,3,8,4.7,Flatbed,1,1,828,60,1507.79,745.3796095,2253.16961,0,0,0,1
SH_1013,"Miami, FL","Denver, CO",60.5,21.9,4.61,6.64,High,6.4,Rain,Spring,5,8,8.0,Tanker,0,2,1984,70,4315.2,1377.445783,5692.645783,1,0,0,0
SH_1014,"Los Angeles, CA","Denver, CO",53.6,7.4,4.83,4.36,Medium,7.9,Fog,Summer,4,8,4.1,Flatbed,1,1,954,60,1754.41,1056.83945,2811.24945,0,0,1,0
SH_1015,"Los Angeles, CA","Dallas, TX",42.3,19.8,4.54,7.31,High,5.0,Clear,Winter,6,8,6.8,Dry Van,1,1,1423,60,2609.78,883.7783858,3493.558386,0,0,1,0
SH_1016,"Denver, CO","Los Angeles, CA",50.2,7.0,3.98,5.26,Low,5.2,Fog,Winter,3,8,1.7,Refrigerated,0,1,954,60,1754.41,721.8479087,2476.257909,0,0,1,0
SH_1017,"Seattle, WA","Houston, TX",49.8,30.0,3.54,5.32,Medium,8.0,Storm,Summer,7,8,2.2,Dry Van,1,1,2173,60,3965.72,1445.943609,5411.663609,0,1,0,0
SH_1018,"Dallas, TX","Houston, TX",50.9,7.6,3.04,7.22,High,4.8,Rain,Fall,1,8,8.0,Tanker,0,1,259,60,470.34,109.0526316,579.3926316,0,0,0,1
SH_1019,"Seattle, WA","Phoenix, AZ",50.8,8.6,4.47,6.41,Medium,7.9,Fog,Spring,4,8,3.5,Dry Van,0,1,1282,60,2346.06,894.0,3240.06,1,0,0,0
SH_1020,"Dallas, TX","Seattle, WA",62.9,15.5,4.43,7.44,Medium,4.9,Rain,Summer,4,8,6.3,Refrigerated,0,2,1932,70,4153.8,1150.370968,5304.170968,0,0,1,0
SH_1021,"Seattle, WA","New York, NY",57.1,8.9,3.74,5.32,High,6.5,Snow,Spring,7,8,9.0,Flatbed,0,1,2762,60,5140.08,1941.706767,7081.786767,0,0,0,1
SH_1022,"Seattle, WA","Houston, TX",74.3,24.0,4.02,6.58,Medium,4.6,Fog,Winter,5,8,8.5,Flatbed,1,3,2173,80,5845.37,1327.577508,7172.947508,0,0,1,0
SH_1023,"Houston, TX","Seattle, WA",61.2,11.9,4.72,5.13,Low,8.1,Clear,Winter,6,8,0.3,Tanker,1,2,2173,70,4671.95,1999.329435,6671.279435,1,0,0,0
SH_1024,"New York, NY","Dallas, TX",50.1,25.2,4.6,5.83,Medium,7.6,Rain,Spring,5,8,4.2,Dry Van,1,1,1576,60,2918.75,1243.499142,4162.249142,1,0,0,0
SH_1025,"Houston, TX","Los Angeles, CA",59.4,17.4,3.61,7.71,Medium,7.5,Storm,Spring,5,8,7.7,Flatbed,1,1,1577,60,2892.22,738.387808,3630.607808,0,1,0,0
SH_1026,"Seattle, WA","Atlanta, GA",57.5,7.8,3.88,5.92,Medium,9.4,Clear,Spring,7,8,9.7,Tanker,1,1,2505,60,4584.15,1641.790541,6225.940541,1,0,0,0
SH_1027,"Chicago, IL","New York, NY",71.5,28.3,4.92,4.05,Medium,5.0,Rain,Fall,3,8,0.3,Refrigerated,1,3,818,80,2269.13,993.7185185,3262.848519,0,1,0,0
SH_1028,"Chicago, IL","Miami, FL",47.7,17.8,4.09,4.14,High,5.0,Fog,Fall,5,8,1.5,Dry Van,1,1,1370,60,2561.9,1353.454106,3915.354106,1,0,0,0
SH_1029,"Denver, CO","Phoenix, AZ",71.7,30.0,4.97,7.53,Medium,6.4,Fog,Spring,2,8,4.2,Refrigerated,0,3,673,80,1810.37,444.1978752,2254.567875,0,0,0,1
SH_1030,"Phoenix, AZ","New York, NY",50.8,20.2,4.05,4.1,High,8.7,Storm,Winter,8,8,2.9,Refrigerated,1,1,2461,60,4567.62,2430.987805,6998.607805,0,0,0,1
SH_1031,"Phoenix, AZ","Dallas, TX",53.2,6.6,4.83,5.66,Low,6.8,Storm,Summer,4,8,6.3,Flatbed,1,1,1017,60,1851.96,867.8639576,2719.823958,0,1,0,0
SH_1032,"Chicago, IL","New York, NY",62.7,23.7,4.81,7.45,High,8.0,Snow,Winter,2,8,8.1,Refrigerated,0,2,818,70,1807.78,528.1315436,2335.911544,1,0,0,0
SH_1033,"Miami, FL","Houston, TX",63.2,15.7,4.78,7.38,Medium,7.2,Snow,Fall,3,8,5.0,Flatbed,0,2,1112,70,2413.04,720.2384824,3133.278482,0,1,0,0
SH_1034,"Los Angeles, CA","Denver, CO",66.4,10.5,3.78,7.46,Medium,8.3,Snow,Spring,3,8,2.1,Refrigerated,1,2,954,70,2065.41,483.3941019,2548.804102,1,0,0,0
SH_1035,"Dallas, TX","Chicago, IL",49.9,9.4,4.49,5.01,Medium,6.7,Clear,Winter,4,8,9.8,Tanker,1,1,925,60,1704.77,828.992016,2533.762016,0,1,0,0
SH_1036,"New York, NY","Houston, TX",42.8,7.2,4.18,6.4,Medium,6.5,Snow,Fall,5,8,5.2,Tanker,0,1,1630,60,3018.76,1064.59375,4083.35375,0,1,0,0
SH_1037,"Los Angeles, CA","Seattle, WA",45.2,7.6,3.25,4.4,Medium,7.7,Fog,Fall,5,8,2.5,Refrigerated,1,1,1104,60,2034.67,815.4545455,2850.124545,0,0,1,0
SH_1038,"Chicago, IL","Denver, CO",73.5,26.4,3.46,5.31,Low,5.3,Fog,Summer,3,8,1.1,Flatbed,1,3,1056,80,2877.6,688.0903955,3565.690395,0,1,0,0
SH_1039,"Houston, TX","Chicago, IL",48.9,11.2,4.18,4.28,High,4.2,Clear,Summer,3,8,5.4,Flatbed,0,1,1083,60,1995.97,1057.696262,3053.666262,0,1,0,0
SH_1040,"Atlanta, GA","Seattle, WA",69.6,17.3,3.07,6.14,Low,8.2,Storm,Spring,5,8,2.8,Tanker,0,2,2505,70,5398.28,1252.5,6650.78,0,1,0,0
SH_1041,"Chicago, IL","Seattle, WA",52.3,25.3,3.64,4.65,Low,6.6,Snow,Spring,6,8,5.0,Refrigerated,1,1,1993,60,3691.04,1560.111828,5251.151828,0,0,1,0
SH_1042,"Chicago, IL","Seattle, WA",43.1,21.7,4.79,4.23,Medium,4.8,Fog,Winter,6,8,4.0,Tanker,0,1,1993,60,3691.04,2256.8487,5947.8887,0,0,0,1
SH_1043,"Miami, FL","Denver, CO",57.7,8.2,3.95,7.05,Medium,5.5,Clear,Summer,6,8,5.5,Tanker,1,1,1984,60,3666.43,1111.602837,4778.032837,1,0,0,0
SH_1044,"Chicago, IL","New York, NY",49.9,10.5,4.04,4.62,High,8.0,Rain,Summer,3,8,0.9,Refrigerated,0,1,818,60,1537.02,715.3073593,2252.327359,1,0,0,0
SH_1045,"Houston, TX","Chicago, IL",61.7,12.4,3.17,7.04,Medium,5.9,Fog,Spring,4,8,0.8,Flatbed,1,2,1083,70,2350.11,487.6576705,2837.76767,0,1,0,0
SH_1046,"Los Angeles, CA","Dallas, TX",44.5,6.8,4.76,5.21,Low,7.9,Snow,Fall,5,8,2.6,Flatbed,1,1,1423,60,2609.78,1300.092131,3909.872131,0,0,1,0
SH_1047,"Los Angeles, CA","Denver, CO",54.4,23.0,4.02,7.77,Medium,4.3,Fog,Winter,3,8,5.8,Flatbed,0,1,954,60,1754.41,493.5752896,2247.98529,0,0,1,0
SH_1048,"Atlanta, GA","New York, NY",41.7,19.3,4.71,4.97,High,9.3,Storm,Fall,4,8,1.9,Flatbed,1,1,858,60,1592.45,813.1146881,2405.564688,0,1,0,0
SH_1049,"Dallas, TX","Miami, FL",74.7,21.3,3.12,6.1,High,7.0,Fog,Winter,3,8,9.2,Tanker,0,3,1277,80,3470.89,653.1540984,4124.044098,0,1,0,0
SH_1050,"Denver, CO","Atlanta, GA",74.8,15.5,4.22,4.42,Medium,6.7,Storm,Winter,3,8,6.2,Refrigerated,0,3,1392,80,3744.48,1329.013575,5073.493575,0,0,1,0
SH_1051,"Houston, TX","Denver, CO",64.3,15.4,4.13,6.6,Low,6.1,Storm,Spring,3,8,1.3,Refrigerated,1,2,1010,70,2166.45,632.0151515,2798.465152,0,0,1,0
SH_1052,"Seattle, WA","Los Angeles, CA",40.2,28.1,3.23,4.38,High,6.0,Fog,Fall,4,8,4.4,Flatbed,0,1,1104,60,2034.67,814.1369863,2848.806986,1,0,0,0
SH_1053,"Phoenix, AZ","Houston, TX",51.2,25.3,4.38,6.9,Low,8.2,Clear,Winter,4,8,1.8,Tanker,1,1,1166,60,2123.29,740.1565217,2863.446522,0,1,0,0
SH_1054,"New York, NY","Houston, TX",46.1,26.2,3.6,6.39,Medium,7.0,Snow,Spring,5,8,9.4,Dry Van,0,1,1630,60,3018.76,918.3098592,3937.069859,1,0,0,0
SH_1055,"Los Angeles, CA","Seattle, WA",51.4,9.0,3.68,4.08,Low,6.2,Snow,Winter,3,8,5.5,Tanker,0,1,1104,60,2034.67,995.7647059,3030.434706,0,0,0,1
SH_1056,"Los Angeles, CA","Seattle, WA",65.6,24.4,4.74,4.86,Medium,4.5,Rain,Summer,4,8,9.7,Dry Van,1,2,1104,70,2395.68,1076.740741,3472.420741,0,0,1,0
SH_1057,"Phoenix, AZ","Houston, TX",65.7,7.8,4.72,7.36,High,7.9,Snow,Summer,4,8,7.2,Refrigerated,1,2,1166,70,2501.07,747.7608696,3248.83087,0,1,0,0
SH_1058,"New York, NY","Miami, FL",60.7,26.2,3.71,4.43,High,6.5,Rain,Winter,3,8,1.1,Tanker,0,2,1256,70,2775.76,1051.86456,3827.62456,1,0,0,0
SH_1059,"Dallas, TX","Los Angeles, CA",45.2,24.9,3.13,6.75,High,6.2,Fog,Fall,4,8,1.1,Flatbed,0,1,1423,60,2609.78,659.8503704,3269.63037,0,0,1,0
SH_1060,"Seattle, WA","Dallas, TX",68.4,11.7,3.43,7.3,Medium,9.9,Clear,Summer,5,8,2.7,Tanker,1,2,1932,70,4153.8,907.7753425,5061.575342,0,0,0,1
SH_1061,"Denver, CO","Los Angeles, CA",40.2,19.1,3.68,5.29,Low,7.9,Clear,Fall,3,8,6.1,Dry Van,0,1,954,60,1754.41,663.6521739,2418.062174,0,0,0,1
SH_1062,"Phoenix, AZ","Dallas, TX",49.3,18.0,3.9,4.05,High,7.3,Clear,Summer,3,8,5.3,Dry Van,0,1,1017,60,1851.96,979.3333333,2831.293333,1,0,0,0
SH_1063,"Chicago, IL","Houston, TX",54.9,18.7,4.36,6.43,Low,6.4,Rain,Fall,3,8,5.5,Dry Van,0,1,1083,60,1995.97,734.3514774,2730.321477,0,0,0,1
SH_1064,"Houston, TX","Phoenix, AZ",65.2,21.1,3.67,7.02,High,7.9,Storm,Spring,3,8,6.9,Flatbed,0,2,1166,70,2501.07,609.5754986,3110.645499,0,0,1,0
SH_1065,"Denver, CO","Chicago, IL",56.1,21.1,4.36,6.23,High,7.7,Storm,Fall,3,8,7.9,Refrigerated,0,1,1056,60,1951.49,739.0304976,2690.520498,0,1,0,0
SH_1066,"New York, NY","Los Angeles, CA",59.7,6.2,3.08,5.0,High,8.1,Rain,Winter,7,8,3.4,Refrigerated,1,1,2812,60,5258.44,1732.192,6990.632,0,0,0,1
SH_1067,"New York, NY","Atlanta, GA",60.2,17.5,4.16,5.15,High,6.2,Snow,Spring,3,8,0.5,Flatbed,1,2,858,70,1874.73,693.0640777,2567.794078,0,0,1,0
SH_1068,"Seattle, WA","Phoenix, AZ",42.6,7.6,4.63,4.16,Medium,8.0,Clear,Summer,5,8,8.7,Tanker,1,1,1282,60,2346.06,1426.841346,3772.901346,0,1,0,0
SH_1069,"Houston, TX","Chicago, IL",50.7,17.9,3.76,6.26,High,4.7,Fog,Fall,3,8,4.3,Dry Van,0,1,1083,60,1995.97,650.4920128,2646.462013,0,1,0,0
SH_1070,"Atlanta, GA","Dallas, TX",64.9,14.1,4.67,5.82,Medium,8.3,Storm,Fall,2,8,7.0,Dry Van,0,2,828,70,1776.06,664.3917526,2440.451753,0,0,1,0
SH_1071,"Denver, CO","Atlanta, GA",74.5,8.5,3.86,5.7,Low,6.5,Storm,Winter,4,8,4.9,Refrigerated,1,3,1392,80,3744.48,942.6526316,4687.132632,1,0,0,0
SH_1072,"Chicago, IL","Atlanta, GA",55.1,29.8,4.86,5.23,Low,4.7,Snow,Summer,2,8,10.0,Flatbed,0,1,677,60,1251.1,629.1051625,1880.205163,0,0,1,0
SH_1073,"Dallas, TX","Phoenix, AZ",52.5,28.5,4.42,5.18,Low,7.5,Storm,Summer,3,8,7.7,Dry Van,0,1,1017,60,1851.96,867.7876448,2719.747645,0,0,0,1
SH_1074,"Chicago, IL","Phoenix, AZ",57.7,16.6,3.51,6.02,Medium,4.2,Clear,Summer,4,8,8.9,Refrigerated,0,1,1670,60,3086.16,973.7043189,4059.864319,0,1,0,0
SH_1075,"New York, NY","Phoenix, AZ",54.8,17.9,3.74,6.96,High,8.7,Fog,Winter,6,8,7.2,Flatbed,0,1,2461,60,4567.62,1322.433908,5890.053908,1,0,0,0
SH_1076,"Dallas, TX","Denver, CO",51.8,16.7,3.66,7.02,High,6.0,Clear,Spring,3,8,4.0,Flatbed,1,1,762,60,1387.6,397.2820513,1784.882051,0,0,1,0
SH_1077,"Dallas, TX","Houston, TX",47.9,20.3,3.87,4.28,High,6.9,Fog,Winter,1,8,5.1,Flatbed,0,1,259,60,470.34,234.1892523,704.5292523,0,0,0,1
SH_1078,"Seattle, WA","Dallas, TX",50.1,7.2,4.87,5.51,Medium,7.5,Fog,Winter,5,8,7.2,Tanker,0,1,1932,60,3525.9,1707.593466,5233.493466,0,1,0,0
SH_1079,"New York, NY","Dallas, TX",50.2,8.6,4.62,4.89,Medium,8.3,Fog,Fall,5,8,5.3,Flatbed,1,1,1576,60,2918.75,1488.981595,4407.731595,0,1,0,0
SH_1080,"Dallas, TX","Phoenix, AZ",56.1,13.1,3.95,6.41,Medium,9.9,Storm,Spring,3,8,8.6,Flatbed,0,1,1017,60,1851.96,626.700468,2478.660468,0,0,1,0
SH_1081,"Dallas, TX","Chicago, IL",56.4,21.4,4.79,5.57,Low,9.8,Storm,Spring,4,8,9.5,Dry Van,1,1,925,60,1704.77,795.4667864,2500.236786,0,0,0,1
SH_1082,"Denver, CO","Phoenix, AZ",66.1,18.0,3.54,7.11,High,7.3,Fog,Spring,2,8,7.9,Refrigerated,0,2,673,70,1446.95,335.0801688,1782.030169,0,0,1,0
SH_1083,"Dallas, TX","New York, NY",72.9,18.3,4.19,4.13,Medium,5.0,Storm,Fall,4,8,4.2,Dry Van,1,3,1576,80,4305.63,1598.895884,5904.525884,0,0,1,0
SH_1085,"Miami, FL","Dallas, TX",63.0,10.3,3.64,4.96,High,7.3,Rain,Winter,3,8,9.3,Refrigerated,0,2,1277,70,2771.09,937.1532258,3708.243226,0,1,0,0
SH_1086,"Denver, CO","Miami, FL",47.7,17.4,3.55,6.14,Low,6.1,Rain,Winter,6,8,2.7,Dry Van,0,1,1984,60,3666.43,1147.100977,4813.530977,0,1,0,0
SH_1088,"Miami, FL","Los Angeles, CA",55.0,15.2,3.23,6.7,Medium,8.2,Clear,Fall,7,8,2.3,Refrigerated,0,1,2686,60,4998.65,1294.892537,6293.542537,0,1,0,0
SH_1089,"Atlanta, GA","New York, NY",74.4,25.8,3.94,6.22,High,9.1,Rain,Spring,3,8,2.1,Tanker,1,3,858,80,2350.06,543.4919614,2893.551961,0,0,0,1
SH_1090,"Denver, CO","Atlanta, GA",58.8,8.8,4.01,5.65,Low,9.3,Clear,Summer,3,8,8.8,Flatbed,0,1,1392,60,2540.4,987.9504425,3528.350442,0,0,0,1
SH_1091,"Miami, FL","Dallas, TX",54.2,9.0,4.4,7.71,Low,6.3,Rain,Summer,3,8,5.5,Tanker,0,1,1277,60,2353.51,728.767834,3082.277834,1,0,0,0
SH_1092,"New York, NY","Miami, FL",40.1,20.8,4.19,5.27,Low,6.7,Rain,Spring,4,8,7.9,Dry Van,0,1,1256,60,2360.02,998.6034156,3358.623416,0,0,1,0
SH_1093,"Atlanta, GA","Houston, TX",58.6,14.8,3.58,7.29,Low,6.7,Snow,Spring,2,8,3.8,Refrigerated,0,1,806,60,1467.73,395.8134431,1863.543443,0,0,0,1
SH_1094,"Dallas, TX","Los Angeles, CA",56.7,8.1,4.86,5.82,Low,8.4,Clear,Spring,4,8,6.3,Tanker,0,1,1423,60,2609.78,1188.278351,3798.058351,1,0,0,0
SH_1095,"Miami, FL","Atlanta, GA",44.4,15.4,3.03,7.36,Medium,7.1,Rain,Summer,2,8,9.1,Dry Van,0,1,697,60,1288.06,286.9442935,1575.004293,0,0,1,0
SH_1096,"Seattle, WA","Denver, CO",55.8,10.0,3.62,4.17,Low,7.8,Clear,Spring,3,8,2.4,Refrigerated,0,1,1172,60,2144.76,1017.419664,3162.179664,0,0,1,0
SH_1097,"Atlanta, GA","Seattle, WA",67.1,8.2,3.91,6.03,High,8.1,Snow,Summer,5,8,7.7,Tanker,0,2,2505,70,5398.28,1624.303483,7022.583483,1,0,0,0
SH_1098,"Dallas, TX","Atlanta, GA",59.8,28.9,3.64,4.88,Medium,8.1,Rain,Summer,2,8,2.2,Refrigerated,0,1,828,60,1507.79,617.6065574,2125.396557,0,0,0,1
SH_1099,"Houston, TX","Los Angeles, CA",68.4,29.4,4.29,5.11,High,10.0,Fog,Spring,4,8,8.3,Flatbed,1,2,1577,70,3406.32,1323.939335,4730.259335,0,0,1,0
SH_1100,"New York, NY","Chicago, IL",72.7,26.0,4.29,6.44,High,6.8,Fog,Summer,3,8,5.1,Tanker,1,3,818,80,2269.13,544.9099379,2814.039938,0,0,0,1
SH_1101,"Los Angeles, CA","Miami, FL",58.8,19.1,4.9,7.61,Medium,9.3,Storm,Fall,7,8,9.4,Tanker,1,1,2686,60,4998.65,1729.487516,6728.137516,0,0,0,1
SH_1102,"Houston, TX","Denver, CO",49.3,17.4,4.69,6.02,High,8.5,Clear,Spring,3,8,8.8,Refrigerated,0,1,1010,60,1839.21,786.8604651,2626.070465,0,0,1,0
SH_1103,"Phoenix, AZ","Atlanta, GA",49.4,13.7,4.43,6.22,Low,9.4,Snow,Fall,5,8,4.9,Tanker,0,1,1827,60,3334.28,1301.223473,4635.503473,0,0,0,1
SH_1104,"Miami, FL","Houston, TX",73.2,13.9,3.5,6.46,Low,7.0,Rain,Winter,3,8,4.6,Dry Van,1,3,1112,80,3022.42,602.4767802,3624.89678,1,0,0,0
SH_1105,"Seattle, WA","Miami, FL",74.2,26.1,3.36,7.62,High,6.0,Clear,Fall,7,8,5.3,Dry Van,1,3,3141,80,8581.21,1385.007874,9966.217874,0,0,0,1
SH_1106,"Phoenix, AZ","New York, NY",52.9,23.1,3.35,6.36,Medium,8.2,Snow,Fall,7,8,5.4,Dry Van,1,1,2461,60,4567.62,1296.281447,5863.901447,1,0,0,0
SH_1107,"Denver, CO","Dallas, TX",66.7,6.5,5.0,7.01,Medium,9.2,Rain,Summer,3,8,8.6,Flatbed,1,2,762,70,1634.49,543.5092725,2177.999272,0,0,1,0
SH_1108,"Chicago, IL","Houston, TX",52.2,26.9,3.4,4.31,High,8.7,Storm,Winter,3,8,7.4,Dry Van,0,1,1083,60,1995.97,854.3387471,2850.308747,1,0,0,0
SH_1109,"Chicago, IL","New York, NY",44.0,18.7,4.42,4.2,Medium,4.4,Clear,Spring,3,8,8.1,Dry Van,0,1,818,60,1537.02,860.847619,2397.867619,0,1,0,0
SH_1110,"Miami, FL","Houston, TX",61.5,16.1,4.27,7.45,High,4.5,Snow,Spring,4,8,2.5,Refrigerated,1,2,1112,70,2413.04,637.347651,3050.387651,0,0,1,0
SH_1111,"Dallas, TX","Houston, TX",54.3,26.9,3.6,4.05,Medium,5.8,Fog,Fall,2,8,3.8,Flatbed,1,1,259,60,470.34,230.2222222,700.5622222,0,0,1,0
SH_1112,"Seattle, WA","Los Angeles, CA",70.7,27.8,3.53,5.85,Low,7.3,Rain,Spring,2,8,10.0,Tanker,0,3,1104,80,3000.67,666.174359,3666.844359,1,0,0,0
SH_1113,"Seattle, WA","New York, NY",65.4,14.5,3.02,4.04,High,6.8,Fog,Summer,7,8,0.2,Flatbed,1,2,2762,70,6048.78,2064.663366,8113.443366,0,0,1,0
SH_1114,"Atlanta, GA","Denver, CO",50.3,19.0,3.6,4.67,Medium,6.4,Rain,Fall,4,8,0.5,Tanker,0,1,1392,60,2540.4,1073.062099,3613.462099,1,0,0,0
SH_1116,"Miami, FL","Atlanta, GA",58.1,28.1,4.1,6.33,Medium,6.4,Fog,Summer,2,8,10.0,Dry Van,0,1,697,60,1288.06,451.4533965,1739.513397,1,0,0,0
SH_1117,"New York, NY","Dallas, TX",59.6,6.5,3.55,7.7,Low,6.1,Snow,Fall,4,8,10.0,Tanker,0,1,1576,60,2918.75,726.5974026,3645.347403,0,0,1,0
SH_1118,"Denver, CO","Chicago, IL",60.2,22.4,3.33,4.59,Medium,6.7,Rain,Fall,4,8,7.1,Flatbed,1,2,1056,70,2296.8,766.1176471,3062.917647,0,0,1,0
SH_1119,"New York, NY","Phoenix, AZ",74.0,5.4,4.2,6.25,Medium,4.8,Clear,Spring,5,8,4.5,Flatbed,0,3,2461,80,6740.68,1653.792,8394.472,0,0,0,1
SH_1120,"Dallas, TX","Phoenix, AZ",45.1,9.7,4.72,5.03,Low,6.3,Rain,Winter,4,8,6.6,Tanker,1,1,1017,60,1851.96,954.3220676,2806.282068,0,1,0,0
SH_1121,"Atlanta, GA","New York, NY",63.9,5.5,4.47,5.95,High,8.9,Storm,Winter,2,8,9.3,Tanker,0,2,858,70,1874.73,644.5815126,2519.311513,0,0,1,0
SH_1122,"Miami, FL","Seattle, WA",57.9,14.0,3.93,6.76,Low,9.3,Snow,Fall,7,8,9.2,Tanker,0,1,3141,60,5817.13,1826.054734,7643.184734,0,0,1,0
SH_1123,"Chicago, IL","Los Angeles, CA",74.3,27.0,3.56,4.42,Medium,4.7,Fog,Winter,4,8,6.1,Tanker,0,3,2004,80,5502.98,1614.081448,7117.061448,0,0,0,1
SH_1124,"Los Angeles, CA","Atlanta, GA",71.5,20.6,3.01,4.75,Medium,4.6,Fog,Spring,4,8,5.0,Dry Van,0,3,2223,80,6026.55,1408.68,7435.23,0,0,1,0
SH_1125,"Seattle, WA","Phoenix, AZ",52.2,9.5,4.29,5.86,Low,7.0,Clear,Spring,4,8,9.6,Tanker,0,1,1282,60,2346.06,938.5290102,3284.58901,0,1,0,0
SH_1126,"Denver, CO","Atlanta, GA",58.1,23.4,4.11,7.72,Medium,6.3,Storm,Fall,4,8,0.9,Tanker,1,1,1392,60,2540.4,741.0777202,3281.47772,0,0,0,1
SH_1127,"New York, NY","Dallas, TX",50.1,9.0,4.09,6.13,Low,4.5,Snow,Fall,5,8,2.2,Dry Van,1,1,1576,60,2918.75,1051.523654,3970.273654,0,1,0,0
SH_1128,"Denver, CO","Los Angeles, CA",62.5,11.9,3.43,5.02,Low,6.9,Rain,Fall,3,8,6.7,Tanker,1,2,954,70,2065.41,651.8366534,2717.246653,0,0,1,0
SH_1129,"Los Angeles, CA","Chicago, IL",56.1,27.3,3.19,7.96,High,9.7,Clear,Spring,6,8,9.3,Refrigerated,1,1,2004,60,3729.44,803.1105528,4532.550553,1,0,0,0
SH_1130,"Seattle, WA","Houston, TX",69.6,15.5,3.88,6.54,Low,8.6,Rain,Fall,4,8,5.9,Tanker,0,2,2173,70,4671.95,1289.180428,5961.130428,0,0,0,1
SH_1131,"Miami, FL","Chicago, IL",52.1,13.7,3.94,5.34,High,4.6,Snow,Fall,4,8,0.3,Tanker,0,1,1370,60,2561.9,1010.82397,3572.72397,0,0,1,0
SH_1132,"Houston, TX","Atlanta, GA",73.4,7.9,4.89,6.93,Low,7.8,Fog,Winter,3,8,8.3,Flatbed,1,3,806,80,2162.5,568.7359307,2731.235931,0,0,1,0
SH_1133,"Denver, CO","Miami, FL",57.7,22.4,4.17,7.33,Medium,4.4,Rain,Fall,5,8,3.8,Flatbed,0,1,1984,60,3666.43,1128.687585,4795.117585,0,1,0,0
SH_1134,"Houston, TX","Chicago, IL",61.7,27.3,3.99,7.3,Low,6.4,Snow,Fall,4,8,2.1,Tanker,1,2,1083,70,2350.11,591.9410959,2942.051096,0,1,0,0
SH_1135,"Chicago, IL","New York, NY",52.3,22.8,3.32,5.01,High,4.9,Rain,Fall,3,8,5.5,Refrigerated,1,1,818,60,1537.02,542.0678643,2079.087864,0,0,0,1
SH_1136,"Houston, TX","Los Angeles, CA",44.7,28.6,4.61,4.72,Low,6.4,Storm,Winter,6,8,7.9,Refrigerated,1,1,1577,60,2892.22,1540.247881,4432.467881,0,0,1,0
SH_1137,"Chicago, IL","Seattle, WA",44.5,23.5,3.79,5.05,Medium,6.3,Rain,Winter,7,8,0.6,Flatbed,1,1,1993,60,3691.04,1495.736634,5186.776634,1,0,0,0
SH_1138,"Los Angeles, CA","Phoenix, AZ",71.8,18.0,4.58,4.91,Low,6.9,Rain,Winter,2,8,8.3,Refrigerated,1,3,410,80,1111.51,382.4439919,1493.953992,1,0,0,0
SH_1139,"Dallas, TX","Seattle, WA",48.5,8.8,4.72,5.87,High,6.4,Clear,Fall,6,8,9.7,Dry Van,1,1,1932,60,3525.9,1553.499148,5079.399148,1,0,0,0
SH_1140,"Dallas, TX","New York, NY",64.7,12.3,3.33,7.69,Medium,6.5,Rain,Spring,4,8,9.2,Dry Van,0,2,1576,70,3435.68,682.4551365,4118.135137,0,0,0,1
SH_1141,"Atlanta, GA","Chicago, IL",59.7,25.1,3.85,4.93,Medium,10.0,Clear,Winter,2,8,8.4,Dry Van,0,1,677,60,1251.1,528.6916836,1779.791684,0,0,1,0
SH_1142,"Chicago, IL","Atlanta, GA",50.3,27.8,3.55,7.2,High,9.5,Rain,Spring,3,8,0.2,Flatbed,1,1,677,60,1251.1,333.7986111,1584.898611,1,0,0,0
SH_1143,"Seattle, WA","Chicago, IL",57.5,13.0,3.26,5.51,Medium,8.0,Storm,Spring,6,8,5.3,Refrigerated,1,1,1993,60,3691.04,1179.161525,4870.201525,0,0,1,0
SH_1144,"Denver, CO","Chicago, IL",47.0,12.2,3.32,5.0,Low,5.3,Clear,Summer,3,8,5.6,Dry Van,0,1,1056,60,1951.49,701.184,2652.674,0,0,1,0
SH_1145,"Dallas, TX","Denver, CO",46.8,21.0,4.63,6.24,Medium,5.5,Clear,Fall,4,8,6.0,Refrigerated,1,1,762,60,1387.6,565.3942308,1952.994231,0,0,0,1
SH_1146,"Atlanta, GA","Chicago, IL",42.0,15.3,4.16,5.57,Medium,7.5,Storm,Summer,3,8,6.9,Flatbed,0,1,677,60,1251.1,505.6229803,1756.72298,0,1,0,0
SH_1147,"Atlanta, GA","Denver, CO",54.8,15.6,3.28,6.05,High,7.5,Fog,Winter,5,8,3.3,Refrigerated,1,1,1392,60,2540.4,754.6710744,3295.071074,0,0,0,1
SH_1148,"Chicago, IL","Miami, FL",42.6,27.9,3.04,7.85,High,6.8,Fog,Spring,5,8,8.4,Dry Van,0,1,1370,60,2561.9,530.5477707,3092.447771,1,0,0,0
SH_1149,"Miami, FL","Phoenix, AZ",55.4,14.8,4.69,5.71,Medium,7.3,Clear,Fall,6,8,7.4,Tanker,0,1,2276,60,4206.05,1869.429072,6075.479072,0,0,0,1
SH_1150,"Seattle, WA","Dallas, TX",68.3,24.5,3.43,6.86,Low,8.8,Storm,Winter,4,8,0.0,Dry Van,0,2,1932,70,4153.8,966.0,5119.8,0,1,0,0
SH_1151,"Denver, CO","Atlanta, GA",52.3,18.9,3.38,7.44,Low,5.5,Clear,Spring,5,8,4.8,Dry Van,1,1,1392,60,2540.4,632.3870968,3172.787097,0,0,0,1
SH_1152,"Houston, TX","Atlanta, GA",47.5,11.8,3.34,6.87,Medium,8.6,Rain,Winter,4,8,7.4,Refrigerated,1,1,806,60,1467.73,391.8544396,1859.58444,0,0,1,0
SH_1153,"Miami, FL","Los Angeles, CA",73.8,25.5,3.41,4.74,Medium,4.8,Clear,Fall,5,8,4.7,Dry Van,0,3,2686,80,7375.76,1932.333333,9308.093333,0,0,1,0
SH_1154,"Atlanta, GA","Miami, FL",66.1,20.1,4.37,4.07,Low,5.9,Rain,Winter,2,8,0.3,Refrigerated,0,2,697,70,1515.97,748.3759214,2264.345921,1,0,0,0
SH_1155,"New York, NY","Denver, CO",63.9,11.6,4.38,7.17,Medium,5.8,Rain,Fall,4,8,8.4,Flatbed,0,2,1872,70,4090.32,1143.564854,5233.884854,0,0,1,0
SH_1156,"Phoenix, AZ","Chicago, IL",52.0,24.5,4.15,7.94,Low,5.5,Rain,Spring,5,8,2.0,Refrigerated,0,1,1670,60,3086.16,872.8589421,3959.018942,1,0,0,0
SH_1157,"Los Angeles, CA","Seattle, WA",72.4,8.7,4.94,7.79,Low,9.3,Storm,Winter,3,8,0.4,Tanker,1,3,1104,80,3000.67,700.097561,3700.767561,1,0,0,0
SH_1158,"Houston, TX","Los Angeles, CA",49.3,16.9,4.65,5.09,Low,5.1,Rain,Fall,4,8,5.3,Refrigerated,0,1,1577,60,2892.22,1440.6778,4332.8978,0,0,1,0
SH_1159,"Houston, TX","New York, NY",49.0,5.9,3.82,4.43,Medium,9.4,Rain,Summer,5,8,4.3,Tanker,0,1,1630,60,3018.76,1405.553047,4424.313047,0,1,0,0
SH_1160,"Miami, FL","Denver, CO",43.3,21.5,4.29,4.13,Low,4.0,Fog,Fall,7,8,7.6,Tanker,1,1,1984,60,3666.43,2060.861985,5727.291985,0,1,0,0
SH_1161,"Los Angeles, CA","Phoenix, AZ",41.3,17.2,4.42,7.48,Medium,9.6,Fog,Winter,2,8,1.4,Dry Van,0,1,410,60,753.99,242.2727273,996.2627273,1,0,0,0
SH_1162,"Seattle, WA","Los Angeles, CA",67.2,29.3,3.93,5.22,Medium,6.6,Fog,Summer,4,8,2.6,Tanker,1,2,1104,70,2395.68,831.1724138,3226.852414,0,1,0,0
SH_1163,"Denver, CO","Seattle, WA",40.6,11.5,4.32,4.13,Medium,4.5,Clear,Summer,5,8,7.6,Refrigerated,1,1,1172,60,2144.76,1225.917676,3370.677676,0,1,0,0
SH_1164,"Atlanta, GA","Los Angeles, CA",57.6,11.9,4.3,6.89,Low,9.2,Clear,Summer,6,8,9.9,Tanker,1,1,2223,60,4088.1,1387.358491,5475.458491,0,1,0,0
SH_1165,"Denver, CO","New York, NY",70.9,19.4,3.8,5.46,Medium,4.1,Fog,Fall,4,8,1.6,Dry Van,0,3,1872,80,5127.41,1302.857143,6430.267143,0,0,1,0
SH_1166,"Denver, CO","Dallas, TX",44.2,5.4,4.78,4.98,Medium,8.4,Storm,Spring,4,8,9.9,Refrigerated,1,1,762,60,1387.6,731.3975904,2118.99759,0,0,1,0
SH_1167,"Houston, TX","Miami, FL",64.9,7.9,3.81,7.39,High,6.2,Fog,Summer,4,8,5.0,Flatbed,1,2,1112,70,2413.04,573.3044655,2986.344465,0,1,0,0
SH_1168,"Denver, CO","Atlanta, GA",74.1,6.4,4.15,7.45,Medium,6.9,Clear,Summer,3,8,3.4,Flatbed,0,3,1392,80,3744.48,775.409396,4519.889396,0,1,0,0
SH_1169,"Houston, TX","Phoenix, AZ",54.0,14.2,4.12,6.66,Low,9.9,Snow,Spring,3,8,6.4,Refrigerated,0,1,1166,60,2123.29,721.3093093,2844.599309,0,1,0,0
SH_1170,"Chicago, IL","New York, NY",41.2,12.2,4.54,4.82,High,8.3,Fog,Fall,3,8,1.7,Flatbed,0,1,818,60,1537.02,770.4813278,2307.501328,0,1,0,0
SH_1171,"Denver, CO","Los Angeles, CA",57.4,15.5,4.56,6.94,Medium,7.4,Snow,Fall,4,8,5.6,Dry Van,1,1,954,60,1754.41,626.8357349,2381.245735,1,0,0,0
SH_1172,"Chicago, IL","New York, NY",47.6,22.9,3.74,5.12,High,5.1,Snow,Spring,3,8,7.2,Dry Van,0,1,818,60,1537.02,597.5234375,2134.543438,0,1,0,0
SH_1173,"Denver, CO","Houston, TX",68.4,23.0,4.46,4.4,Low,8.3,Fog,Winter,2,8,8.3,Flatbed,0,2,1010,70,2166.45,1023.772727,3190.222727,1,0,0,0
SH_1174,"Denver, CO","Seattle, WA",40.8,14.3,3.3,6.23,High,9.5,Snow,Fall,4,8,8.4,Refrigerated,0,1,1172,60,2144.76,620.8025682,2765.562568,0,0,0,1
SH_1175,"Miami, FL","Los Angeles, CA",45.9,5.8,3.66,7.63,Low,4.6,Rain,Fall,8,8,4.5,Refrigerated,0,1,2686,60,4998.65,1288.435125,6287.085125,0,1,0,0
SH_1176,"Phoenix, AZ","Atlanta, GA",44.3,10.3,3.06,5.74,Low,5.7,Clear,Spring,7,8,6.0,Refrigerated,1,1,1827,60,3334.28,973.9756098,4308.25561,1,0,0,0
SH_1177,"Denver, CO","Phoenix, AZ",58.6,7.3,3.89,8.0,High,9.0,Clear,Spring,3,8,5.7,Flatbed,1,1,673,60,1228.23,327.24625,1555.47625,0,0,0,1
SH_1178,"Chicago, IL","Denver, CO",71.4,28.8,3.77,7.15,Medium,7.7,Clear,Summer,2,8,7.5,Flatbed,0,3,1056,80,2877.6,556.8,3434.4,0,0,0,1
SH_1179,"Phoenix, AZ","New York, NY",41.9,5.3,4.32,5.16,Low,5.5,Clear,Winter,8,8,2.7,Dry Van,0,1,2461,60,4567.62,2060.372093,6627.992093,1,0,0,0
SH_1180,"New York, NY","Dallas, TX",55.4,17.8,4.35,5.55,Low,5.5,Storm,Winter,5,8,3.2,Tanker,1,1,1576,60,2918.75,1235.243243,4153.993243,0,0,0,1
SH_1181,"Phoenix, AZ","New York, NY",68.1,24.8,4.96,7.15,High,8.6,Fog,Summer,6,8,4.9,Dry Van,1,2,2461,70,5377.29,1707.211189,7084.501189,1,0,0,0
SH_1182,"Miami, FL","Atlanta, GA",65.0,7.7,4.5,4.54,High,4.4,Fog,Fall,3,8,0.6,Flatbed,1,2,697,70,1515.97,690.8590308,2206.829031,0,1,0,0
SH_1183,"Miami, FL","Chicago, IL",46.5,17.1,4.66,7.8,Medium,7.8,Fog,Spring,4,8,6.0,Flatbed,0,1,1370,60,2561.9,818.4871795,3380.387179,1,0,0,0
SH_1184,"Seattle, WA","Houston, TX",71.8,26.8,4.12,5.3,Low,5.8,Snow,Fall,5,8,5.8,Tanker,1,3,2173,80,5845.37,1689.2,7534.57,1,0,0,0
SH_1185,"Atlanta, GA","Dallas, TX",57.0,27.7,4.67,4.59,Medium,8.2,Clear,Summer,3,8,2.5,Flatbed,1,1,828,60,1507.79,842.4313725,2350.221373,0,0,0,1
SH_1186,"Phoenix, AZ","Atlanta, GA",66.0,9.5,4.83,7.0,Medium,9.6,Fog,Winter,5,8,6.4,Dry Van,1,2,1827,70,3928.05,1260.63,5188.68,0,1,0,0
SH_1187,"Phoenix, AZ","Chicago, IL",66.6,27.2,4.46,7.71,Medium,6.0,Snow,Spring,4,8,5.6,Refrigerated,0,2,1670,70,3632.25,966.0440986,4598.294099,0,0,1,0
SH_1188,"Los Angeles, CA","Phoenix, AZ",73.8,20.1,4.5,7.75,Medium,7.5,Storm,Fall,2,8,0.3,Refrigerated,1,3,410,80,1111.51,238.0645161,1349.574516,0,1,0,0
SH_1189,"Chicago, IL","Phoenix, AZ",49.8,19.5,3.4,5.08,High,7.0,Rain,Spring,5,8,9.4,Refrigerated,0,1,1670,60,3086.16,1117.716535,4203.876535,0,0,1,0
SH_1190,"Chicago, IL","New York, NY",47.3,12.8,4.54,7.47,High,7.1,Clear,Spring,4,8,0.1,Dry Van,1,1,818,60,1537.02,497.1512718,2034.171272,0,0,1,0
SH_1191,"Houston, TX","Atlanta, GA",61.8,16.7,3.23,5.47,Medium,4.2,Fog,Winter,3,8,8.9,Refrigerated,1,2,806,70,1728.87,475.9378428,2204.807843,0,1,0,0
SH_1192,"Chicago, IL","Miami, FL",64.5,16.6,4.02,4.55,High,6.0,Storm,Winter,4,8,9.1,Dry Van,1,2,1370,70,3014.0,1210.417582,4224.417582,0,1,0,0
SH_1193,"Denver, CO","Seattle, WA",65.5,8.0,4.22,6.81,Low,6.7,Rain,Summer,4,8,7.5,Flatbed,1,2,1172,70,2525.66,726.2613803,3251.92138,0,0,1,0
SH_1194,"Chicago, IL","New York, NY",71.3,28.4,4.61,6.54,Medium,5.8,Storm,Spring,3,8,2.7,Flatbed,1,3,818,80,2269.13,576.6024465,2845.732446,0,0,1,0
SH_1195,"Los Angeles, CA","Miami, FL",55.5,6.4,4.96,6.35,High,7.3,Clear,Summer,7,8,7.7,Flatbed,0,1,2686,60,4998.65,2098.040945,7096.690945,0,0,0,1
SH_1196,"Denver, CO","New York, NY",40.6,20.5,3.13,4.43,Medium,7.9,Rain,Spring,7,8,3.5,Flatbed,1,1,1872,60,3474.43,1322.654628,4797.084628,0,0,1,0
SH_1197,"Dallas, TX","Seattle, WA",74.3,29.1,3.83,5.06,Medium,5.8,Rain,Summer,5,8,5.3,Refrigerated,1,3,1932,80,5197.08,1462.363636,6659.443636,0,0,0,1
SH_1198,"Phoenix, AZ","Los Angeles, CA",57.1,15.2,3.42,5.93,Medium,6.0,Rain,Winter,2,8,6.8,Dry Van,1,1,410,60,753.99,236.4586847,990.4486847,0,1,0,0
SH_1199,"Seattle, WA","Chicago, IL",56.2,18.9,3.57,4.1,High,7.8,Storm,Fall,6,8,6.7,Refrigerated,1,1,1993,60,3691.04,1735.368293,5426.408293,0,0,1,0
SH_1200,"Houston, TX","Denver, CO",72.1,29.0,3.02,7.96,Medium,8.1,Rain,Spring,2,8,0.2,Refrigerated,0,3,1010,80,2709.83,383.1909548,3093.020955,0,0,1,0
SH_1201,"Los Angeles, CA","Phoenix, AZ",45.1,25.9,3.03,6.58,Medium,6.6,Snow,Spring,3,8,1.1,Flatbed,1,1,410,60,753.99,188.7993921,942.7893921,1,0,0,0
SH_1202,"Miami, FL","Denver, CO",44.3,17.2,4.25,7.31,Medium,8.1,Snow,Fall,6,8,0.3,Tanker,0,1,1984,60,3666.43,1153.488372,4819.918372,0,0,1,0
SH_1203,"Seattle, WA","Houston, TX",72.4,14.9,4.25,7.12,High,8.7,Rain,Fall,4,8,8.5,Flatbed,0,3,2173,80,5845.37,1297.085674,7142.455674,1,0,0,0
SH_1204,"Miami, FL","Dallas, TX",46.2,16.9,3.99,5.96,Medium,7.2,Fog,Spring,5,8,4.3,Refrigerated,1,1,1277,60,2353.51,854.9043624,3208.414362,0,0,1,0
SH_1205,"Phoenix, AZ","Houston, TX",55.9,25.3,4.66,5.65,Low,7.1,Rain,Spring,4,8,6.7,Flatbed,1,1,1166,60,2123.29,961.6920354,3084.982035,0,0,1,0
SH_1206,"New York, NY","Chicago, IL",55.6,26.8,3.92,4.08,Low,5.4,Fog,Fall,2,8,1.8,Refrigerated,0,1,818,60,1537.02,785.9215686,2322.941569,0,1,0,0
SH_1207,"Chicago, IL","Miami, FL",66.7,15.7,4.25,6.91,Low,8.1,Clear,Winter,4,8,3.9,Dry Van,1,2,1370,70,3014.0,842.6193922,3856.619392,0,1,0,0
SH_1208,"Los Angeles, CA","Denver, CO",62.4,17.4,4.7,7.5,Low,5.0,Clear,Spring,3,8,6.3,Tanker,1,2,954,70,2065.41,597.84,2663.25,0,0,0,1
SH_1209,"Houston, TX","Los Angeles, CA",40.6,27.2,3.45,7.72,High,8.3,Fog,Winter,6,8,2.0,Tanker,1,1,1577,60,2892.22,704.7474093,3596.967409,0,1,0,0
SH_1210,"Houston, TX","Phoenix, AZ",58.2,9.3,3.61,5.29,Low,5.0,Clear,Winter,3,8,7.9,Flatbed,0,1,1166,60,2123.29,795.7013233,2918.991323,0,1,0,0
SH_1211,"Phoenix, AZ","Seattle, WA",41.0,20.7,4.95,5.32,Low,4.7,Storm,Fall,4,8,9.1,Dry Van,0,1,1282,60,2346.06,1192.838346,3538.898346,0,1,0,0
SH_1212,"New York, NY","Los Angeles, CA",61.8,12.9,4.08,4.36,Medium,8.1,Fog,Summer,6,8,9.7,Refrigerated,0,2,2812,70,6186.4,2631.412844,8817.812844,1,0,0,0
SH_1213,"Miami, FL","Chicago, IL",40.6,18.6,4.41,7.16,High,5.2,Rain,Fall,6,8,3.8,Flatbed,1,1,1370,60,2561.9,843.8128492,3405.712849,0,1,0,0
SH_1214,"Seattle, WA","New York, NY",62.7,16.3,4.94,4.34,Medium,6.1,Clear,Winter,6,8,0.2,Refrigerated,0,2,2762,70,6048.78,3143.843318,9192.623318,0,1,0,0
SH_1215,"Los Angeles, CA","New York, NY",49.6,17.7,3.67,6.9,High,7.1,Fog,Summer,8,8,7.5,Flatbed,0,1,2812,60,5258.44,1495.657971,6754.097971,1,0,0,0
SH_1216,"Los Angeles, CA","Atlanta, GA",69.4,28.3,3.64,7.7,Low,8.8,Clear,Summer,5,8,6.7,Flatbed,0,2,2223,70,4812.8,1050.872727,5863.672727,0,0,0,1
SH_1217,"Chicago, IL","Seattle, WA",71.3,9.6,3.43,5.08,Medium,5.8,Storm,Spring,4,8,9.4,Tanker,0,3,1993,80,5444.88,1345.667323,6790.547323,0,1,0,0
SH_1218,"Atlanta, GA","Houston, TX",41.5,16.8,3.8,5.24,High,6.7,Snow,Fall,4,8,7.2,Refrigerated,1,1,806,60,1467.73,584.5038168,2052.233817,0,0,0,1
SH_1220,"Atlanta, GA","Dallas, TX",74.7,22.8,3.33,7.82,Low,8.0,Snow,Spring,2,8,6.6,Refrigerated,0,3,828,80,2221.52,352.5882353,2574.108235,0,1,0,0
SH_1221,"New York, NY","Miami, FL",60.2,13.9,4.64,7.13,Low,7.3,Storm,Fall,4,8,8.5,Flatbed,1,2,1256,70,2775.76,817.368864,3593.128864,1,0,0,0
SH_1222,"Houston, TX","Denver, CO",68.7,8.2,5.0,5.03,Low,8.3,Fog,Fall,3,8,2.4,Flatbed,1,2,1010,70,2166.45,1003.976143,3170.426143,0,0,0,1
SH_1223,"Denver, CO","Los Angeles, CA",50.8,29.4,3.56,7.81,Low,4.3,Clear,Summer,4,8,5.3,Refrigerated,1,1,954,60,1754.41,434.8578745,2189.267875,1,0,0,0
SH_1225,"Denver, CO","Dallas, TX",54.5,10.8,3.98,7.49,Low,8.3,Clear,Summer,2,8,6.9,Flatbed,0,1,762,60,1387.6,404.9078772,1792.507877,0,0,0,1
SH_1226,"Seattle, WA","Denver, CO",67.5,11.3,3.83,5.4,Medium,9.2,Clear,Summer,4,8,5.7,Dry Van,1,2,1172,70,2525.66,831.2518519,3356.911852,0,0,1,0
SH_1227,"Los Angeles, CA","Atlanta, GA",64.7,27.6,3.87,5.95,Low,9.6,Clear,Fall,6,8,5.8,Refrigerated,1,2,2223,70,4812.8,1445.884034,6258.684034,0,0,0,1
SH_1228,"Chicago, IL","New York, NY",43.7,25.5,3.87,4.29,High,8.7,Snow,Fall,4,8,1.6,Flatbed,1,1,818,60,1537.02,737.9160839,2274.936084,0,0,0,1
SH_1229,"New York, NY","Houston, TX",61.0,6.4,4.55,5.53,Medium,6.0,Storm,Winter,4,8,3.7,Flatbed,0,2,1630,70,3553.4,1341.139241,4894.539241,0,0,1,0
SH_1230,"Miami, FL","Denver, CO",61.2,14.1,4.81,6.01,Medium,6.8,Storm,Fall,5,8,4.9,Tanker,0,2,1984,70,4315.2,1587.860233,5903.060233,0,0,0,1
SH_1231,"Houston, TX","Dallas, TX",58.0,25.4,4.55,7.15,High,8.2,Rain,Spring,2,8,3.5,Refrigerated,1,1,259,60,470.34,164.8181818,635.1581818,0,0,1,0
SH_1232,"New York, NY","Houston, TX",68.9,8.6,3.62,6.28,High,5.5,Snow,Spring,4,8,8.1,Tanker,1,2,1630,70,3553.4,939.5859873,4492.985987,1,0,0,0
SH_1233,"Los Angeles, CA","Phoenix, AZ",73.2,26.2,3.67,5.6,Medium,6.5,Storm,Summer,2,8,2.9,Dry Van,1,3,410,80,1111.51,268.6964286,1380.206429,0,0,0,1
SH_1234,"Seattle, WA","Atlanta, GA",61.3,15.0,4.29,5.58,High,8.9,Clear,Summer,7,8,6.1,Tanker,1,2,2505,70,5398.28,1925.887097,7324.167097,0,1,0,0
SH_1235,"Chicago, IL","New York, NY",67.8,24.6,3.47,5.15,High,9.6,Rain,Winter,2,8,7.0,Refrigerated,0,2,818,70,1807.78,551.1572816,2358.937282,0,0,1,0
SH_1236,"Chicago, IL","Houston, TX",54.6,19.0,3.37,5.79,Medium,7.6,Clear,Fall,4,8,2.9,Refrigerated,1,1,1083,60,1995.97,630.3471503,2626.31715,0,0,0,1
SH_1237,"Phoenix, AZ","Seattle, WA",66.1,26.2,3.75,5.19,High,9.3,Storm,Winter,3,8,4.7,Tanker,0,2,1282,70,2762.71,926.300578,3689.010578,0,0,0,1
SH_1238,"New York, NY","Atlanta, GA",52.7,12.2,4.0,5.82,Low,6.1,Fog,Summer,3,8,8.5,Refrigerated,0,1,858,60,1592.45,589.6907216,2182.140722,0,0,0,1
SH_1239,"New York, NY","Phoenix, AZ",49.3,22.9,3.79,6.71,High,6.9,Storm,Spring,7,8,7.3,Refrigerated,0,1,2461,60,4567.62,1390.043219,5957.663219,0,0,0,1
SH_1240,"Miami, FL","Los Angeles, CA",69.2,27.6,4.63,5.84,Medium,5.5,Clear,Fall,6,8,1.7,Tanker,1,2,2686,70,5882.34,2129.482877,8011.822877,0,1,0,0
SH_1241,"Los Angeles, CA","Miami, FL",56.1,5.5,3.03,6.08,Medium,8.2,Rain,Winter,7,8,1.8,Dry Van,1,1,2686,60,4998.65,1338.582237,6337.232237,0,0,1,0
SH_1242,"Phoenix, AZ","Houston, TX",41.8,15.9,4.25,7.36,Low,8.1,Clear,Fall,5,8,4.4,Refrigerated,1,1,1166,60,2123.29,673.3016304,2796.59163,0,1,0,0
SH_1243,"Seattle, WA","Dallas, TX",41.8,17.2,3.71,5.01,High,8.2,Fog,Winter,6,8,0.8,Dry Van,0,1,1932,60,3525.9,1430.682635,4956.582635,0,1,0,0
SH_1245,"Los Angeles, CA","Denver, CO",64.9,12.6,4.02,6.99,Low,6.8,Clear,Fall,2,8,7.9,Tanker,0,2,954,70,2065.41,548.6523605,2614.062361,0,1,0,0
SH_1246,"Chicago, IL","Seattle, WA",42.3,18.3,3.12,7.07,Low,8.3,Fog,Winter,6,8,7.1,Tanker,0,1,1993,60,3691.04,879.5134371,4570.553437,0,0,1,0
SH_1247,"Los Angeles, CA","Houston, TX",44.3,18.9,3.65,5.77,Medium,7.9,Fog,Summer,6,8,6.2,Dry Van,1,1,1577,60,2892.22,997.5823224,3889.802322,0,1,0,0
SH_1248,"Denver, CO","Los Angeles, CA",65.9,22.6,4.07,6.72,Medium,9.2,Clear,Fall,2,8,8.3,Tanker,0,2,954,70,2065.41,577.7946429,2643.204643,1,0,0,0
SH_1249,"Los Angeles, CA","Miami, FL",55.6,22.9,4.74,4.17,Medium,7.4,Clear,Summer,7,8,4.0,Refrigerated,0,1,2686,60,4998.65,3053.151079,8051.801079,0,1,0,0
SH_1250,"Atlanta, GA","Houston, TX",67.8,13.4,3.01,7.84,Low,7.6,Fog,Fall,2,8,6.1,Dry Van,0,2,806,70,1728.87,309.4464286,2038.316429,1,0,0,0
SH_1251,"Los Angeles, CA","Atlanta, GA",66.9,27.6,3.82,7.81,High,9.2,Snow,Winter,6,8,1.6,Tanker,1,2,2223,70,4812.8,1087.306018,5900.106018,0,0,0,1
SH_1252,"Seattle, WA","Phoenix, AZ",54.1,19.4,4.17,7.0,High,7.1,Rain,Summer,4,8,3.1,Tanker,1,1,1282,60,2346.06,763.7057143,3109.765714,0,1,0,0
SH_1253,"Los Angeles, CA","Chicago, IL",44.1,29.0,3.18,4.92,Low,4.3,Rain,Spring,6,8,8.5,Dry Van,0,1,2004,60,3729.44,1295.268293,5024.708293,0,0,0,1
SH_1254,"Atlanta, GA","Dallas, TX",72.5,19.8,4.26,7.38,Medium,5.8,Fog,Winter,3,8,9.1,Tanker,1,3,828,80,2221.52,477.9512195,2699.47122,0,1,0,0
SH_1255,"Houston, TX","New York, NY",74.2,27.5,3.25,7.29,Low,6.5,Fog,Spring,3,8,4.7,Refrigerated,0,3,1630,80,4453.16,726.6803841,5179.840384,1,0,0,0
SH_1256,"Atlanta, GA","Houston, TX",58.5,13.0,3.15,7.58,Medium,8.8,Rain,Fall,3,8,7.8,Refrigerated,1,1,806,60,1467.73,334.9472296,1802.67723,0,0,0,1
SH_1257,"Chicago, IL","Seattle, WA",54.3,11.4,4.72,6.8,Low,7.3,Rain,Spring,5,8,0.9,Refrigerated,0,1,1993,60,3691.04,1383.376471,5074.416471,1,0,0,0
SH_1258,"Los Angeles, CA","Denver, CO",46.8,10.2,4.32,7.65,Medium,6.4,Rain,Spring,3,8,6.5,Tanker,0,1,954,60,1754.41,538.7294118,2293.139412,0,0,1,0
SH_1259,"New York, NY","Atlanta, GA",66.2,26.7,4.07,7.01,Low,4.8,Fog,Fall,2,8,3.9,Dry Van,0,2,858,70,1874.73,498.1540656,2372.884066,0,1,0,0
SH_1260,"Atlanta, GA","Miami, FL",72.5,26.9,3.27,4.69,Medium,6.1,Clear,Fall,3,8,6.1,Flatbed,1,3,697,80,1899.33,485.9680171,2385.298017,0,1,0,0
SH_1261,"Chicago, IL","Houston, TX",73.7,21.3,4.68,6.1,Medium,5.2,Snow,Fall,3,8,5.6,Refrigerated,1,3,1083,80,2943.59,830.8918033,3774.481803,0,0,1,0
SH_1262,"Dallas, TX","Los Angeles, CA",47.7,14.2,3.73,7.84,Low,6.7,Clear,Summer,5,8,2.7,Refrigerated,1,1,1423,60,2609.78,677.0140306,3286.794031,0,0,1,0
SH_1263,"Phoenix, AZ","Houston, TX",71.3,16.9,4.89,4.86,Low,4.4,Fog,Spring,4,8,8.5,Dry Van,1,3,1166,80,3128.38,1173.197531,4301.577531,0,0,1,0
SH_1264,"Miami, FL","New York, NY",63.8,28.4,4.65,7.38,Low,7.4,Clear,Winter,4,8,9.3,Refrigerated,1,2,1256,70,2775.76,791.3821138,3567.142114,0,1,0,0
SH_1265,"Miami, FL","New York, NY",58.9,16.2,4.13,5.88,High,4.3,Storm,Summer,4,8,4.4,Refrigerated,1,1,1256,60,2360.02,882.1904762,3242.210476,0,0,0,1
SH_1266,"Atlanta, GA","Denver, CO",44.9,5.1,3.49,6.82,Low,4.6,Rain,Winter,4,8,7.3,Flatbed,0,1,1392,60,2540.4,712.3284457,3252.728446,0,0,0,1
SH_1267,"Atlanta, GA","Phoenix, AZ",47.8,23.7,3.87,6.82,Low,7.4,Storm,Summer,6,8,6.0,Dry Van,1,1,1827,60,3334.28,1036.728739,4371.008739,0,1,0,0
SH_1268,"Atlanta, GA","Seattle, WA",52.4,8.6,4.85,4.42,Low,6.3,Clear,Spring,7,8,8.5,Refrigerated,1,1,2505,60,4584.15,2748.699095,7332.849095,1,0,0,0
SH_1269,"Seattle, WA","Houston, TX",74.7,6.0,3.26,4.9,Medium,8.9,Snow,Fall,5,8,0.7,Flatbed,1,3,2173,80,5845.37,1445.710204,7291.080204,0,0,0,1
SH_1270,"Chicago, IL","Phoenix, AZ",66.1,8.3,3.27,4.09,High,4.3,Storm,Winter,5,8,0.7,Refrigerated,1,2,1670,70,3632.25,1335.183374,4967.433374,0,0,1,0
SH_1271,"Los Angeles, CA","Houston, TX",69.1,13.2,4.46,4.38,High,8.0,Clear,Spring,4,8,7.5,Tanker,1,2,1577,70,3406.32,1605.803653,5012.123653,0,0,0,1
SH_1272,"Seattle, WA","New York, NY",71.4,11.1,3.71,7.8,Low,7.5,Fog,Fall,6,8,3.3,Tanker,1,3,2762,80,7584.45,1313.720513,8898.170513,1,0,0,0
SH_1273,"New York, NY","Houston, TX",74.9,11.7,4.7,4.66,Low,8.4,Clear,Spring,3,8,9.8,Refrigerated,0,3,1630,80,4453.16,1643.991416,6097.151416,0,0,0,1
SH_1274,"Seattle, WA","Phoenix, AZ",40.9,20.1,3.29,7.19,High,9.1,Storm,Summer,4,8,1.5,Dry Van,0,1,1282,60,2346.06,586.6175243,2932.677524,1,0,0,0
SH_1275,"Houston, TX","New York, NY",53.8,20.3,3.09,7.01,Low,4.5,Rain,Spring,4,8,0.2,Flatbed,0,1,1630,60,3018.76,718.5021398,3737.26214,0,0,1,0
SH_1276,"Houston, TX","Dallas, TX",46.1,17.9,3.52,6.89,Low,5.9,Snow,Spring,1,8,2.8,Dry Van,0,1,259,60,470.34,132.3193033,602.6593033,0,0,0,1
SH_1277,"Atlanta, GA","New York, NY",41.1,12.1,4.0,4.18,Low,5.1,Clear,Summer,4,8,9.8,Dry Van,1,1,858,60,1592.45,821.0526316,2413.502632,0,1,0,0
SH_1278,"Chicago, IL","Seattle, WA",48.8,11.5,4.29,4.47,High,9.7,Rain,Fall,7,8,10.0,Dry Van,1,1,1993,60,3691.04,1912.744966,5603.784966,0,1,0,0
SH_1279,"Dallas, TX","New York, NY",67.0,5.1,4.78,5.08,Low,8.0,Snow,Spring,3,8,4.4,Dry Van,0,2,1576,70,3435.68,1482.929134,4918.609134,0,0,0,1
SH_1280,"Seattle, WA","Chicago, IL",50.9,17.0,3.64,5.44,High,8.0,Fog,Summer,6,8,9.0,Refrigerated,1,1,1993,60,3691.04,1333.551471,5024.591471,1,0,0,0
SH_1281,"Atlanta, GA","Miami, FL",57.8,15.8,3.75,6.83,Low,8.0,Storm,Fall,3,8,4.1,Refrigerated,1,1,697,60,1288.06,382.6866764,1670.746676,0,1,0,0
SH_1282,"Atlanta, GA","Denver, CO",66.7,7.4,3.7,7.35,Low,4.4,Fog,Winter,3,8,0.9,Tanker,0,2,1392,70,2992.8,700.7346939,3693.534694,0,1,0,0
SH_1283,"Phoenix, AZ","Los Angeles, CA",53.0,24.4,4.19,6.58,Low,8.5,Storm,Fall,2,8,8.3,Refrigerated,1,1,410,60,753.99,261.0790274,1015.069027,0,0,1,0
SH_1284,"Dallas, TX","Houston, TX",60.2,27.2,4.4,4.81,Low,6.6,Fog,Spring,1,8,0.6,Flatbed,0,2,259,70,554.26,236.9230769,791.1830769,0,1,0,0
SH_1285,"Chicago, IL","Denver, CO",44.5,22.4,4.01,4.1,Medium,9.5,Fog,Winter,3,8,5.2,Refrigerated,0,1,1056,60,1951.49,1032.819512,2984.309512,0,0,0,1
SH_1286,"New York, NY","Chicago, IL",44.3,14.1,3.51,6.03,Medium,9.8,Clear,Winter,3,8,4.0,Flatbed,0,1,818,60,1537.02,476.1492537,2013.169254,0,0,1,0
SH_1287,"Los Angeles, CA","Atlanta, GA",41.3,15.0,4.6,6.09,Medium,7.3,Rain,Winter,7,8,1.3,Flatbed,0,1,2223,60,4088.1,1679.1133,5767.2133,1,0,0,0
SH_1288,"Seattle, WA","Miami, FL",63.6,29.5,4.42,5.97,Low,9.1,Rain,Spring,8,8,2.8,Tanker,1,2,3141,70,6847.38,2325.497487,9172.877487,0,1,0,0
SH_1289,"Los Angeles, CA","Houston, TX",64.8,8.4,4.63,6.42,Medium,9.7,Rain,Spring,5,8,1.1,Flatbed,1,2,1577,70,3406.32,1137.306854,4543.626854,0,1,0,0
SH_1290,"Seattle, WA","Chicago, IL",43.0,29.2,3.08,7.01,Low,7.2,Clear,Summer,7,8,7.3,Flatbed,1,1,1993,60,3691.04,875.6690442,4566.709044,0,0,0,1
SH_1291,"Los Angeles, CA","Dallas, TX",74.7,23.6,4.48,4.99,Low,9.0,Rain,Fall,3,8,9.6,Tanker,0,3,1423,80,3847.79,1277.563126,5125.353126,1,0,0,0
SH_1292,"Miami, FL","Houston, TX",55.3,18.9,3.81,4.84,High,7.6,Fog,Winter,3,8,6.4,Tanker,0,1,1112,60,2049.42,875.3553719,2924.775372,0,1,0,0
SH_1293,"Chicago, IL","Atlanta, GA",65.6,11.4,3.35,6.76,Medium,9.1,Snow,Winter,2,8,5.3,Dry Van,0,2,677,70,1472.47,335.4955621,1807.965562,0,0,1,0
SH_1294,"Miami, FL","Chicago, IL",57.3,8.3,4.91,7.2,High,8.0,Rain,Spring,4,8,6.6,Tanker,1,1,1370,60,2561.9,934.2638889,3496.163889,0,0,1,0
SH_1295,"New York, NY","Los Angeles, CA",54.4,16.8,3.83,7.37,Medium,5.4,Rain,Summer,8,8,8.9,Dry Van,1,1,2812,60,5258.44,1461.324288,6719.764288,1,0,0,0
SH_1296,"Chicago, IL","Houston, TX",42.7,7.7,3.99,6.44,High,5.6,Snow,Summer,4,8,6.8,Flatbed,0,1,1083,60,1995.97,670.9891304,2666.95913,0,1,0,0
SH_1297,"Los Angeles, CA","New York, NY",56.8,15.4,3.21,7.69,Low,8.8,Fog,Fall,7,8,2.6,Tanker,0,1,2812,60,5258.44,1173.79974,6432.23974,0,0,1,0
SH_1298,"Chicago, IL","Denver, CO",50.4,19.6,3.84,7.88,Medium,4.3,Rain,Winter,3,8,8.6,Dry Van,0,1,1056,60,1951.49,514.5989848,2466.088985,0,0,1,0
SH_1299,"Los Angeles, CA","Denver, CO",40.1,11.1,3.65,7.86,Medium,9.5,Fog,Fall,4,8,8.3,Tanker,1,1,954,60,1754.41,443.0152672,2197.425267,0,0,0,1
SH_1300,"New York, NY","Miami, FL",71.7,29.5,3.7,5.04,High,7.3,Rain,Fall,4,8,0.3,Tanker,1,3,1256,80,3484.14,922.0634921,4406.203492,1,0,0,0
SH_1301,"Seattle, WA","New York, NY",72.4,9.1,3.82,7.32,High,8.0,Storm,Spring,5,8,4.9,Tanker,0,3,2762,80,7584.45,1441.371585,9025.821585,0,0,1,0
SH_1302,"New York, NY","Denver, CO",71.2,9.1,3.3,6.31,High,7.9,Rain,Winter,5,8,3.9,Refrigerated,1,3,1872,80,5127.41,979.0174326,6106.427433,1,0,0,0
SH_1303,"Dallas, TX","Atlanta, GA",45.6,28.1,3.01,7.58,Medium,9.3,Storm,Fall,3,8,7.0,Refrigerated,0,1,828,60,1507.79,328.7968338,1836.586834,0,0,1,0
SH_1304,"Dallas, TX","Miami, FL",66.6,19.0,3.6,5.6,Low,8.1,Snow,Fall,4,8,1.3,Refrigerated,1,2,1277,70,2771.09,820.9285714,3592.018571,1,0,0,0
SH_1305,"Atlanta, GA","New York, NY",48.9,25.0,3.14,6.76,Low,5.0,Rain,Winter,4,8,8.4,Refrigerated,1,1,858,60,1592.45,398.5384615,1990.988462,0,0,0,1
SH_1306,"Dallas, TX","Denver, CO",66.4,17.9,4.78,6.35,Low,9.5,Clear,Winter,2,8,5.1,Tanker,0,2,762,70,1634.49,573.6,2208.09,0,0,1,0
SH_1307,"Dallas, TX","Los Angeles, CA",59.1,8.5,4.74,6.7,Low,10.0,Clear,Spring,4,8,6.8,Flatbed,0,1,1423,60,2609.78,1006.719403,3616.499403,0,0,1,0
SH_1308,"New York, NY","Denver, CO",48.9,26.9,4.85,6.68,Low,9.6,Fog,Spring,6,8,0.5,Dry Van,1,1,1872,60,3474.43,1359.161677,4833.591677,0,1,0,0
SH_1309,"Denver, CO","Miami, FL",42.5,22.7,3.07,7.37,High,6.8,Clear,Summer,6,8,7.1,Flatbed,0,1,1984,60,3666.43,826.4423338,4492.872334,1,0,0,0
SH_1310,"Dallas, TX","New York, NY",46.7,5.4,3.84,4.34,Low,4.6,Storm,Spring,6,8,2.5,Flatbed,1,1,1576,60,2918.75,1394.43318,4313.18318,0,1,0,0
SH_1311,"Denver, CO","Phoenix, AZ",67.1,19.4,4.39,7.7,High,8.3,Snow,Summer,3,8,7.1,Refrigerated,1,2,673,70,1446.95,383.6974026,1830.647403,0,1,0,0
SH_1312,"Los Angeles, CA","Houston, TX",53.5,15.2,3.33,4.09,High,4.8,Fog,Spring,5,8,8.0,Refrigerated,1,1,1577,60,2892.22,1283.963325,4176.183325,0,0,1,0
SH_1313,"New York, NY","Dallas, TX",52.1,20.0,4.87,4.67,Medium,8.3,Rain,Winter,5,8,2.7,Tanker,1,1,1576,60,2918.75,1643.494647,4562.244647,0,0,1,0
SH_1314,"Miami, FL","Denver, CO",41.7,21.3,3.44,4.33,Low,5.8,Clear,Summer,6,8,5.5,Tanker,0,1,1984,60,3666.43,1576.203233,5242.633233,0,1,0,0
SH_1315,"Houston, TX","Chicago, IL",73.8,29.1,3.89,7.18,Low,4.1,Snow,Summer,2,8,7.4,Flatbed,0,3,1083,80,2943.59,586.7506964,3530.340696,0,0,0,1
SH_1316,"Houston, TX","Los Angeles, CA",42.1,8.9,3.88,6.03,Low,6.3,Clear,Spring,6,8,4.7,Flatbed,1,1,1577,60,2892.22,1014.719735,3906.939735,0,0,1,0
SH_1317,"Atlanta, GA","Seattle, WA",43.7,24.2,4.38,6.97,High,8.4,Clear,Spring,8,8,3.1,Dry Van,0,1,2505,60,4584.15,1574.160689,6158.310689,0,0,1,0
SH_1318,"New York, NY","Dallas, TX",68.9,23.3,4.98,5.09,Medium,9.2,Clear,Winter,3,8,3.6,Dry Van,0,2,1576,70,3435.68,1541.941061,4977.621061,1,0,0,0
SH_1319,"Houston, TX","Dallas, TX",43.6,24.7,4.06,5.17,Medium,7.9,Fog,Spring,2,8,9.5,Dry Van,1,1,259,60,470.34,203.3926499,673.7326499,0,1,0,0
SH_1320,"Miami, FL","Los Angeles, CA",46.0,25.4,3.81,7.74,High,9.7,Clear,Summer,8,8,9.6,Tanker,0,1,2686,60,4998.65,1322.178295,6320.828295,1,0,0,0
SH_1321,"Seattle, WA","Los Angeles, CA",62.6,5.9,4.78,6.57,High,7.9,Fog,Fall,4,8,7.8,Flatbed,1,2,1104,70,2395.68,803.2146119,3198.894612,0,1,0,0
SH_1322,"Los Angeles, CA","New York, NY",51.3,22.0,4.13,4.65,Medium,5.9,Clear,Winter,7,8,9.9,Refrigerated,0,1,2812,60,5258.44,2497.539785,7755.979785,0,1,0,0
SH_1323,"Los Angeles, CA","New York, NY",73.0,10.4,4.54,4.08,High,8.0,Storm,Summer,5,8,3.5,Tanker,0,3,2812,80,7761.12,3129.039216,10890.15922,0,0,0,1
SH_1324,"Miami, FL","Houston, TX",69.9,5.6,4.22,5.47,High,6.5,Fog,Winter,2,8,7.6,Tanker,0,2,1112,70,2413.04,857.8866545,3270.926654,0,0,0,1
SH_1325,"Atlanta, GA","Chicago, IL",73.6,6.8,4.16,7.61,High,4.1,Fog,Winter,2,8,5.3,Flatbed,0,3,677,80,1844.82,370.0814717,2214.901472,0,0,1,0
SH_1326,"Houston, TX","Seattle, WA",47.3,17.1,3.17,7.37,Medium,8.3,Clear,Fall,6,8,6.9,Dry Van,0,1,2173,60,3965.72,934.6553596,4900.37536,0,0,1,0
SH_1327,"Houston, TX","Los Angeles, CA",59.4,20.0,4.95,6.57,Medium,4.2,Storm,Summer,4,8,9.1,Dry Van,0,1,1577,60,2892.22,1188.150685,4080.370685,0,1,0,0
SH_1328,"Chicago, IL","Los Angeles, CA",60.4,21.8,4.98,4.36,Medium,8.0,Snow,Fall,6,8,6.4,Dry Van,1,2,2004,70,4388.76,2288.972477,6677.732477,1,0,0,0
SH_1329,"Los Angeles, CA","Chicago, IL",45.4,10.2,4.24,4.51,Medium,5.6,Clear,Summer,7,8,3.3,Dry Van,1,1,2004,60,3729.44,1884.026608,5613.466608,0,0,0,1
SH_1330,"Denver, CO","Los Angeles, CA",72.9,10.7,3.78,6.43,Medium,8.5,Storm,Summer,2,8,4.4,Dry Van,0,3,954,80,2586.29,560.8273717,3147.117372,0,0,1,0
SH_1331,"Denver, CO","Seattle, WA",44.2,27.8,5.0,4.72,Medium,4.2,Clear,Winter,4,8,8.3,Refrigerated,0,1,1172,60,2144.76,1241.525424,3386.285424,0,0,0,1
SH_1332,"Los Angeles, CA","Chicago, IL",42.0,6.3,3.85,7.73,Medium,5.7,Rain,Fall,6,8,7.6,Flatbed,0,1,2004,60,3729.44,998.1112549,4727.551255,0,1,0,0
SH_1333,"Denver, CO","Phoenix, AZ",54.5,15.6,4.41,7.77,Low,5.6,Snow,Fall,3,8,1.1,Tanker,1,1,673,60,1228.23,381.972973,1610.202973,0,1,0,0
SH_1334,"Chicago, IL","New York, NY",46.5,17.8,4.06,7.5,High,6.8,Clear,Fall,3,8,2.3,Tanker,0,1,818,60,1537.02,442.8106667,1979.830667,1,0,0,0
SH_1335,"Denver, CO","Miami, FL",46.0,15.6,3.37,7.09,Medium,6.8,Snow,Fall,7,8,3.6,Refrigerated,1,1,1984,60,3666.43,943.0296192,4609.459619,0,1,0,0
SH_1336,"Chicago, IL","Houston, TX",59.4,22.9,4.79,7.61,Low,6.0,Storm,Spring,3,8,3.7,Tanker,0,1,1083,60,1995.97,681.6780552,2677.648055,1,0,0,0
SH_1337,"Atlanta, GA","Miami, FL",54.0,5.9,4.64,6.18,Low,6.0,Storm,Fall,3,8,2.1,Flatbed,1,1,697,60,1288.06,523.3139159,1811.373916,1,0,0,0
SH_1338,"Denver, CO","Phoenix, AZ",62.3,27.0,4.07,7.04,Low,8.6,Rain,Winter,3,8,2.5,Tanker,1,2,673,70,1446.95,389.078125,1836.028125,1,0,0,0
SH_1339,"Houston, TX","Los Angeles, CA",55.3,6.1,3.49,7.06,Low,4.4,Clear,Summer,4,8,6.9,Tanker,0,1,1577,60,2892.22,779.5651558,3671.785156,0,1,0,0
SH_1340,"Houston, TX","Phoenix, AZ",62.2,10.6,3.11,6.46,High,4.3,Rain,Summer,3,8,2.3,Refrigerated,0,2,1166,70,2501.07,561.3405573,3062.410557,0,0,1,0
SH_1341,"Chicago, IL","Denver, CO",56.6,10.6,4.71,5.02,Medium,5.8,Rain,Spring,4,8,3.1,Dry Van,1,1,1056,60,1951.49,990.7888446,2942.278845,0,0,1,0
SH_1342,"Phoenix, AZ","New York, NY",52.2,7.9,3.08,6.9,High,7.9,Rain,Fall,7,8,9.5,Dry Van,1,1,2461,60,4567.62,1098.533333,5666.153333,0,0,0,1
SH_1343,"Dallas, TX","Seattle, WA",64.8,6.7,3.22,6.04,Low,6.8,Clear,Spring,5,8,7.8,Dry Van,1,2,1932,70,4153.8,1029.97351,5183.77351,0,0,1,0
SH_1344,"Dallas, TX","Los Angeles, CA",55.9,13.9,4.89,6.41,Low,7.5,Fog,Summer,5,8,9.5,Flatbed,1,1,1423,60,2609.78,1085.564743,3695.344743,1,0,0,0
SH_1345,"Houston, TX","Seattle, WA",55.5,7.9,4.67,4.11,Low,9.0,Fog,Spring,5,8,3.4,Tanker,0,1,2173,60,3965.72,2469.077859,6434.797859,0,0,1,0
SH_1346,"Dallas, TX","Atlanta, GA",56.2,8.9,4.18,6.97,Low,9.5,Fog,Spring,2,8,3.8,Tanker,0,1,828,60,1507.79,496.5624103,2004.35241,0,1,0,0
SH_1347,"Miami, FL","Atlanta, GA",52.7,28.8,4.89,4.58,High,5.1,Storm,Winter,3,8,3.9,Dry Van,1,1,697,60,1288.06,744.1768559,2032.236856,0,0,0,1
SH_1348,"Dallas, TX","Houston, TX",49.6,19.9,4.6,4.53,High,4.7,Clear,Fall,2,8,3.2,Tanker,1,1,259,60,470.34,263.0022075,733.3422075,0,0,1,0
SH_1349,"Denver, CO","Miami, FL",52.6,5.4,3.38,7.01,High,9.6,Fog,Summer,5,8,5.6,Flatbed,0,1,1984,60,3666.43,956.6219686,4623.051969,1,0,0,0
SH_1350,"Phoenix, AZ","Denver, CO",44.9,10.5,4.16,4.26,Low,6.6,Storm,Spring,3,8,1.9,Tanker,1,1,673,60,1228.23,657.2018779,1885.431878,0,0,0,1
SH_1351,"Houston, TX","Denver, CO",64.8,26.7,3.77,5.25,Medium,6.3,Storm,Winter,2,8,7.2,Flatbed,0,2,1010,70,2166.45,725.2761905,2891.72619,0,0,0,1
SH_1352,"Chicago, IL","Dallas, TX",51.0,20.0,3.87,7.92,Medium,6.1,Clear,Fall,4,8,3.1,Flatbed,1,1,925,60,1704.77,451.9886364,2156.758636,0,0,1,0
SH_1353,"Seattle, WA","Dallas, TX",55.6,20.9,3.25,6.93,Medium,5.6,Fog,Spring,6,8,9.7,Refrigerated,1,1,1932,60,3525.9,906.0606061,4431.960606,0,0,0,1
SH_1354,"Seattle, WA","Denver, CO",69.2,6.3,4.7,6.52,Low,6.9,Fog,Winter,4,8,8.5,Dry Van,1,2,1172,70,2525.66,844.8466258,3370.506626,0,0,1,0
SH_1355,"Denver, CO","New York, NY",67.7,7.5,4.65,6.7,Medium,4.5,Rain,Summer,5,8,3.8,Dry Van,1,2,1872,70,4090.32,1299.223881,5389.543881,0,1,0,0
SH_1356,"Houston, TX","Denver, CO",58.6,22.6,3.52,7.77,Low,7.2,Clear,Fall,3,8,3.7,Flatbed,0,1,1010,60,1839.21,457.5546976,2296.764698,0,1,0,0
SH_1357,"Dallas, TX","Los Angeles, CA",63.6,5.2,3.95,4.77,High,7.8,Storm,Summer,3,8,4.6,Dry Van,0,2,1423,70,3073.68,1178.375262,4252.055262,0,0,0,1
SH_1358,"New York, NY","Denver, CO",57.8,17.4,4.86,7.56,High,8.7,Fog,Spring,5,8,3.0,Tanker,0,1,1872,60,3474.43,1203.428571,4677.858571,0,0,0,1
SH_1359,"New York, NY","Denver, CO",62.2,18.9,4.41,5.67,High,8.5,Fog,Spring,5,8,2.7,Tanker,1,2,1872,70,4090.32,1456.0,5546.32,0,0,0,1
SH_1360,"Seattle, WA","Los Angeles, CA",58.3,15.8,4.3,5.46,Low,5.4,Clear,Spring,4,8,8.7,Flatbed,1,1,1104,60,2034.67,869.4505495,2904.120549,0,0,0,1
SH_1361,"Houston, TX","Seattle, WA",42.8,20.7,3.67,6.69,Medium,4.2,Rain,Winter,7,8,6.9,Flatbed,0,1,2173,60,3965.72,1192.064275,5157.784275,0,0,0,1
SH_1362,"Denver, CO","Dallas, TX",70.0,6.5,3.43,7.99,High,6.6,Rain,Winter,3,8,6.1,Flatbed,1,2,762,70,1634.49,327.1163955,1961.606395,0,0,0,1
SH_1363,"Dallas, TX","Los Angeles, CA",51.0,25.7,4.21,5.56,High,7.3,Snow,Spring,4,8,8.9,Refrigerated,0,1,1423,60,2609.78,1077.48741,3687.26741,0,1,0,0
SH_1364,"Houston, TX","Atlanta, GA",48.7,19.3,4.89,6.89,Low,8.1,Fog,Summer,4,8,8.0,Flatbed,1,1,806,60,1467.73,572.0377358,2039.767736,0,1,0,0
SH_1365,"Chicago, IL","Los Angeles, CA",52.2,29.1,3.98,4.45,Low,6.8,Storm,Winter,6,8,10.0,Flatbed,1,1,2004,60,3729.44,1792.341573,5521.781573,0,0,1,0
SH_1366,"New York, NY","Chicago, IL",58.0,27.0,3.71,4.44,Low,9.7,Snow,Summer,2,8,3.4,Refrigerated,0,1,818,60,1537.02,683.509009,2220.529009,1,0,0,0
SH_1367,"Chicago, IL","Phoenix, AZ",60.9,26.4,3.76,6.96,Low,7.8,Fog,Winter,4,8,1.4,Tanker,0,2,1670,70,3632.25,902.183908,4534.433908,1,0,0,0
SH_1368,"Denver, CO","Chicago, IL",69.9,22.1,3.04,4.86,High,4.4,Clear,Spring,3,8,7.6,Tanker,1,2,1056,70,2296.8,660.5432099,2957.34321,0,0,0,1
SH_1369,"Miami, FL","Phoenix, AZ",69.3,18.9,4.38,7.89,Low,4.5,Snow,Winter,5,8,1.3,Refrigerated,0,2,2276,70,4950.3,1263.48289,6213.78289,0,1,0,0
SH_1370,"Chicago, IL","Miami, FL",69.8,27.7,4.01,6.38,Medium,8.2,Storm,Winter,4,8,1.0,Refrigerated,1,2,1370,70,3014.0,861.0815047,3875.081505,1,0,0,0
SH_1371,"Chicago, IL","Atlanta, GA",56.2,12.5,4.23,4.17,Low,4.7,Storm,Winter,2,8,1.8,Refrigerated,0,1,677,60,1251.1,686.7410072,1937.841007,0,0,1,0
SH_1372,"Miami, FL","Chicago, IL",68.4,22.0,4.21,6.26,Low,9.2,Snow,Spring,3,8,1.2,Refrigerated,0,2,1370,70,3014.0,921.3578275,3935.357827,0,1,0,0
SH_1373,"Los Angeles, CA","Houston, TX",54.5,11.3,4.74,5.73,Medium,8.9,Rain,Winter,5,8,5.0,Dry Van,1,1,1577,60,2892.22,1304.534031,4196.754031,0,1,0,0
SH_1374,"Phoenix, AZ","New York, NY",66.4,11.9,3.89,4.35,High,5.7,Fog,Spring,5,8,1.5,Dry Van,0,2,2461,70,5377.29,2200.756322,7578.046322,1,0,0,0
SH_1375,"Atlanta, GA","Houston, TX",72.1,22.0,4.62,4.44,Low,5.5,Storm,Summer,2,8,7.2,Refrigerated,0,3,806,80,2162.5,838.6756757,3001.175676,0,0,1,0
SH_1376,"Phoenix, AZ","Denver, CO",63.2,15.4,3.09,7.14,Medium,8.1,Storm,Summer,2,8,3.2,Dry Van,0,2,673,70,1446.95,291.2563025,1738.206303,1,0,0,0
SH_1377,"New York, NY","Denver, CO",68.4,24.0,3.53,4.6,Low,8.2,Storm,Summer,4,8,9.2,Dry Van,0,2,1872,70,4090.32,1436.556522,5526.876522,1,0,0,0
SH_1378,"Phoenix, AZ","Los Angeles, CA",51.1,6.4,4.41,7.57,High,7.8,Snow,Fall,3,8,1.3,Dry Van,1,1,410,60,753.99,238.8507266,992.8407266,0,1,0,0
SH_1379,"Denver, CO","Dallas, TX",69.3,26.4,4.66,7.2,Low,6.2,Snow,Fall,3,8,9.3,Refrigerated,1,2,762,70,1634.49,493.1833333,2127.673333,0,0,1,0
SH_1380,"Atlanta, GA","Chicago, IL",53.9,22.5,3.59,7.28,High,4.4,Snow,Summer,3,8,6.0,Refrigerated,1,1,677,60,1251.1,333.8502747,1584.950275,0,0,1,0
SH_1381,"Chicago, IL","Dallas, TX",56.0,11.9,3.93,5.8,High,7.5,Clear,Summer,4,8,0.8,Refrigerated,1,1,925,60,1704.77,626.7672414,2331.537241,0,1,0,0
SH_1382,"New York, NY","Miami, FL",64.5,5.6,4.71,6.78,High,8.6,Clear,Fall,3,8,9.9,Dry Van,0,2,1256,70,2775.76,872.5309735,3648.290973,0,0,0,1
SH_1383,"Seattle, WA","Atlanta, GA",55.2,23.2,3.54,4.4,High,6.1,Snow,Winter,7,8,0.2,Tanker,1,1,2505,60,4584.15,2015.386364,6599.536364,0,0,1,0
SH_1384,"Miami, FL","New York, NY",52.6,19.5,3.15,4.7,Low,9.3,Clear,Fall,3,8,9.5,Tanker,0,1,1256,60,2360.02,841.787234,3201.807234,0,0,1,0
SH_1385,"Houston, TX","Denver, CO",53.0,12.5,4.72,7.99,Low,7.8,Fog,Spring,4,8,7.8,Dry Van,1,1,1010,60,1839.21,596.6458073,2435.855807,0,0,1,0
SH_1386,"Atlanta, GA","Dallas, TX",60.1,25.8,4.38,4.08,Low,6.0,Storm,Winter,3,8,2.3,Tanker,1,2,828,70,1776.06,888.8823529,2664.942353,0,1,0,0
SH_1387,"Los Angeles, CA","Denver, CO",41.3,10.5,3.62,6.47,High,7.2,Storm,Winter,3,8,1.6,Dry Van,0,1,954,60,1754.41,533.7681607,2288.178161,0,0,1,0
SH_1388,"Chicago, IL","Phoenix, AZ",57.6,11.8,4.9,5.86,Medium,4.4,Snow,Summer,5,8,3.3,Dry Van,1,1,1670,60,3086.16,1396.416382,4482.576382,0,0,0,1
SH_1389,"Denver, CO","Chicago, IL",49.8,19.3,4.54,7.71,Medium,5.6,Fog,Winter,4,8,4.6,Tanker,1,1,1056,60,1951.49,621.8210117,2573.311012,0,0,0,1
SH_1390,"Phoenix, AZ","New York, NY",71.5,7.2,3.26,5.98,Low,4.6,Snow,Winter,5,8,3.3,Flatbed,0,3,2461,80,6740.68,1341.615385,8082.295385,0,0,0,1
SH_1391,"Dallas, TX","New York, NY",60.8,6.7,3.51,4.79,Low,4.1,Snow,Fall,4,8,3.8,Refrigerated,0,2,1576,70,3435.68,1154.85595,4590.53595,1,0,0,0
SH_1392,"Chicago, IL","Atlanta, GA",62.8,8.4,4.04,7.07,Medium,5.0,Storm,Winter,3,8,5.7,Flatbed,1,2,677,70,1472.47,386.8571429,1859.327143,0,1,0,0
SH_1393,"Dallas, TX","Chicago, IL",54.4,9.8,4.49,4.51,Medium,4.6,Clear,Summer,4,8,2.1,Dry Van,1,1,925,60,1704.77,920.8980044,2625.668004,0,0,0,1
SH_1394,"Houston, TX","Los Angeles, CA",56.6,16.2,4.42,6.49,High,7.9,Fog,Winter,5,8,2.9,Refrigerated,1,1,1577,60,2892.22,1074.012327,3966.232327,0,0,1,0
SH_1395,"Los Angeles, CA","Denver, CO",55.3,12.7,4.97,7.26,Medium,5.0,Clear,Spring,4,8,0.4,Tanker,1,1,954,60,1754.41,653.0826446,2407.492645,1,0,0,0
SH_1396,"Houston, TX","Miami, FL",44.0,18.3,4.72,6.95,Medium,5.3,Rain,Winter,5,8,5.1,Dry Van,1,1,1112,60,2049.42,755.2,2804.62,0,0,1,0
SH_1397,"Chicago, IL","Miami, FL",69.4,27.7,4.02,6.78,Low,4.7,Rain,Winter,4,8,4.3,Flatbed,1,2,1370,70,3014.0,812.300885,3826.300885,0,0,1,0
SH_1398,"Dallas, TX","Atlanta, GA",49.0,6.3,3.02,4.09,High,4.1,Rain,Fall,3,8,0.2,Tanker,0,1,828,60,1507.79,611.3838631,2119.173863,0,1,0,0
SH_1399,"Phoenix, AZ","Chicago, IL",46.8,6.1,3.32,5.54,Low,5.3,Storm,Summer,6,8,7.1,Dry Van,1,1,1670,60,3086.16,1000.794224,4086.954224,1,0,0,0
SH_1400,"Los Angeles, CA","Seattle, WA",63.3,26.8,4.74,6.32,Low,6.6,Rain,Summer,4,8,8.5,Tanker,1,2,1104,70,2395.68,828.0,3223.68,0,0,0,1
SH_1401,"New York, NY","Seattle, WA",65.6,19.7,3.9,7.04,Medium,4.4,Rain,Winter,7,8,10.0,Dry Van,1,2,2762,70,6048.78,1530.085227,7578.865227,1,0,0,0
SH_1402,"Los Angeles, CA","Houston, TX",50.2,11.9,4.33,7.58,High,7.5,Clear,Spring,4,8,0.5,Tanker,0,1,1577,60,2892.22,900.8456464,3793.065646,0,0,0,1
SH_1403,"Chicago, IL","Atlanta, GA",43.7,29.1,4.88,4.78,Medium,5.0,Rain,Summer,3,8,5.2,Flatbed,1,1,677,60,1251.1,691.1631799,1942.26318,0,1,0,0
SH_1404,"Seattle, WA","Phoenix, AZ",47.8,23.9,3.62,7.69,Medium,7.9,Clear,Winter,5,8,7.9,Dry Van,1,1,1282,60,2346.06,603.4902471,2949.550247,0,1,0,0
SH_1405,"Atlanta, GA","Los Angeles, CA",50.2,13.5,4.87,4.66,High,4.3,Fog,Summer,7,8,7.7,Flatbed,1,1,2223,60,4088.1,2323.178112,6411.278112,0,0,0,1
SH_1406,"Houston, TX","Miami, FL",58.7,7.5,4.18,7.11,Low,4.6,Fog,Fall,4,8,0.1,Refrigerated,1,1,1112,60,2049.42,653.7496484,2703.169648,0,1,0,0
SH_1407,"Atlanta, GA","Denver, CO",71.0,21.8,4.96,4.25,High,9.4,Snow,Fall,3,8,3.1,Tanker,0,3,1392,80,3744.48,1624.545882,5369.025882,1,0,0,0
SH_1408,"Dallas, TX","Atlanta, GA",50.1,27.2,4.76,7.03,Low,7.4,Clear,Winter,4,8,5.6,Flatbed,1,1,828,60,1507.79,560.6372688,2068.427269,0,0,1,0
SH_1409,"Atlanta, GA","Chicago, IL",49.6,20.7,4.66,6.83,Low,6.9,Snow,Spring,3,8,9.9,Tanker,1,1,677,60,1251.1,461.9062958,1713.006296,0,0,0,1
SH_1410,"Denver, CO","Chicago, IL",67.5,23.2,4.4,6.87,High,6.7,Snow,Fall,2,8,4.7,Refrigerated,0,2,1056,70,2296.8,676.3318777,2973.131878,1,0,0,0
SH_1411,"Atlanta, GA","Miami, FL",48.4,8.9,4.77,5.1,Medium,4.8,Storm,Summer,2,8,7.0,Flatbed,0,1,697,60,1288.06,651.9,1939.96,1,0,0,0
SH_1412,"Los Angeles, CA","Seattle, WA",56.5,8.0,4.7,7.83,High,9.8,Fog,Summer,3,8,6.4,Refrigerated,0,1,1104,60,2034.67,662.6819923,2697.351992,0,0,1,0
SH_1413,"Miami, FL","Chicago, IL",52.3,16.1,3.13,7.18,Low,5.4,Snow,Fall,4,8,9.0,Refrigerated,0,1,1370,60,2561.9,597.2284123,3159.128412,0,1,0,0
SH_1414,"Phoenix, AZ","Denver, CO",44.3,6.6,4.95,6.72,Low,6.5,Rain,Summer,2,8,7.6,Flatbed,0,1,673,60,1228.23,495.7366071,1723.966607,0,1,0,0
SH_1415,"Dallas, TX","Miami, FL",56.7,15.7,3.02,7.71,High,7.6,Clear,Fall,4,8,6.2,Refrigerated,1,1,1277,60,2353.51,500.1997406,2853.709741,0,0,0,1
SH_1416,"Chicago, IL","Dallas, TX",44.0,6.2,4.13,4.97,High,8.4,Snow,Spring,3,8,3.2,Refrigerated,0,1,925,60,1704.77,768.6619718,2473.431972,1,0,0,0
SH_1417,"Chicago, IL","New York, NY",43.6,23.4,3.9,5.29,High,9.1,Snow,Fall,4,8,5.2,Tanker,1,1,818,60,1537.02,603.0623819,2140.082382,0,0,0,1
SH_1418,"Seattle, WA","Houston, TX",68.5,22.2,3.88,5.52,Medium,8.6,Snow,Summer,4,8,1.3,Tanker,0,2,2173,70,4671.95,1527.398551,6199.348551,1,0,0,0
SH_1419,"Miami, FL","Houston, TX",70.1,28.1,4.65,5.34,Medium,5.6,Storm,Fall,3,8,1.6,Flatbed,1,3,1112,80,3022.42,968.3146067,3990.734607,0,1,0,0
SH_1420,"Seattle, WA","Dallas, TX",40.7,7.9,4.69,7.38,Medium,6.0,Rain,Spring,7,8,5.1,Dry Van,1,1,1932,60,3525.9,1227.788618,4753.688618,0,0,0,1
SH_1421,"Dallas, TX","Atlanta, GA",73.9,26.2,3.62,4.78,High,7.3,Fog,Summer,2,8,8.8,Refrigerated,0,3,828,80,2221.52,627.0627615,2848.582762,1,0,0,0
SH_1422,"Atlanta, GA","Denver, CO",49.0,23.8,3.19,5.28,Low,6.3,Snow,Fall,5,8,1.6,Refrigerated,1,1,1392,60,2540.4,841.0,3381.4,1,0,0,0
SH_1423,"Miami, FL","New York, NY",55.7,27.9,3.94,5.1,High,4.9,Fog,Summer,3,8,5.3,Dry Van,0,1,1256,60,2360.02,970.3215686,3330.341569,0,1,0,0
SH_1424,"Dallas, TX","Seattle, WA",53.7,19.7,3.55,4.7,Medium,8.6,Storm,Winter,6,8,1.0,Tanker,1,1,1932,60,3525.9,1459.276596,4985.176596,0,1,0,0
SH_1425,"New York, NY","Miami, FL",73.6,5.9,4.96,4.02,Low,9.2,Clear,Fall,4,8,9.4,Refrigerated,1,3,1256,80,3484.14,1549.691542,5033.831542,1,0,0,0
SH_1426,"Los Angeles, CA","Seattle, WA",62.9,7.0,3.48,7.09,High,7.2,Storm,Spring,4,8,4.3,Dry Van,1,2,1104,70,2395.68,541.8787024,2937.558702,1,0,0,0
SH_1427,"Houston, TX","Chicago, IL",55.7,29.5,4.92,5.32,Low,9.3,Fog,Winter,4,8,2.1,Refrigerated,1,1,1083,60,1995.97,1001.571429,2997.541429,1,0,0,0
SH_1428,"New York, NY","Chicago, IL",42.5,25.9,3.35,4.28,Medium,6.4,Snow,Winter,4,8,8.5,Tanker,1,1,818,60,1537.02,640.2570093,2177.277009,0,0,1,0
SH_1429,"Dallas, TX","New York, NY",55.4,6.5,4.5,6.26,Low,6.7,Snow,Summer,4,8,5.0,Refrigerated,0,1,1576,60,2918.75,1132.907348,4051.657348,0,0,1,0
SH_1430,"Houston, TX","Los Angeles, CA",66.5,18.6,4.75,6.17,Low,5.4,Fog,Winter,3,8,5.6,Dry Van,0,2,1577,70,3406.32,1214.059968,4620.379968,1,0,0,0
SH_1431,"Dallas, TX","Phoenix, AZ",61.8,13.9,4.69,5.81,Low,8.4,Fog,Fall,3,8,9.8,Tanker,0,2,1017,70,2181.47,820.9518072,3002.421807,0,1,0,0
SH_1432,"Houston, TX","New York, NY",45.6,11.9,3.66,6.6,Medium,8.5,Rain,Fall,5,8,5.1,Dry Van,0,1,1630,60,3018.76,903.9090909,3922.669091,1,0,0,0
SH_1433,"Atlanta, GA","Houston, TX",55.3,8.1,4.13,7.81,Medium,8.8,Storm,Spring,3,8,6.5,Dry Van,1,1,806,60,1467.73,426.2202305,1893.95023,1,0,0,0
SH_1434,"Chicago, IL","Houston, TX",55.0,13.3,4.95,7.45,High,5.9,Fog,Spring,4,8,4.2,Tanker,1,1,1083,60,1995.97,719.5771812,2715.547181,0,1,0,0
SH_1435,"Chicago, IL","Los Angeles, CA",73.5,15.1,4.75,4.76,Medium,7.3,Snow,Summer,5,8,7.6,Tanker,1,3,2004,80,5502.98,1999.789916,7502.769916,0,0,1,0
SH_1436,"Denver, CO","Phoenix, AZ",61.9,6.3,3.42,4.3,Medium,5.7,Fog,Winter,3,8,5.7,Flatbed,1,2,673,70,1446.95,535.2697674,1982.219767,0,0,0,1
SH_1437,"Chicago, IL","Los Angeles, CA",59.2,11.8,3.49,4.55,Medium,9.1,Rain,Summer,6,8,1.9,Refrigerated,1,1,2004,60,3729.44,1537.134066,5266.574066,0,1,0,0
SH_1438,"Dallas, TX","Denver, CO",70.6,23.6,4.32,5.63,Medium,5.6,Clear,Fall,2,8,8.0,Tanker,0,3,762,80,2044.45,584.69627,2629.14627,1,0,0,0
SH_1439,"Chicago, IL","Dallas, TX",69.7,24.0,3.59,5.71,High,5.1,Clear,Summer,3,8,7.2,Flatbed,1,2,925,70,2007.25,581.5674256,2588.817426,0,1,0,0
SH_1440,"New York, NY","Phoenix, AZ",68.7,29.9,3.15,5.89,Medium,8.8,Clear,Winter,5,8,3.0,Flatbed,0,2,2461,70,5377.29,1316.154499,6693.444499,0,0,0,1
SH_1441,"Seattle, WA","Los Angeles, CA",45.4,13.4,4.04,4.91,High,7.5,Fog,Spring,4,8,2.1,Refrigerated,0,1,1104,60,2034.67,908.3828921,2943.052892,0,0,0,1
SH_1442,"Houston, TX","New York, NY",62.1,12.9,3.46,7.52,Low,9.0,Fog,Spring,4,8,8.5,Flatbed,0,2,1630,70,3553.4,749.9734043,4303.373404,1,0,0,0
SH_1443,"Dallas, TX","Los Angeles, CA",73.6,21.8,3.35,5.9,Low,7.9,Storm,Winter,3,8,1.3,Refrigerated,0,3,1423,80,3847.79,807.9745763,4655.764576,0,0,1,0
SH_1444,"Chicago, IL","Phoenix, AZ",55.0,17.2,3.28,6.69,High,7.6,Fog,Fall,4,8,0.1,Flatbed,0,1,1670,60,3086.16,818.77429,3904.93429,0,1,0,0
SH_1445,"Houston, TX","Denver, CO",53.7,8.8,3.75,6.51,Low,7.3,Rain,Summer,3,8,3.8,Tanker,0,1,1010,60,1839.21,581.797235,2421.007235,0,0,1,0
SH_1446,"Denver, CO","Los Angeles, CA",55.6,11.9,3.21,4.3,Low,6.1,Rain,Spring,3,8,8.4,Refrigerated,0,1,954,60,1754.41,712.172093,2466.582093,1,0,0,0
SH_1447,"Seattle, WA","New York, NY",54.9,14.8,4.03,7.24,Medium,7.3,Fog,Summer,7,8,5.2,Dry Van,0,1,2762,60,5140.08,1537.411602,6677.491602,0,1,0,0
SH_1448,"New York, NY","Phoenix, AZ",55.3,25.6,4.85,6.56,High,8.9,Snow,Fall,6,8,9.1,Tanker,0,1,2461,60,4567.62,1819.489329,6387.109329,0,1,0,0
SH_1449,"Phoenix, AZ","Denver, CO",49.0,6.3,4.93,7.41,Low,9.5,Clear,Summer,2,8,4.8,Tanker,0,1,673,60,1228.23,447.7584345,1675.988435,0,0,0,1
SH_1450,"New York, NY","Denver, CO",73.9,17.6,3.35,6.63,High,9.9,Snow,Winter,4,8,8.6,Tanker,0,3,1872,80,5127.41,945.8823529,6073.292353,1,0,0,0
SH_1451,"Miami, FL","Los Angeles, CA",71.3,24.4,4.44,5.06,High,7.7,Fog,Summer,5,8,8.6,Flatbed,0,3,2686,80,7375.76,2356.885375,9732.645375,0,1,0,0
SH_1453,"Los Angeles, CA","Miami, FL",67.5,17.1,3.67,4.33,High,7.3,Storm,Summer,5,8,2.3,Tanker,0,2,2686,70,5882.34,2276.586605,8158.926605,0,1,0,0
SH_1454,"Houston, TX","New York, NY",51.3,6.7,3.07,6.42,Low,7.7,Fog,Fall,4,8,9.9,Tanker,0,1,1630,60,3018.76,779.4548287,3798.214829,0,0,1,0
SH_1456,"New York, NY","Denver, CO",74.0,21.7,4.56,7.1,Low,7.2,Clear,Spring,4,8,3.2,Refrigerated,0,3,1872,80,5127.41,1202.298592,6329.708592,0,0,0,1
SH_1457,"Chicago, IL","Phoenix, AZ",73.5,12.5,4.98,6.53,Medium,5.5,Snow,Spring,3,8,7.4,Refrigerated,0,3,1670,80,4550.75,1273.598775,5824.348775,0,0,0,1
SH_1458,"Los Angeles, CA","Denver, CO",42.4,9.2,4.58,6.59,Low,7.4,Clear,Summer,3,8,9.6,Flatbed,0,1,954,60,1754.41,663.0227618,2417.432762,0,0,0,1
SH_1459,"Chicago, IL","Phoenix, AZ",42.7,27.1,4.63,6.47,High,9.7,Clear,Spring,5,8,9.9,Dry Van,0,1,1670,60,3086.16,1195.069552,4281.229552,0,0,0,1
SH_1460,"Phoenix, AZ","Denver, CO",54.6,12.3,4.53,7.06,High,5.8,Storm,Spring,3,8,0.1,Refrigerated,1,1,673,60,1228.23,431.825779,1660.055779,0,1,0,0
SH_1461,"Phoenix, AZ","New York, NY",54.4,29.7,3.94,5.03,Medium,9.3,Rain,Spring,7,8,6.0,Refrigerated,1,1,2461,60,4567.62,1927.701789,6495.321789,1,0,0,0
SH_1462,"Seattle, WA","Atlanta, GA",53.4,28.6,4.18,5.38,High,7.8,Clear,Winter,6,8,5.1,Refrigerated,0,1,2505,60,4584.15,1946.263941,6530.413941,1,0,0,0
SH_1463,"Los Angeles, CA","Dallas, TX",46.0,23.0,4.23,6.72,Medium,6.1,Storm,Winter,4,8,2.2,Dry Van,0,1,1423,60,2609.78,895.7276786,3505.507679,0,0,0,1
SH_1464,"Seattle, WA","Phoenix, AZ",46.6,5.2,4.94,5.73,Low,9.8,Storm,Fall,5,8,5.9,Dry Van,1,1,1282,60,2346.06,1105.249564,3451.309564,0,0,1,0
SH_1465,"New York, NY","Seattle, WA",67.7,24.6,3.23,7.65,Low,5.2,Fog,Fall,6,8,9.9,Tanker,0,2,2762,70,6048.78,1166.177778,7214.957778,0,1,0,0
SH_1466,"New York, NY","Chicago, IL",73.5,13.6,3.21,4.75,High,7.0,Snow,Winter,3,8,1.5,Flatbed,1,3,818,80,2269.13,552.7957895,2821.925789,0,0,0,1
SH_1467,"Atlanta, GA","Dallas, TX",51.3,13.5,4.32,5.87,High,8.9,Snow,Winter,4,8,0.5,Refrigerated,1,1,828,60,1507.79,609.362862,2117.152862,0,0,1,0
SH_1468,"Houston, TX","Denver, CO",71.8,10.6,4.09,7.82,Medium,7.0,Clear,Spring,2,8,4.8,Dry Van,0,3,1010,80,2709.83,528.2480818,3238.078082,0,1,0,0
SH_1469,"Seattle, WA","Atlanta, GA",56.7,24.6,3.86,5.01,High,6.0,Storm,Summer,6,8,5.0,Tanker,0,1,2505,60,4584.15,1930.0,6514.15,0,1,0,0
SH_1470,"Seattle, WA","Chicago, IL",68.4,15.5,4.53,7.82,Medium,9.1,Snow,Winter,5,8,5.7,Flatbed,1,2,1993,70,4344.74,1154.512788,5499.252788,0,1,0,0
SH_1471,"Denver, CO","Houston, TX",72.7,26.7,4.73,6.77,Medium,7.7,Clear,Spring,3,8,5.7,Refrigerated,1,3,1010,80,2709.83,705.6573117,3415.487312,1,0,0,0
SH_1472,"Dallas, TX","Atlanta, GA",57.1,16.4,3.41,7.02,Low,6.7,Storm,Winter,2,8,2.6,Dry Van,0,1,828,60,1507.79,402.2051282,1909.995128,0,1,0,0
SH_1473,"Denver, CO","Chicago, IL",72.9,21.6,4.74,7.31,Medium,6.2,Rain,Summer,2,8,0.0,Flatbed,0,3,1056,80,2877.6,684.7387141,3562.338714,0,1,0,0
SH_1474,"Dallas, TX","Phoenix, AZ",58.8,18.3,4.28,5.22,Low,7.2,Snow,Fall,4,8,5.8,Tanker,1,1,1017,60,1851.96,833.862069,2685.822069,1,0,0,0
SH_1475,"Atlanta, GA","Dallas, TX",44.2,8.1,4.13,5.08,Low,6.4,Rain,Fall,4,8,1.0,Flatbed,1,1,828,60,1507.79,673.1574803,2180.94748,1,0,0,0
SH_1476,"Dallas, TX","Denver, CO",60.1,24.5,3.73,7.91,High,6.6,Rain,Fall,2,8,4.7,Tanker,0,2,762,70,1634.49,359.3249052,1993.814905,0,0,0,1
SH_1477,"Chicago, IL","Phoenix, AZ",69.1,16.5,4.19,5.07,High,7.9,Snow,Summer,5,8,0.5,Refrigerated,1,2,1670,70,3632.25,1380.138067,5012.388067,0,0,0,1
SH_1478,"Denver, CO","Dallas, TX",59.7,11.3,4.91,5.93,Low,6.0,Clear,Winter,3,8,2.4,Refrigerated,1,1,762,60,1387.6,630.93086,2018.53086,0,0,1,0
SH_1479,"Seattle, WA","Dallas, TX",61.5,27.8,3.46,4.48,High,4.0,Rain,Winter,4,8,10.0,Flatbed,0,2,1932,70,4153.8,1492.125,5645.925,0,0,1,0
SH_1480,"Los Angeles, CA","Phoenix, AZ",50.8,26.9,4.56,4.06,Medium,8.9,Clear,Summer,2,8,2.3,Dry Van,0,1,410,60,753.99,460.4926108,1214.482611,0,1,0,0
SH_1481,"Houston, TX","Los Angeles, CA",54.9,12.2,3.34,7.05,Medium,9.9,Fog,Winter,4,8,3.0,Flatbed,0,1,1577,60,2892.22,747.1177305,3639.33773,0,0,0,1
SH_1482,"Houston, TX","Seattle, WA",47.6,8.4,4.1,6.42,Medium,8.2,Snow,Spring,7,8,6.8,Tanker,1,1,2173,60,3965.72,1387.741433,5353.461433,0,0,1,0
SH_1484,"Dallas, TX","Miami, FL",65.9,10.3,3.79,4.26,High,5.4,Storm,Fall,3,8,8.0,Dry Van,0,2,1277,70,2771.09,1136.110329,3907.200329,1,0,0,0
SH_1485,"Atlanta, GA","Los Angeles, CA",51.8,8.4,3.15,7.97,Low,7.9,Snow,Spring,7,8,7.7,Flatbed,1,1,2223,60,4088.1,878.6010038,4966.701004,0,0,0,1
SH_1486,"Los Angeles, CA","Dallas, TX",68.2,5.4,3.37,6.62,High,6.3,Fog,Fall,3,8,6.7,Flatbed,0,2,1423,70,3073.68,724.397281,3798.077281,1,0,0,0
SH_1487,"Phoenix, AZ","Dallas, TX",47.1,26.6,3.64,7.96,Medium,4.9,Storm,Fall,3,8,7.9,Dry Van,0,1,1017,60,1851.96,465.0603015,2317.020302,0,1,0,0
SH_1488,"Dallas, TX","Houston, TX",56.4,29.7,3.85,6.42,Medium,4.3,Fog,Winter,2,8,4.0,Tanker,1,1,259,60,470.34,155.3193146,625.6593146,1,0,0,0
SH_1489,"Phoenix, AZ","Dallas, TX",60.7,5.3,3.0,6.46,Low,5.1,Fog,Spring,3,8,6.5,Tanker,0,2,1017,70,2181.47,472.2910217,2653.761022,0,0,0,1
SH_1490,"Houston, TX","Dallas, TX",51.0,8.7,4.16,6.65,Medium,8.3,Clear,Summer,1,8,8.9,Dry Van,0,1,259,60,470.34,162.0210526,632.3610526,0,0,0,1
SH_1491,"Dallas, TX","Miami, FL",61.6,20.6,3.59,5.66,High,8.8,Fog,Fall,3,8,4.7,Flatbed,0,2,1277,70,2771.09,809.9699647,3581.059965,1,0,0,0
SH_1492,"Seattle, WA","Denver, CO",65.7,15.4,4.05,4.46,High,10.0,Snow,Fall,4,8,6.8,Tanker,1,2,1172,70,2525.66,1064.26009,3589.92009,1,0,0,0
SH_1493,"Los Angeles, CA","Denver, CO",70.8,19.7,4.56,4.99,High,8.1,Rain,Spring,3,8,3.9,Flatbed,1,3,954,80,2586.29,871.7915832,3458.081583,0,1,0,0
SH_1494,"Houston, TX","Chicago, IL",65.4,6.5,4.16,4.52,High,9.8,Snow,Summer,3,8,1.1,Tanker,0,2,1083,70,2350.11,996.7433628,3346.853363,0,0,1,0
SH_1495,"New York, NY","Houston, TX",60.8,13.6,3.07,6.17,Medium,6.3,Snow,Winter,5,8,8.0,Flatbed,1,2,1630,70,3553.4,811.0372771,4364.437277,0,1,0,0
SH_1496,"New York, NY","Miami, FL",66.5,25.6,3.43,5.05,Low,5.3,Fog,Fall,4,8,9.5,Flatbed,1,2,1256,70,2775.76,853.0851485,3628.845149,0,1,0,0
SH_1497,"Dallas, TX","Phoenix, AZ",70.9,21.0,3.78,5.7,Medium,4.5,Fog,Spring,2,8,7.0,Tanker,0,3,1017,80,2728.61,674.4315789,3403.041579,0,0,0,1
SH_1498,"New York, NY","Chicago, IL",59.3,18.9,3.55,5.9,High,6.8,Storm,Summer,3,8,8.2,Flatbed,1,1,818,60,1537.02,492.1864407,2029.206441,1,0,0,0
SH_1499,"Los Angeles, CA","Houston, TX",61.1,27.4,4.73,7.56,Medium,5.6,Fog,Spring,4,8,2.6,Refrigerated,0,2,1577,70,3406.32,986.6679894,4392.987989,0,0,1,0
SH_1500,"Los Angeles, CA","Dallas, TX",71.8,21.2,3.16,4.54,Low,4.9,Clear,Spring,4,8,7.4,Tanker,1,3,1423,80,3847.79,990.4581498,4838.24815,0,1,0,0
SH_1501,"Dallas, TX","Seattle, WA",72.9,10.0,3.62,4.96,Low,6.2,Clear,Summer,4,8,5.8,Dry Van,0,3,1932,80,5197.08,1410.048387,6607.128387,1,0,0,0
SH_1502,"Miami, FL","Seattle, WA",57.2,5.7,3.13,6.15,Low,8.3,Storm,Spring,7,8,2.8,Dry Van,0,1,3141,60,5817.13,1598.590244,7415.720244,0,1,0,0
SH_1503,"Chicago, IL","Seattle, WA",59.9,29.4,3.55,4.63,Low,4.3,Storm,Winter,5,8,0.9,Refrigerated,0,1,1993,60,3691.04,1528.110151,5219.150151,0,0,0,1
SH_1504,"Miami, FL","New York, NY",69.9,19.6,3.14,4.19,Medium,4.4,Clear,Fall,3,8,8.5,Dry Van,0,2,1256,70,2775.76,941.2505967,3717.010597,0,0,1,0
SH_1505,"Dallas, TX","Miami, FL",72.3,17.6,3.49,5.61,Medium,8.3,Snow,Fall,4,8,4.4,Dry Van,1,3,1277,80,3470.89,794.426025,4265.316025,0,1,0,0
SH_1506,"Houston, TX","Dallas, TX",72.6,7.7,4.72,4.64,Medium,6.9,Clear,Summer,1,8,0.9,Refrigerated,0,3,259,80,693.08,263.4655172,956.5455172,1,0,0,0
SH_1507,"Chicago, IL","Atlanta, GA",41.8,13.4,4.51,5.18,High,8.6,Storm,Summer,4,8,2.5,Refrigerated,1,1,677,60,1251.1,589.4343629,1840.534363,0,1,0,0
SH_1508,"New York, NY","Dallas, TX",66.2,14.9,3.42,6.09,High,9.5,Rain,Fall,3,8,6.8,Flatbed,0,2,1576,70,3435.68,885.044335,4320.724335,0,1,0,0
SH_1509,"Atlanta, GA","Seattle, WA",60.7,23.4,4.03,7.26,High,8.3,Storm,Fall,6,8,1.5,Flatbed,0,2,2505,70,5398.28,1390.516529,6788.796529,1,0,0,0
SH_1510,"New York, NY","Phoenix, AZ",72.8,8.4,3.98,5.04,High,8.5,Storm,Fall,6,8,8.8,Dry Van,1,3,2461,80,6740.68,1943.40873,8684.08873,1,0,0,0
SH_1511,"Atlanta, GA","Houston, TX",67.9,16.4,3.66,4.63,Medium,5.0,Rain,Summer,3,8,7.8,Refrigerated,1,2,806,70,1728.87,637.1403888,2366.010389,0,0,0,1
SH_1512,"Miami, FL","Chicago, IL",58.4,7.1,4.67,6.45,Low,5.0,Fog,Fall,3,8,5.1,Dry Van,0,1,1370,60,2561.9,991.9224806,3553.822481,0,0,0,1
SH_1514,"Denver, CO","Atlanta, GA",72.6,19.3,4.47,7.8,Low,4.5,Storm,Spring,3,8,5.8,Tanker,0,3,1392,80,3744.48,797.7230769,4542.203077,0,1,0,0
SH_1515,"New York, NY","Houston, TX",46.5,27.4,3.5,4.37,Medium,8.5,Snow,Winter,6,8,3.7,Flatbed,1,1,1630,60,3018.76,1305.491991,4324.251991,0,0,1,0
SH_1516,"Denver, CO","Seattle, WA",44.8,9.3,3.11,6.63,High,9.0,Fog,Spring,5,8,8.7,Refrigerated,1,1,1172,60,2144.76,549.7616893,2694.521689,0,1,0,0
SH_1517,"Dallas, TX","Los Angeles, CA",51.4,8.8,4.24,5.68,Medium,7.7,Snow,Fall,4,8,9.7,Flatbed,0,1,1423,60,2609.78,1062.239437,3672.019437,0,0,0,1
SH_1518,"Dallas, TX","Denver, CO",50.8,9.0,4.65,6.35,High,7.7,Rain,Winter,3,8,3.4,Refrigerated,1,1,762,60,1387.6,558.0,1945.6,1,0,0,0
SH_1519,"Denver, CO","Miami, FL",46.9,23.3,4.23,4.83,Medium,4.9,Storm,Spring,6,8,6.3,Dry Van,0,1,1984,60,3666.43,1737.540373,5403.970373,0,1,0,0
SH_1520,"Miami, FL","New York, NY",40.6,14.7,4.38,6.78,High,6.6,Storm,Winter,4,8,5.2,Flatbed,0,1,1256,60,2360.02,811.3982301,3171.41823,1,0,0,0
SH_1521,"Miami, FL","Phoenix, AZ",45.7,20.0,3.98,4.78,High,8.5,Fog,Fall,8,8,4.3,Dry Van,1,1,2276,60,4206.05,1895.079498,6101.129498,0,1,0,0
SH_1523,"New York, NY","Miami, FL",60.9,12.2,4.18,5.19,High,4.3,Fog,Fall,4,8,1.0,Dry Van,1,2,1256,70,2775.76,1011.576108,3787.336108,0,0,0,1
SH_1524,"Los Angeles, CA","Seattle, WA",73.7,15.7,4.03,4.59,High,7.3,Snow,Winter,3,8,6.1,Refrigerated,1,3,1104,80,3000.67,969.3071895,3969.97719,0,1,0,0
SH_1525,"Phoenix, AZ","Miami, FL",46.8,24.1,3.05,5.5,High,4.7,Storm,Fall,8,8,1.7,Dry Van,1,1,2276,60,4206.05,1262.145455,5468.195455,1,0,0,0
SH_1526,"Denver, CO","Miami, FL",54.6,12.5,4.31,7.68,Low,6.4,Clear,Spring,6,8,2.7,Tanker,1,1,1984,60,3666.43,1113.416667,4779.846667,0,0,1,0
SH_1527,"New York, NY","Miami, FL",60.0,16.4,3.3,5.8,Medium,5.7,Snow,Spring,4,8,8.8,Flatbed,1,1,1256,60,2360.02,714.6206897,3074.64069,0,1,0,0
SH_1528,"Houston, TX","Phoenix, AZ",58.1,10.6,3.82,7.51,Low,7.2,Rain,Summer,3,8,5.7,Dry Van,0,1,1166,60,2123.29,593.0918775,2716.381877,1,0,0,0
SH_1529,"Atlanta, GA","Houston, TX",44.1,21.3,4.7,7.73,Low,9.8,Rain,Spring,3,8,5.2,Flatbed,0,1,806,60,1467.73,490.0646831,1957.794683,0,1,0,0
SH_1530,"Seattle, WA","New York, NY",51.9,9.5,4.17,6.66,Low,8.3,Fog,Winter,7,8,3.7,Dry Van,0,1,2762,60,5140.08,1729.36036,6869.44036,0,0,1,0
SH_1531,"Houston, TX","Denver, CO",73.5,15.9,4.25,6.67,Medium,7.3,Storm,Spring,3,8,7.6,Tanker,1,3,1010,80,2709.83,643.5532234,3353.383223,0,0,1,0
SH_1532,"Chicago, IL","New York, NY",59.4,17.2,3.23,4.34,Medium,6.0,Fog,Summer,2,8,1.4,Flatbed,0,1,818,60,1537.02,608.7880184,2145.808018,0,0,0,1
SH_1533,"Houston, TX","Chicago, IL",59.7,15.3,4.43,5.95,Low,6.6,Rain,Winter,3,8,8.7,Dry Van,0,1,1083,60,1995.97,806.3344538,2802.304454,0,0,0,1
SH_1534,"Seattle, WA","Miami, FL",51.7,13.5,3.39,7.44,Medium,4.9,Storm,Winter,8,8,2.8,Dry Van,0,1,3141,60,5817.13,1431.181452,7248.311452,0,0,0,1
SH_1535,"Denver, CO","Chicago, IL",67.7,19.5,4.34,5.3,High,7.4,Snow,Spring,2,8,4.0,Flatbed,0,2,1056,70,2296.8,864.7245283,3161.524528,0,0,1,0
SH_1536,"Atlanta, GA","Los Angeles, CA",48.5,26.0,3.75,6.13,Medium,9.7,Rain,Spring,7,8,4.3,Dry Van,1,1,2223,60,4088.1,1359.910277,5448.010277,0,0,0,1
SH_1537,"Los Angeles, CA","Phoenix, AZ",55.0,14.0,3.88,6.08,High,7.8,Fog,Summer,1,8,4.5,Refrigerated,0,1,410,60,753.99,261.6447368,1015.634737,0,0,1,0
SH_1538,"Chicago, IL","Seattle, WA",58.7,13.5,4.32,6.87,High,7.3,Rain,Winter,5,8,1.7,Tanker,0,1,1993,60,3691.04,1253.240175,4944.280175,0,1,0,0
SH_1539,"Phoenix, AZ","Seattle, WA",49.9,21.8,3.04,7.02,Low,5.6,Rain,Winter,5,8,5.3,Tanker,1,1,1282,60,2346.06,555.1680912,2901.228091,0,0,1,0
SH_1540,"New York, NY","Denver, CO",71.0,7.1,3.89,7.4,High,7.7,Rain,Summer,4,8,1.2,Tanker,0,3,1872,80,5127.41,984.0648649,6111.474865,0,1,0,0
SH_1541,"Houston, TX","Atlanta, GA",65.4,19.2,4.07,5.81,High,9.9,Fog,Fall,3,8,6.5,Tanker,1,2,806,70,1728.87,564.616179,2293.486179,0,0,0,1
SH_1542,"Seattle, WA","Phoenix, AZ",60.6,19.2,4.94,7.53,Low,9.7,Rain,Winter,4,8,8.7,Dry Van,1,2,1282,70,2762.71,841.0464807,3603.756481,1,0,0,0
SH_1543,"Phoenix, AZ","Miami, FL",62.2,23.0,3.32,6.53,High,4.3,Fog,Winter,6,8,9.2,Refrigerated,1,2,2276,70,4950.3,1157.169985,6107.469985,0,0,0,1
SH_1544,"Miami, FL","Chicago, IL",42.3,16.1,4.7,4.31,High,6.1,Fog,Spring,6,8,1.2,Tanker,1,1,1370,60,2561.9,1493.967517,4055.867517,1,0,0,0
SH_1545,"New York, NY","Denver, CO",67.2,18.6,4.66,4.45,Low,9.5,Clear,Summer,4,8,1.6,Dry Van,0,2,1872,70,4090.32,1960.341573,6050.661573,0,1,0,0
SH_1546,"Denver, CO","Dallas, TX",74.6,17.1,4.14,6.46,Medium,8.7,Snow,Summer,3,8,1.9,Tanker,1,3,762,80,2044.45,488.3405573,2532.790557,0,1,0,0
SH_1547,"Phoenix, AZ","Denver, CO",70.7,25.5,4.24,7.98,Medium,8.4,Clear,Summer,2,8,7.4,Tanker,0,3,673,80,1810.37,357.5839599,2167.95396,0,0,1,0
SH_1548,"Miami, FL","Dallas, TX",73.6,21.0,4.69,6.16,Medium,6.5,Fog,Spring,3,8,8.1,Refrigerated,0,3,1277,80,3470.89,972.2613636,4443.151364,0,0,1,0
SH_1549,"Chicago, IL","Miami, FL",59.6,20.8,3.48,5.73,High,5.5,Storm,Winter,4,8,2.5,Flatbed,1,1,1370,60,2561.9,832.0418848,3393.941885,0,0,0,1
SH_1550,"Chicago, IL","Miami, FL",52.6,15.5,3.2,4.17,High,8.0,Clear,Winter,5,8,7.3,Refrigerated,1,1,1370,60,2561.9,1051.318945,3613.218945,0,0,1,0
SH_1551,"Seattle, WA","Atlanta, GA",59.2,18.6,4.95,5.47,High,5.2,Fog,Spring,6,8,8.3,Dry Van,0,1,2505,60,4584.15,2266.864717,6851.014717,1,0,0,0
SH_1552,"Miami, FL","New York, NY",63.1,8.8,4.85,6.26,Low,6.0,Storm,Spring,3,8,3.7,Flatbed,0,2,1256,70,2775.76,973.0990415,3748.859042,0,0,1,0
SH_1553,"Dallas, TX","Seattle, WA",53.5,11.2,4.15,5.67,High,5.0,Fog,Fall,5,8,9.7,Flatbed,0,1,1932,60,3525.9,1414.074074,4939.974074,0,0,1,0
SH_1554,"Houston, TX","New York, NY",61.0,20.2,4.12,7.66,Low,8.0,Rain,Winter,4,8,8.6,Dry Van,0,2,1630,70,3553.4,876.7101828,4430.110183,0,1,0,0
SH_1555,"Denver, CO","New York, NY",59.0,28.8,4.25,7.27,High,7.9,Snow,Winter,4,8,3.6,Flatbed,0,1,1872,60,3474.43,1094.360385,4568.790385,1,0,0,0
SH_1556,"Seattle, WA","Denver, CO",70.0,27.1,3.59,7.29,Low,6.1,Storm,Spring,4,8,7.6,Flatbed,1,2,1172,70,2525.66,577.1577503,3102.81775,0,0,0,1
SH_1557,"Atlanta, GA","Houston, TX",49.6,11.3,4.95,7.45,Medium,8.9,Storm,Winter,4,8,1.6,Dry Van,1,1,806,60,1467.73,535.5302013,2003.260201,0,0,1,0
SH_1558,"Phoenix, AZ","Atlanta, GA",51.5,16.5,3.41,5.21,Medium,5.2,Storm,Fall,6,8,5.7,Tanker,1,1,1827,60,3334.28,1195.790787,4530.070787,1,0,0,0
SH_1559,"Denver, CO","Chicago, IL",40.6,25.1,4.89,4.13,Medium,4.3,Storm,Summer,5,8,4.4,Tanker,1,1,1056,60,1951.49,1250.324455,3201.814455,0,0,1,0
SH_1560,"Seattle, WA","New York, NY",58.3,13.3,4.08,7.84,Medium,5.2,Clear,Fall,7,8,6.9,Tanker,1,1,2762,60,5140.08,1437.367347,6577.447347,0,0,1,0
SH_1561,"Seattle, WA","Chicago, IL",57.6,14.0,3.34,7.47,Low,6.4,Storm,Winter,5,8,6.7,Tanker,0,1,1993,60,3691.04,891.1137885,4582.153788,0,0,1,0
SH_1562,"Phoenix, AZ","Miami, FL",61.5,15.3,4.31,7.98,High,9.6,Clear,Summer,5,8,2.4,Dry Van,0,2,2276,70,4950.3,1229.26817,6179.56817,0,0,0,1
SH_1563,"Chicago, IL","New York, NY",56.5,13.5,4.91,6.79,Low,7.2,Rain,Fall,2,8,1.6,Refrigerated,0,1,818,60,1537.02,591.5139912,2128.533991,0,0,1,0
SH_1564,"Los Angeles, CA","Denver, CO",63.5,28.1,4.63,5.2,Medium,6.6,Storm,Spring,3,8,1.0,Flatbed,1,2,954,70,2065.41,849.4269231,2914.836923,0,0,1,0
SH_1565,"Houston, TX","Denver, CO",58.6,11.6,4.29,6.81,High,5.8,Snow,Spring,4,8,2.1,Flatbed,1,1,1010,60,1839.21,636.2555066,2475.465507,0,0,1,0
SH_1566,"New York, NY","Denver, CO",68.1,18.4,4.82,4.23,Medium,7.5,Rain,Fall,5,8,6.6,Tanker,1,2,1872,70,4090.32,2133.106383,6223.426383,0,1,0,0
SH_1567,"Atlanta, GA","Miami, FL",65.4,24.8,3.58,5.55,High,7.8,Fog,Winter,3,8,9.6,Flatbed,1,2,697,70,1515.97,449.5963964,1965.566396,0,0,0,1
SH_1568,"Chicago, IL","Denver, CO",52.3,19.3,4.74,7.72,Low,6.0,Rain,Winter,3,8,4.2,Refrigerated,0,1,1056,60,1951.49,648.373057,2599.863057,0,0,1,0
SH_1569,"Phoenix, AZ","Chicago, IL",74.5,15.8,3.61,5.46,Medium,6.4,Fog,Spring,3,8,8.5,Tanker,0,3,1670,80,4550.75,1104.157509,5654.907509,0,0,0,1
SH_1570,"Seattle, WA","Denver, CO",57.8,13.6,3.37,4.02,Low,7.1,Snow,Winter,4,8,8.2,Tanker,1,1,1172,60,2144.76,982.4975124,3127.257512,0,0,1,0
SH_1571,"Houston, TX","Seattle, WA",72.1,20.7,4.68,4.59,High,9.1,Snow,Spring,5,8,1.9,Refrigerated,1,3,2173,80,5845.37,2215.607843,8060.977843,0,0,1,0
SH_1573,"Atlanta, GA","Miami, FL",67.4,27.4,3.88,4.94,High,6.5,Rain,Spring,2,8,1.1,Tanker,0,2,697,70,1515.97,547.4412955,2063.411296,0,0,0,1
SH_1574,"Miami, FL","Denver, CO",41.6,15.8,4.65,4.1,Low,8.1,Fog,Winter,7,8,2.4,Flatbed,1,1,1984,60,3666.43,2250.146341,5916.576341,0,0,1,0
SH_1575,"Atlanta, GA","New York, NY",74.1,29.1,3.47,4.4,Low,4.9,Storm,Fall,2,8,7.3,Dry Van,0,3,858,80,2350.06,676.65,3026.71,0,0,0,1
SH_1576,"Dallas, TX","Phoenix, AZ",51.8,9.2,4.16,5.93,Low,8.4,Clear,Summer,4,8,3.4,Refrigerated,1,1,1017,60,1851.96,713.4435076,2565.403508,1,0,0,0
SH_1577,"Dallas, TX","Atlanta, GA",47.4,11.6,3.19,5.39,Medium,4.2,Fog,Summer,4,8,7.5,Dry Van,1,1,828,60,1507.79,490.0408163,1997.830816,0,0,0,1
SH_1578,"Houston, TX","Seattle, WA",63.4,22.9,4.16,7.83,High,4.1,Rain,Winter,5,8,9.7,Refrigerated,0,2,2173,70,4671.95,1154.492976,5826.442976,0,0,1,0
SH_1579,"Atlanta, GA","Houston, TX",54.7,26.3,4.86,6.4,Medium,4.9,Storm,Winter,3,8,3.5,Refrigerated,1,1,806,60,1467.73,612.05625,2079.78625,0,0,0,1
SH_1580,"Miami, FL","Houston, TX",55.7,24.8,4.6,6.88,High,4.1,Fog,Spring,3,8,2.3,Refrigerated,0,1,1112,60,2049.42,743.4883721,2792.908372,0,0,1,0
SH_1581,"Atlanta, GA","New York, NY",44.0,18.7,3.0,5.3,High,5.3,Rain,Spring,4,8,7.3,Refrigerated,1,1,858,60,1592.45,485.6603774,2078.110377,0,1,0,0
SH_1582,"Dallas, TX","Miami, FL",43.2,17.9,3.43,6.15,Low,9.0,Rain,Fall,5,8,7.0,Tanker,1,1,1277,60,2353.51,712.2130081,3065.723008,0,0,0,1
SH_1583,"Miami, FL","Houston, TX",56.2,5.5,3.28,6.72,Low,8.5,Rain,Fall,4,8,2.3,Tanker,1,1,1112,60,2049.42,542.7619048,2592.181905,0,1,0,0
SH_1584,"Phoenix, AZ","Miami, FL",55.2,8.2,3.87,6.93,High,8.1,Snow,Winter,6,8,5.7,Refrigerated,0,1,2276,60,4206.05,1271.012987,5477.062987,0,0,1,0
SH_1585,"Houston, TX","Los Angeles, CA",63.1,6.3,3.99,5.18,High,6.0,Fog,Fall,4,8,1.8,Dry Van,0,2,1577,70,3406.32,1214.716216,4621.036216,1,0,0,0
SH_1586,"Seattle, WA","Denver, CO",57.8,26.6,3.83,6.98,Medium,9.1,Rain,Winter,4,8,3.1,Dry Van,1,1,1172,60,2144.76,643.0888252,2787.848825,0,0,0,1
SH_1587,"Miami, FL","Denver, CO",53.5,6.4,4.62,7.94,High,8.9,Storm,Spring,6,8,2.0,Tanker,1,1,1984,60,3666.43,1154.418136,4820.848136,0,0,1,0
SH_1588,"Los Angeles, CA","Dallas, TX",57.6,27.5,3.52,7.47,Medium,7.9,Snow,Spring,5,8,0.4,Flatbed,1,1,1423,60,2609.78,670.5435074,3280.323507,0,0,1,0
SH_1589,"Miami, FL","Chicago, IL",70.5,12.4,3.51,5.53,Medium,6.1,Storm,Winter,3,8,3.2,Dry Van,0,3,1370,80,3781.2,869.5660036,4650.766004,0,0,0,1
SH_1590,"Houston, TX","Phoenix, AZ",45.7,26.1,4.62,5.91,Low,9.1,Snow,Summer,4,8,0.2,Flatbed,0,1,1166,60,2123.29,911.4923858,3034.782386,0,1,0,0
SH_1591,"Phoenix, AZ","New York, NY",56.0,19.2,4.8,7.88,Low,7.8,Fog,Winter,7,8,0.8,Flatbed,1,1,2461,60,4567.62,1499.086294,6066.706294,0,1,0,0
SH_1592,"Dallas, TX","Los Angeles, CA",65.7,15.8,3.89,5.23,High,7.6,Rain,Spring,4,8,0.6,Flatbed,1,2,1423,70,3073.68,1058.407266,4132.087266,0,0,0,1
SH_1593,"Chicago, IL","Dallas, TX",48.1,27.2,3.11,4.71,High,7.3,Clear,Summer,4,8,0.5,Flatbed,1,1,925,60,1704.77,610.7749469,2315.544947,1,0,0,0
SH_1594,"Atlanta, GA","Dallas, TX",74.6,21.5,3.73,5.88,High,5.6,Snow,Spring,2,8,6.5,Dry Van,0,3,828,80,2221.52,525.244898,2746.764898,0,0,0,1
SH_1595,"Denver, CO","New York, NY",46.4,26.0,3.24,4.86,High,4.2,Clear,Winter,6,8,9.2,Refrigerated,0,1,1872,60,3474.43,1248.0,4722.43,0,1,0,0
SH_1596,"Houston, TX","Chicago, IL",42.7,29.0,4.76,7.02,Medium,9.6,Clear,Summer,5,8,2.8,Refrigerated,1,1,1083,60,1995.97,734.3418803,2730.31188,0,1,0,0
SH_1597,"Los Angeles, CA","Dallas, TX",53.4,24.3,3.29,4.82,Medium,8.1,Storm,Summer,5,8,9.4,Flatbed,1,1,1423,60,2609.78,971.3008299,3581.08083,1,0,0,0
SH_1598,"Phoenix, AZ","Chicago, IL",58.2,14.8,4.92,5.34,Medium,8.7,Clear,Winter,4,8,3.8,Flatbed,0,1,1670,60,3086.16,1538.651685,4624.811685,0,0,1,0
SH_1599,"Chicago, IL","Los Angeles, CA",72.0,23.9,3.45,7.55,High,6.3,Clear,Spring,4,8,7.8,Flatbed,0,3,2004,80,5502.98,915.7350993,6418.715099,1,0,0,0
SH_1600,"Miami, FL","Phoenix, AZ",71.3,9.3,3.84,7.33,High,4.1,Rain,Summer,4,8,2.9,Refrigerated,0,3,2276,80,6202.1,1192.338336,7394.438336,0,0,1,0
SH_1601,"Houston, TX","Dallas, TX",41.0,6.6,4.47,5.29,High,6.1,Snow,Spring,1,8,4.5,Dry Van,0,1,259,60,470.34,218.852552,689.192552,0,0,1,0
SH_1602,"New York, NY","Miami, FL",50.5,18.2,3.93,8.0,Low,6.3,Rain,Summer,4,8,0.3,Refrigerated,0,1,1256,60,2360.02,617.01,2977.03,0,0,0,1
SH_1603,"Houston, TX","New York, NY",64.0,15.7,4.73,6.78,Medium,4.0,Snow,Winter,5,8,0.9,Tanker,1,2,1630,70,3553.4,1137.153392,4690.553392,0,0,1,0
SH_1604,"New York, NY","Miami, FL",74.7,18.3,4.37,4.95,High,6.6,Storm,Fall,3,8,1.7,Refrigerated,0,3,1256,80,3484.14,1108.832323,4592.972323,0,1,0,0
SH_1605,"New York, NY","Denver, CO",55.6,22.8,3.75,7.71,High,4.6,Storm,Spring,6,8,7.1,Tanker,1,1,1872,60,3474.43,910.5058366,4384.935837,0,1,0,0
SH_1606,"Houston, TX","Atlanta, GA",63.0,9.1,3.11,4.48,High,9.6,Storm,Summer,2,8,8.0,Flatbed,0,2,806,70,1728.87,559.5223214,2288.392321,0,0,0,1
SH_1607,"Houston, TX","Atlanta, GA",60.7,17.4,4.89,6.99,Medium,8.4,Clear,Winter,3,8,1.2,Refrigerated,1,2,806,70,1728.87,563.8540773,2292.724077,0,0,0,1
SH_1608,"Los Angeles, CA","Phoenix, AZ",73.8,29.3,3.08,7.78,Medium,10.0,Snow,Fall,2,8,8.6,Flatbed,1,3,410,80,1111.51,162.3136247,1273.823625,0,0,1,0
SH_1609,"Chicago, IL","Miami, FL",49.9,18.7,3.17,7.66,Low,6.4,Fog,Fall,5,8,1.9,Dry Van,1,1,1370,60,2561.9,566.9582245,3128.858225,0,0,0,1
SH_1610,"Chicago, IL","Los Angeles, CA",53.7,14.5,3.53,4.18,Medium,5.6,Rain,Fall,5,8,8.9,Refrigerated,0,1,2004,60,3729.44,1692.373206,5421.813206,1,0,0,0
SH_1611,"Phoenix, AZ","New York, NY",63.7,19.6,4.11,7.44,High,4.6,Fog,Fall,5,8,5.4,Tanker,0,2,2461,70,5377.29,1359.504032,6736.794032,1,0,0,0
SH_1612,"Houston, TX","Miami, FL",47.6,25.1,3.8,4.76,Medium,8.6,Fog,Fall,3,8,0.6,Dry Van,0,1,1112,60,2049.42,887.7310924,2937.151092,0,0,1,0
SH_1613,"Atlanta, GA","Seattle, WA",61.0,18.9,3.81,5.72,Medium,5.4,Fog,Summer,6,8,9.5,Tanker,0,2,2505,70,5398.28,1668.54021,7066.82021,0,0,0,1
SH_1614,"Los Angeles, CA","Seattle, WA",45.1,5.7,4.87,6.11,Medium,7.2,Storm,Spring,4,8,10.0,Refrigerated,0,1,1104,60,2034.67,879.9476268,2914.617627,0,0,1,0
SH_1615,"Miami, FL","Dallas, TX",62.3,27.1,3.85,7.1,Medium,9.8,Rain,Summer,4,8,4.1,Tanker,1,2,1277,70,2771.09,692.4577465,3463.547746,0,1,0,0
SH_1616,"Los Angeles, CA","Phoenix, AZ",45.6,5.7,4.82,7.29,High,9.8,Rain,Spring,3,8,4.6,Refrigerated,1,1,410,60,753.99,271.0836763,1025.073676,0,1,0,0
SH_1617,"Houston, TX","Chicago, IL",59.4,11.1,3.1,7.76,Low,5.1,Rain,Fall,3,8,4.7,Flatbed,0,1,1083,60,1995.97,432.6417526,2428.611753,1,0,0,0
SH_1618,"Los Angeles, CA","Seattle, WA",40.6,8.7,3.76,6.73,Low,5.4,Fog,Spring,4,8,5.6,Dry Van,0,1,1104,60,2034.67,616.7964339,2651.466434,0,0,1,0
SH_1619,"Phoenix, AZ","Seattle, WA",51.4,8.3,3.98,6.99,Medium,4.7,Rain,Fall,5,8,0.2,Tanker,1,1,1282,60,2346.06,729.9513591,3076.011359,0,0,0,1
SH_1620,"Atlanta, GA","Chicago, IL",56.9,12.5,4.69,6.41,Low,6.7,Snow,Spring,3,8,5.0,Tanker,1,1,677,60,1251.1,495.3400936,1746.440094,0,0,0,1
SH_1621,"Houston, TX","Denver, CO",71.2,30.0,3.36,4.48,Medium,4.9,Storm,Winter,3,8,8.5,Dry Van,1,3,1010,80,2709.83,757.5,3467.33,0,0,1,0
SH_1622,"New York, NY","Dallas, TX",55.7,20.3,4.38,6.05,High,6.9,Rain,Spring,5,8,1.9,Dry Van,1,1,1576,60,2918.75,1140.971901,4059.721901,0,0,1,0
SH_1623,"Miami, FL","Seattle, WA",51.8,17.5,4.35,7.87,High,4.9,Storm,Fall,8,8,2.8,Flatbed,0,1,3141,60,5817.13,1736.130877,7553.260877,0,0,0,1
SH_1624,"Los Angeles, CA","Phoenix, AZ",59.1,18.9,4.45,5.53,Low,5.9,Rain,Summer,1,8,1.8,Tanker,0,1,410,60,753.99,329.9276673,1083.917667,0,0,1,0
SH_1625,"Miami, FL","Denver, CO",47.4,18.0,4.08,5.02,Low,4.4,Fog,Spring,7,8,7.6,Dry Van,1,1,1984,60,3666.43,1612.494024,5278.924024,0,0,0,1
SH_1626,"Denver, CO","Phoenix, AZ",71.5,28.2,4.6,6.46,Medium,4.8,Fog,Spring,3,8,3.2,Refrigerated,1,3,673,80,1810.37,479.2260062,2289.596006,1,0,0,0
SH_1627,"Seattle, WA","Chicago, IL",69.7,26.1,4.02,7.16,Low,5.1,Snow,Winter,4,8,9.8,Tanker,0,2,1993,70,4344.74,1118.97486,5463.71486,1,0,0,0
SH_1628,"Los Angeles, CA","Miami, FL",67.8,17.3,3.08,7.05,High,5.0,Storm,Fall,5,8,5.0,Tanker,0,2,2686,70,5882.34,1173.458156,7055.798156,0,0,1,0
SH_1629,"Phoenix, AZ","Denver, CO",51.9,14.7,4.51,4.29,Low,9.2,Snow,Fall,2,8,7.6,Dry Van,0,1,673,60,1228.23,707.5128205,1935.742821,0,0,1,0
SH_1630,"New York, NY","Phoenix, AZ",71.2,29.5,3.99,7.75,Medium,4.0,Fog,Summer,5,8,1.2,Dry Van,0,3,2461,80,6740.68,1267.018065,8007.698065,0,0,1,0
SH_1631,"Los Angeles, CA","Denver, CO",47.4,18.9,4.57,5.26,Medium,4.5,Clear,Spring,4,8,8.6,Flatbed,1,1,954,60,1754.41,828.8555133,2583.265513,1,0,0,0
SH_1632,"New York, NY","Houston, TX",45.9,17.8,3.83,4.88,High,8.3,Storm,Fall,5,8,9.3,Tanker,0,1,1630,60,3018.76,1279.282787,4298.042787,0,0,1,0
SH_1633,"Phoenix, AZ","Houston, TX",48.8,10.2,3.27,5.7,Low,4.8,Fog,Fall,3,8,6.6,Dry Van,0,1,1166,60,2123.29,668.9157895,2792.205789,0,1,0,0
SH_1634,"New York, NY","Miami, FL",59.2,22.0,4.88,6.55,Medium,6.2,Snow,Summer,4,8,2.1,Flatbed,1,1,1256,60,2360.02,935.7679389,3295.787939,0,0,1,0
SH_1635,"Los Angeles, CA","Houston, TX",49.7,11.2,3.47,4.77,Medium,7.4,Clear,Fall,5,8,1.8,Dry Van,1,1,1577,60,2892.22,1147.209644,4039.429644,0,0,1,0
SH_1636,"Dallas, TX","Chicago, IL",40.5,17.0,3.11,7.91,High,8.7,Clear,Fall,3,8,0.9,Refrigerated,0,1,925,60,1704.77,363.6852086,2068.455209,0,0,0,1
SH_1637,"Chicago, IL","Seattle, WA",66.6,9.8,4.14,7.26,Low,8.6,Rain,Fall,5,8,2.6,Tanker,1,2,1993,70,4344.74,1136.504132,5481.244132,0,0,0,1
SH_1638,"Miami, FL","Phoenix, AZ",43.8,22.4,3.41,7.7,High,5.3,Rain,Fall,7,8,3.0,Flatbed,0,1,2276,60,4206.05,1007.942857,5213.992857,0,0,0,1
SH_1639,"Miami, FL","New York, NY",55.0,25.5,4.57,7.72,Low,8.5,Storm,Winter,3,8,8.4,Tanker,0,1,1256,60,2360.02,743.5129534,3103.532953,0,0,1,0
SH_1640,"Miami, FL","Houston, TX",74.8,8.1,4.23,4.8,Medium,5.6,Clear,Spring,2,8,9.8,Dry Van,0,3,1112,80,3022.42,979.95,4002.37,0,1,0,0
SH_1641,"Denver, CO","Chicago, IL",69.8,5.2,3.07,6.39,High,6.3,Snow,Summer,2,8,2.9,Refrigerated,0,2,1056,70,2296.8,507.342723,2804.142723,1,0,0,0
SH_1642,"Miami, FL","Phoenix, AZ",68.2,5.2,3.63,4.7,Medium,7.5,Snow,Spring,5,8,2.6,Dry Van,0,2,2276,70,4950.3,1757.846809,6708.146809,0,0,1,0
SH_1643,"New York, NY","Denver, CO",62.8,8.0,3.35,4.99,High,9.8,Snow,Summer,5,8,0.6,Flatbed,1,2,1872,70,4090.32,1256.753507,5347.073507,1,0,0,0
SH_1644,"Atlanta, GA","Dallas, TX",45.0,9.7,4.78,4.03,High,8.9,Rain,Summer,4,8,5.6,Dry Van,1,1,828,60,1507.79,982.0942928,2489.884293,0,0,0,1
SH_1645,"New York, NY","Miami, FL",55.1,7.9,3.21,7.02,Low,5.3,Rain,Winter,3,8,9.8,Dry Van,0,1,1256,60,2360.02,574.3247863,2934.344786,1,0,0,0
SH_1646,"Chicago, IL","Houston, TX",53.2,5.6,4.45,7.32,High,4.8,Storm,Fall,4,8,9.2,Tanker,1,1,1083,60,1995.97,658.3811475,2654.351148,0,1,0,0
SH_1647,"Seattle, WA","Denver, CO",47.0,15.3,4.2,4.64,High,5.3,Clear,Summer,5,8,5.1,Dry Van,1,1,1172,60,2144.76,1060.862069,3205.622069,0,0,0,1
SH_1648,"Miami, FL","Phoenix, AZ",68.5,23.8,4.83,7.33,Medium,5.5,Fog,Spring,6,8,5.0,Refrigerated,1,2,2276,70,4950.3,1499.738063,6450.038063,0,1,0,0
SH_1649,"Houston, TX","Denver, CO",71.6,6.1,3.64,6.28,High,7.1,Storm,Winter,3,8,5.3,Tanker,1,3,1010,80,2709.83,585.4140127,3295.244013,0,0,1,0
SH_1650,"Chicago, IL","Atlanta, GA",47.0,27.7,3.53,5.12,High,6.5,Snow,Summer,3,8,5.1,Dry Van,1,1,677,60,1251.1,466.7597656,1717.859766,0,1,0,0
SH_1651,"Phoenix, AZ","New York, NY",67.5,22.8,3.3,5.82,Low,4.2,Storm,Spring,6,8,4.4,Dry Van,1,2,2461,70,5377.29,1395.412371,6772.702371,0,0,0,1
SH_1652,"Denver, CO","Dallas, TX",63.9,23.1,4.79,7.04,High,4.3,Fog,Spring,2,8,1.6,Tanker,0,2,762,70,1634.49,518.4630682,2152.953068,0,1,0,0
SH_1653,"Denver, CO","Chicago, IL",58.2,23.0,4.4,5.8,Medium,7.1,Rain,Spring,4,8,6.9,Flatbed,1,1,1056,60,1951.49,801.1034483,2752.593448,0,1,0,0
SH_1654,"Los Angeles, CA","New York, NY",64.8,19.6,3.4,4.2,Medium,4.7,Storm,Fall,6,8,7.6,Dry Van,0,2,2812,70,6186.4,2276.380952,8462.780952,1,0,0,0
SH_1655,"Denver, CO","Houston, TX",53.3,28.4,3.43,4.41,Medium,6.1,Clear,Summer,3,8,5.6,Tanker,0,1,1010,60,1839.21,785.5555556,2624.765556,0,0,1,0
SH_1656,"Denver, CO","Phoenix, AZ",41.4,5.9,4.66,6.37,Medium,6.1,Fog,Spring,4,8,7.0,Refrigerated,1,1,673,60,1228.23,492.3359498,1720.56595,1,0,0,0
SH_1657,"Houston, TX","Dallas, TX",70.6,13.4,4.24,5.14,Medium,9.5,Fog,Spring,2,8,9.5,Flatbed,1,3,259,80,693.08,213.6498054,906.7298054,0,0,1,0
SH_1658,"New York, NY","Denver, CO",62.8,23.6,3.05,7.84,Medium,6.1,Rain,Winter,4,8,8.5,Refrigerated,0,2,1872,70,4090.32,728.2653061,4818.585306,0,0,1,0
SH_1660,"New York, NY","Atlanta, GA",57.7,14.0,4.57,7.9,High,7.5,Fog,Winter,2,8,9.6,Dry Van,0,1,858,60,1592.45,496.3367089,2088.786709,0,0,0,1
SH_1661,"New York, NY","Denver, CO",66.7,18.0,3.41,6.18,High,8.6,Rain,Spring,5,8,7.9,Tanker,1,2,1872,70,4090.32,1032.932039,5123.252039,0,0,0,1
SH_1662,"Atlanta, GA","Los Angeles, CA",61.0,13.3,3.02,4.8,High,4.7,Rain,Summer,6,8,2.6,Refrigerated,1,2,2223,70,4812.8,1398.6375,6211.4375,0,0,0,1
SH_1663,"Chicago, IL","Dallas, TX",73.6,14.5,3.02,5.14,High,4.7,Fog,Fall,3,8,5.9,Refrigerated,1,3,925,80,2514.15,543.4824903,3057.63249,1,0,0,0
SH_1664,"Atlanta, GA","Los Angeles, CA",52.6,26.6,3.85,7.66,High,7.0,Clear,Summer,6,8,9.1,Refrigerated,0,1,2223,60,4088.1,1117.304178,5205.404178,1,0,0,0
SH_1665,"Phoenix, AZ","Chicago, IL",49.4,20.0,3.4,4.3,High,4.1,Clear,Fall,6,8,7.2,Tanker,1,1,1670,60,3086.16,1320.465116,4406.625116,0,0,1,0
SH_1666,"Chicago, IL","Denver, CO",74.3,28.3,4.47,6.78,High,6.0,Storm,Winter,3,8,9.4,Flatbed,1,3,1056,80,2877.6,696.2123894,3573.812389,0,0,1,0
SH_1667,"Phoenix, AZ","Dallas, TX",73.8,8.7,4.64,5.1,Medium,6.1,Clear,Summer,3,8,5.9,Tanker,1,3,1017,80,2728.61,925.2705882,3653.880588,1,0,0,0
SH_1668,"Denver, CO","Chicago, IL",63.0,5.4,3.13,4.4,Low,6.5,Snow,Winter,4,8,8.9,Refrigerated,1,2,1056,70,2296.8,751.2,3048.0,0,0,1,0
SH_1669,"Denver, CO","Miami, FL",60.1,24.2,3.58,5.64,Low,7.1,Fog,Spring,5,8,0.3,Dry Van,0,2,1984,70,4315.2,1259.347518,5574.547518,1,0,0,0
SH_1670,"Miami, FL","Chicago, IL",61.9,6.8,3.38,5.35,High,4.5,Fog,Spring,4,8,9.1,Dry Van,1,2,1370,70,3014.0,865.5327103,3879.53271,1,0,0,0
SH_1671,"Houston, TX","Phoenix, AZ",62.9,14.6,4.35,6.35,Medium,5.3,Snow,Summer,3,8,4.9,Flatbed,0,2,1166,70,2501.07,798.7559055,3299.825906,0,0,0,1
SH_1672,"Los Angeles, CA","Seattle, WA",54.2,29.6,4.54,7.86,Low,7.1,Rain,Summer,4,8,7.6,Dry Van,1,1,1104,60,2034.67,637.6793893,2672.349389,1,0,0,0
SH_1673,"Houston, TX","Los Angeles, CA",73.7,13.1,4.6,4.84,High,7.3,Snow,Fall,4,8,9.3,Tanker,1,3,1577,80,4264.21,1498.801653,5763.011653,0,1,0,0
SH_1674,"Los Angeles, CA","New York, NY",62.1,19.8,3.24,5.3,High,7.4,Snow,Fall,6,8,8.0,Dry Van,0,2,2812,70,6186.4,1719.033962,7905.433962,0,0,0,1
SH_1675,"Dallas, TX","Atlanta, GA",47.5,9.7,3.91,6.99,Medium,5.7,Rain,Winter,4,8,5.4,Dry Van,1,1,828,60,1507.79,463.1587983,1970.948798,0,0,0,1
SH_1676,"Seattle, WA","New York, NY",53.7,15.5,4.94,6.78,Medium,8.3,Storm,Spring,7,8,4.3,Dry Van,0,1,2762,60,5140.08,2012.430678,7152.510678,0,1,0,0
SH_1677,"New York, NY","Seattle, WA",52.9,25.7,3.31,5.38,High,8.3,Snow,Fall,7,8,2.9,Tanker,0,1,2762,60,5140.08,1699.297398,6839.377398,0,0,0,1
SH_1678,"Seattle, WA","Phoenix, AZ",46.5,12.6,3.97,5.69,Medium,4.6,Fog,Winter,5,8,0.4,Flatbed,1,1,1282,60,2346.06,894.4710018,3240.531002,1,0,0,0
SH_1679,"Atlanta, GA","Houston, TX",42.5,16.7,3.35,4.56,Low,4.8,Rain,Summer,3,8,5.2,Flatbed,0,1,806,60,1467.73,592.127193,2059.857193,0,1,0,0
SH_1680,"Miami, FL","Phoenix, AZ",74.3,11.4,3.92,4.87,High,7.0,Clear,Spring,5,8,5.2,Refrigerated,1,3,2276,80,6202.1,1832.016427,8034.116427,0,0,0,1
SH_1681,"Dallas, TX","Denver, CO",48.7,24.0,3.24,5.48,Low,4.9,Snow,Winter,2,8,1.5,Dry Van,0,1,762,60,1387.6,450.5255474,1838.125547,0,0,0,1
SH_1682,"Dallas, TX","Phoenix, AZ",65.6,19.0,3.45,6.04,High,7.1,Rain,Spring,2,8,2.9,Dry Van,0,2,1017,70,2181.47,580.9023179,2762.372318,0,1,0,0
SH_1683,"Atlanta, GA","New York, NY",45.5,21.0,4.75,5.64,High,5.0,Fog,Spring,4,8,8.3,Flatbed,1,1,858,60,1592.45,722.606383,2315.056383,1,0,0,0
SH_1684,"Seattle, WA","Houston, TX",61.2,26.5,3.03,4.43,High,4.6,Rain,Winter,6,8,0.7,Refrigerated,1,2,2173,70,4671.95,1486.273138,6158.223138,0,0,0,1
SH_1685,"Dallas, TX","Atlanta, GA",56.5,12.8,4.74,4.68,Low,6.1,Storm,Fall,2,8,0.3,Tanker,0,1,828,60,1507.79,838.6153846,2346.405385,0,0,0,1
SH_1686,"Seattle, WA","Dallas, TX",68.6,28.3,4.75,5.28,High,7.5,Clear,Spring,4,8,2.6,Tanker,0,2,1932,70,4153.8,1738.068182,5891.868182,0,1,0,0
SH_1687,"Phoenix, AZ","Chicago, IL",51.0,26.9,3.69,6.25,Low,6.6,Clear,Spring,6,8,9.7,Tanker,1,1,1670,60,3086.16,985.968,4072.128,0,0,1,0
SH_1688,"New York, NY","Dallas, TX",62.0,15.5,3.12,5.96,Medium,8.9,Clear,Fall,5,8,0.7,Refrigerated,1,2,1576,70,3435.68,825.0201342,4260.700134,0,0,0,1
SH_1689,"Dallas, TX","Houston, TX",66.8,23.1,4.13,5.87,High,9.3,Snow,Fall,2,8,2.4,Refrigerated,1,2,259,70,554.26,182.2265758,736.4865758,0,0,1,0
SH_1690,"Seattle, WA","Phoenix, AZ",49.0,11.7,3.81,6.81,Medium,4.2,Snow,Summer,5,8,0.5,Refrigerated,1,1,1282,60,2346.06,717.2422907,3063.302291,0,1,0,0
SH_1691,"Houston, TX","Seattle, WA",71.3,18.1,3.27,6.26,Medium,7.8,Fog,Winter,5,8,4.1,Refrigerated,1,3,2173,80,5845.37,1135.097444,6980.467444,0,0,1,0
SH_1692,"Dallas, TX","Miami, FL",74.3,21.1,4.75,6.39,Medium,8.1,Fog,Spring,3,8,7.0,Refrigerated,0,3,1277,80,3470.89,949.256651,4420.146651,1,0,0,0
SH_1693,"Denver, CO","Houston, TX",60.1,19.9,3.63,5.4,Medium,8.6,Snow,Spring,3,8,8.4,Refrigerated,0,2,1010,70,2166.45,678.9444444,2845.394444,1,0,0,0
SH_1694,"Atlanta, GA","New York, NY",56.3,10.2,4.9,7.53,High,5.5,Snow,Summer,2,8,4.4,Tanker,0,1,858,60,1592.45,558.3266932,2150.776693,0,0,0,1
SH_1695,"Houston, TX","Atlanta, GA",46.1,17.8,3.85,7.56,High,6.6,Rain,Summer,3,8,8.2,Refrigerated,0,1,806,60,1467.73,410.462963,1878.192963,0,0,1,0
SH_1696,"Denver, CO","Los Angeles, CA",50.4,28.7,3.3,4.33,High,6.6,Rain,Summer,4,8,4.7,Tanker,1,1,954,60,1754.41,727.0669746,2481.476975,1,0,0,0
SH_1697,"Houston, TX","Atlanta, GA",65.5,10.2,4.9,4.24,Medium,9.4,Snow,Summer,3,8,4.2,Refrigerated,1,2,806,70,1728.87,931.4622642,2660.332264,0,0,1,0
SH_1698,"Miami, FL","New York, NY",52.5,9.8,3.41,4.75,Medium,6.9,Fog,Summer,4,8,5.7,Tanker,1,1,1256,60,2360.02,901.6757895,3261.695789,0,0,1,0
SH_1699,"Denver, CO","Dallas, TX",62.3,22.2,4.34,5.8,Low,8.1,Fog,Summer,3,8,7.8,Refrigerated,1,2,762,70,1634.49,570.1862069,2204.676207,0,0,1,0
SH_1700,"Houston, TX","Dallas, TX",66.9,5.3,3.43,4.26,Low,8.7,Rain,Summer,2,8,8.1,Dry Van,1,2,259,70,554.26,208.5375587,762.7975587,0,0,1,0
SH_1701,"Dallas, TX","Miami, FL",57.5,22.6,3.31,6.6,Medium,4.5,Snow,Spring,4,8,5.0,Refrigerated,1,1,1277,60,2353.51,640.4348485,2993.944848,1,0,0,0
SH_1702,"Houston, TX","Chicago, IL",68.2,20.9,4.77,6.71,Low,8.9,Rain,Summer,3,8,5.3,Tanker,1,2,1083,70,2350.11,769.8822653,3119.992265,1,0,0,0
SH_1703,"Dallas, TX","Denver, CO",40.7,22.3,4.87,6.86,High,4.2,Fog,Spring,4,8,9.6,Dry Van,1,1,762,60,1387.6,540.9533528,1928.553353,0,0,1,0
SH_1704,"Dallas, TX","Chicago, IL",69.4,26.6,3.25,7.38,High,5.9,Snow,Summer,3,8,5.4,Dry Van,1,2,925,70,2007.25,407.3509485,2414.600949,0,0,0,1
SH_1705,"Houston, TX","Chicago, IL",65.9,16.0,4.78,7.24,Low,8.7,Clear,Summer,3,8,0.4,Tanker,0,2,1083,70,2350.11,715.019337,3065.129337,0,0,1,0
SH_1706,"Los Angeles, CA","Houston, TX",71.4,9.8,4.97,7.23,Low,8.3,Storm,Winter,3,8,5.9,Tanker,0,3,1577,80,4264.21,1084.051176,5348.261176,0,0,1,0
SH_1707,"Miami, FL","Seattle, WA",54.8,26.1,4.39,7.09,Medium,8.8,Storm,Summer,8,8,8.0,Flatbed,0,1,3141,60,5817.13,1944.850494,7761.980494,0,0,1,0
SH_1708,"Chicago, IL","Miami, FL",60.4,16.1,3.04,4.16,Medium,9.0,Rain,Spring,4,8,5.2,Dry Van,1,2,1370,70,3014.0,1001.153846,4015.153846,0,0,1,0
SH_1709,"Atlanta, GA","Phoenix, AZ",46.1,11.4,4.51,7.1,Medium,6.4,Rain,Summer,5,8,0.1,Dry Van,0,1,1827,60,3334.28,1160.530986,4494.810986,0,1,0,0
SH_1710,"Los Angeles, CA","Chicago, IL",68.7,13.4,3.19,7.14,Medium,6.7,Fog,Fall,4,8,1.9,Tanker,0,2,2004,70,4388.76,895.3445378,5284.104538,1,0,0,0
SH_1711,"Seattle, WA","Dallas, TX",59.3,10.2,3.68,6.39,Medium,9.5,Clear,Fall,6,8,2.9,Flatbed,1,1,1932,60,3525.9,1112.638498,4638.538498,0,1,0,0
SH_1712,"Seattle, WA","Phoenix, AZ",67.1,25.2,4.14,4.04,High,8.6,Snow,Winter,3,8,9.3,Flatbed,0,2,1282,70,2762.71,1313.732673,4076.442673,0,0,1,0
SH_1713,"Seattle, WA","Chicago, IL",67.1,6.3,3.08,5.72,Low,4.4,Storm,Winter,4,8,5.3,Tanker,0,2,1993,70,4344.74,1073.153846,5417.893846,0,1,0,0
SH_1714,"Chicago, IL","Denver, CO",41.4,20.3,4.61,5.75,Medium,7.3,Fog,Spring,4,8,6.1,Dry Van,0,1,1056,60,1951.49,846.6365217,2798.126522,0,0,1,0
SH_1716,"Dallas, TX","Denver, CO",57.3,20.8,3.37,4.04,Low,6.1,Rain,Summer,2,8,1.8,Tanker,0,1,762,60,1387.6,635.6287129,2023.228713,1,0,0,0
SH_1717,"Houston, TX","Atlanta, GA",51.8,16.4,3.69,6.51,High,4.3,Snow,Fall,3,8,3.6,Refrigerated,1,1,806,60,1467.73,456.8571429,1924.587143,1,0,0,0
SH_1718,"New York, NY","Los Angeles, CA",68.1,27.2,3.5,7.35,Low,6.8,Rain,Summer,6,8,9.9,Refrigerated,0,2,2812,70,6186.4,1339.047619,7525.447619,0,0,1,0
SH_1719,"Dallas, TX","Seattle, WA",74.8,9.2,3.29,6.01,Low,7.8,Rain,Summer,5,8,3.7,Flatbed,1,3,1932,80,5197.08,1057.617304,6254.697304,1,0,0,0
SH_1720,"Miami, FL","Atlanta, GA",46.8,7.9,4.48,7.08,Low,9.8,Rain,Summer,3,8,2.4,Refrigerated,1,1,697,60,1288.06,441.039548,1729.099548,1,0,0,0
SH_1721,"Houston, TX","Atlanta, GA",74.5,13.5,3.62,7.62,Medium,7.5,Clear,Spring,2,8,8.9,Tanker,0,3,806,80,2162.5,382.9028871,2545.402887,1,0,0,0
SH_1722,"Denver, CO","Dallas, TX",43.0,26.6,3.78,6.1,High,9.5,Rain,Fall,4,8,4.2,Flatbed,1,1,762,60,1387.6,472.1901639,1859.790164,1,0,0,0
SH_1723,"Phoenix, AZ","Denver, CO",59.6,14.5,3.1,6.69,Low,9.9,Fog,Winter,2,8,7.2,Flatbed,0,1,673,60,1228.23,311.8535127,1540.083513,0,0,1,0
SH_1725,"Miami, FL","Denver, CO",55.6,13.7,3.9,6.99,Low,9.4,Clear,Summer,6,8,2.8,Tanker,1,1,1984,60,3666.43,1106.95279,4773.38279,0,0,0,1
SH_1726,"Seattle, WA","Chicago, IL",71.7,29.0,3.05,7.96,Low,5.9,Clear,Fall,5,8,1.8,Tanker,1,3,1993,80,5444.88,763.6494975,6208.529497,0,0,0,1
SH_1727,"Chicago, IL","Miami, FL",53.2,26.5,3.44,4.62,Medium,9.5,Clear,Fall,4,8,7.9,Dry Van,0,1,1370,60,2561.9,1020.08658,3581.98658,0,0,1,0
SH_1728,"Chicago, IL","Denver, CO",70.7,10.2,3.99,5.39,Low,6.4,Snow,Summer,2,8,4.5,Flatbed,0,3,1056,80,2877.6,781.7142857,3659.314286,1,0,0,0
SH_1729,"Atlanta, GA","Los Angeles, CA",74.4,6.5,3.98,7.1,Low,4.9,Rain,Spring,5,8,2.4,Refrigerated,1,3,2223,80,6026.55,1246.132394,7272.682394,0,0,0,1
SH_1730,"Dallas, TX","New York, NY",51.4,13.2,4.2,4.73,Low,5.7,Snow,Summer,4,8,3.5,Tanker,0,1,1576,60,2918.75,1399.408034,4318.158034,0,0,0,1
SH_1731,"Denver, CO","Los Angeles, CA",61.0,19.2,4.31,5.23,High,4.8,Rain,Spring,2,8,9.8,Dry Van,0,2,954,70,2065.41,786.1835564,2851.593556,0,0,0,1
SH_1732,"Los Angeles, CA","Dallas, TX",55.5,18.8,3.23,5.61,Low,6.8,Snow,Fall,5,8,7.6,Dry Van,1,1,1423,60,2609.78,819.3030303,3429.08303,0,0,0,1
SH_1733,"New York, NY","Miami, FL",52.2,9.7,3.7,6.72,Low,5.6,Snow,Winter,4,8,3.9,Tanker,0,1,1256,60,2360.02,691.547619,3051.567619,0,1,0,0
SH_1734,"Los Angeles, CA","Denver, CO",70.9,22.5,3.68,5.73,High,4.9,Fog,Spring,2,8,1.3,Refrigerated,0,3,954,80,2586.29,612.6910995,3198.981099,1,0,0,0
SH_1735,"Dallas, TX","Miami, FL",47.1,7.8,4.28,7.96,Low,9.3,Fog,Winter,5,8,4.2,Flatbed,1,1,1277,60,2353.51,686.6281407,3040.138141,1,0,0,0
SH_1736,"Phoenix, AZ","Denver, CO",44.7,26.2,4.19,7.73,Medium,9.3,Rain,Winter,3,8,8.4,Dry Van,1,1,673,60,1228.23,364.7956016,1593.025602,0,0,1,0
SH_1737,"Phoenix, AZ","Houston, TX",74.6,14.9,4.98,4.62,Medium,5.5,Storm,Summer,3,8,2.9,Flatbed,1,3,1166,80,3128.38,1256.857143,4385.237143,0,0,0,1
SH_1738,"Phoenix, AZ","Atlanta, GA",57.9,9.5,4.93,6.32,Low,7.1,Storm,Spring,4,8,7.0,Refrigerated,0,1,1827,60,3334.28,1425.175633,4759.455633,0,0,0,1
SH_1739,"Chicago, IL","New York, NY",71.0,11.3,3.76,7.11,Medium,7.0,Snow,Winter,2,8,6.8,Refrigerated,0,3,818,80,2269.13,432.5850914,2701.715091,0,1,0,0
SH_1740,"Houston, TX","Los Angeles, CA",55.5,13.1,3.11,7.33,High,4.3,Snow,Summer,5,8,3.1,Tanker,1,1,1577,60,2892.22,669.095498,3561.315498,0,1,0,0
SH_1741,"Los Angeles, CA","Miami, FL",63.3,19.4,3.63,6.05,Medium,5.5,Rain,Winter,6,8,3.1,Tanker,0,2,2686,70,5882.34,1611.6,7493.94,0,0,0,1
SH_1742,"Atlanta, GA","Los Angeles, CA",66.3,5.4,3.54,5.5,Low,9.3,Clear,Spring,6,8,7.2,Refrigerated,1,2,2223,70,4812.8,1430.803636,6243.603636,1,0,0,0
SH_1743,"Miami, FL","Dallas, TX",62.4,15.4,3.6,7.8,Medium,4.7,Fog,Summer,4,8,4.8,Refrigerated,1,2,1277,70,2771.09,589.3846154,3360.474615,1,0,0,0
SH_1744,"Phoenix, AZ","Atlanta, GA",63.7,22.1,3.43,7.94,High,9.1,Snow,Fall,5,8,3.3,Flatbed,1,2,1827,70,3928.05,789.2455919,4717.295592,1,0,0,0
SH_1746,"Chicago, IL","Miami, FL",61.9,7.0,4.76,4.21,Medium,7.3,Clear,Summer,3,8,1.2,Tanker,0,2,1370,70,3014.0,1548.978622,4562.978622,0,0,1,0
SH_1747,"Seattle, WA","Los Angeles, CA",41.5,22.1,3.61,6.24,Low,9.6,Fog,Winter,5,8,0.5,Flatbed,1,1,1104,60,2034.67,638.6923077,2673.362308,0,1,0,0
SH_1748,"Los Angeles, CA","Miami, FL",67.5,28.9,3.32,5.57,Medium,9.1,Fog,Winter,6,8,2.7,Refrigerated,1,2,2686,70,5882.34,1600.991023,7483.331023,0,1,0,0
SH_1750,"Seattle, WA","Los Angeles, CA",53.6,11.4,3.8,7.23,High,9.8,Storm,Winter,3,8,6.2,Dry Van,0,1,1104,60,2034.67,580.2489627,2614.918963,0,0,1,0
SH_1751,"Seattle, WA","Los Angeles, CA",55.3,6.7,4.91,7.17,Low,6.4,Clear,Spring,3,8,6.1,Refrigerated,0,1,1104,60,2034.67,756.0167364,2790.686736,1,0,0,0
SH_1752,"Seattle, WA","Denver, CO",64.5,8.8,3.22,6.14,Medium,7.3,Clear,Fall,4,8,9.6,Dry Van,1,2,1172,70,2525.66,614.6319218,3140.291922,0,1,0,0
SH_1753,"Seattle, WA","Denver, CO",45.3,12.8,4.6,6.09,Medium,5.1,Snow,Spring,4,8,4.3,Dry Van,0,1,1172,60,2144.76,885.2545156,3030.014516,0,1,0,0
SH_1754,"Chicago, IL","Houston, TX",63.0,28.1,3.5,7.42,High,9.5,Snow,Spring,3,8,1.1,Flatbed,0,2,1083,70,2350.11,510.8490566,2860.959057,1,0,0,0
SH_1755,"Denver, CO","Los Angeles, CA",48.5,10.0,4.05,6.15,Medium,6.6,Rain,Spring,3,8,5.2,Tanker,0,1,954,60,1754.41,628.2439024,2382.653902,0,0,1,0
SH_1756,"Denver, CO","New York, NY",65.3,5.6,4.14,7.54,Low,4.1,Rain,Summer,4,8,9.3,Flatbed,0,2,1872,70,4090.32,1027.862069,5118.182069,0,0,0,1
SH_1757,"Houston, TX","Los Angeles, CA",56.1,29.5,3.4,4.26,Low,9.2,Storm,Spring,5,8,4.1,Refrigerated,1,1,1577,60,2892.22,1258.638498,4150.858498,0,1,0,0
SH_1758,"Los Angeles, CA","Houston, TX",74.2,25.7,4.32,6.94,Low,9.6,Clear,Summer,4,8,9.6,Flatbed,1,3,1577,80,4264.21,981.648415,5245.858415,0,1,0,0
SH_1759,"Atlanta, GA","Phoenix, AZ",60.3,16.1,4.55,6.96,Low,7.2,Storm,Fall,4,8,4.6,Refrigerated,0,2,1827,70,3928.05,1194.375,5122.425,1,0,0,0
SH_1760,"Miami, FL","Houston, TX",62.0,21.8,3.42,7.35,Medium,5.7,Snow,Winter,4,8,4.1,Tanker,1,2,1112,70,2413.04,517.4204082,2930.460408,0,0,1,0
SH_1761,"New York, NY","Los Angeles, CA",73.8,25.2,4.88,4.56,High,4.4,Fog,Summer,5,8,6.2,Refrigerated,0,3,2812,80,7761.12,3009.333333,10770.45333,0,0,1,0
SH_1762,"Chicago, IL","Miami, FL",52.0,21.9,3.2,4.51,High,4.4,Fog,Fall,4,8,4.4,Tanker,0,1,1370,60,2561.9,972.0620843,3533.962084,0,1,0,0
SH_1763,"Chicago, IL","Houston, TX",52.7,5.4,4.04,5.34,High,4.0,Snow,Summer,4,8,8.2,Dry Van,1,1,1083,60,1995.97,819.3483146,2815.318315,0,1,0,0
SH_1764,"Houston, TX","Miami, FL",56.9,17.1,4.78,5.19,Low,9.6,Clear,Fall,4,8,6.7,Refrigerated,1,1,1112,60,2049.42,1024.154143,3073.574143,0,0,0,1
SH_1765,"Atlanta, GA","Denver, CO",54.4,22.7,4.03,7.72,Medium,8.4,Clear,Fall,5,8,8.9,Tanker,1,1,1392,60,2540.4,726.6528497,3267.05285,0,0,1,0
SH_1766,"Dallas, TX","Chicago, IL",62.7,11.2,3.79,6.73,High,9.4,Clear,Winter,2,8,5.9,Flatbed,0,2,925,70,2007.25,520.9138187,2528.163819,0,1,0,0
SH_1767,"Miami, FL","Denver, CO",69.2,23.2,4.5,4.78,High,6.8,Clear,Summer,5,8,5.0,Tanker,1,2,1984,70,4315.2,1867.782427,6182.982427,0,1,0,0
SH_1768,"New York, NY","Seattle, WA",60.6,26.1,3.57,6.3,Medium,4.7,Fog,Winter,6,8,0.4,Refrigerated,0,2,2762,70,6048.78,1565.133333,7613.913333,1,0,0,0
SH_1769,"Dallas, TX","Miami, FL",54.5,8.1,3.84,4.78,Medium,6.5,Fog,Winter,4,8,7.4,Tanker,1,1,1277,60,2353.51,1025.874477,3379.384477,0,1,0,0
SH_1770,"Miami, FL","New York, NY",61.2,5.6,4.86,6.74,Low,4.2,Snow,Fall,4,8,2.0,Flatbed,1,2,1256,70,2775.76,905.6617211,3681.421721,0,1,0,0
SH_1771,"Phoenix, AZ","Houston, TX",56.3,15.5,4.78,5.75,Low,4.5,Storm,Summer,4,8,9.2,Tanker,1,1,1166,60,2123.29,969.3008696,3092.59087,1,0,0,0
SH_1772,"Los Angeles, CA","Phoenix, AZ",56.4,7.3,4.58,4.3,Medium,4.4,Snow,Spring,2,8,5.9,Dry Van,1,1,410,60,753.99,436.6976744,1190.687674,0,0,1,0
SH_1773,"Chicago, IL","New York, NY",53.8,6.7,3.7,4.76,Medium,7.9,Snow,Fall,3,8,4.5,Refrigerated,1,1,818,60,1537.02,635.8403361,2172.860336,0,1,0,0
SH_1774,"Atlanta, GA","Houston, TX",41.1,6.7,3.52,6.18,Medium,8.4,Snow,Summer,4,8,7.8,Tanker,1,1,806,60,1467.73,459.0809061,1926.810906,0,0,1,0
SH_1775,"Los Angeles, CA","New York, NY",63.4,13.1,4.02,6.7,Low,7.5,Clear,Spring,7,8,0.7,Dry Van,1,2,2812,70,6186.4,1687.2,7873.6,0,0,0,1
SH_1776,"Seattle, WA","New York, NY",60.0,5.5,3.5,4.92,Medium,5.5,Storm,Winter,6,8,5.0,Refrigerated,0,1,2762,60,5140.08,1964.837398,7104.917398,1,0,0,0
SH_1777,"Chicago, IL","Denver, CO",51.8,6.8,4.89,7.09,Low,9.0,Snow,Summer,3,8,7.6,Tanker,0,1,1056,60,1951.49,728.3272214,2679.817221,0,0,1,0
SH_1778,"Denver, CO","Chicago, IL",47.0,8.1,3.69,4.55,Medium,10.0,Storm,Winter,3,8,4.4,Dry Van,0,1,1056,60,1951.49,856.4043956,2807.894396,1,0,0,0
SH_1779,"Phoenix, AZ","Dallas, TX",50.5,19.3,3.3,7.14,High,6.0,Rain,Summer,4,8,7.2,Flatbed,1,1,1017,60,1851.96,470.0420168,2322.002017,1,0,0,0
SH_1780,"Atlanta, GA","New York, NY",69.3,20.2,3.78,6.01,Low,8.6,Fog,Spring,2,8,6.1,Refrigerated,0,2,858,70,1874.73,539.640599,2414.370599,1,0,0,0
SH_1781,"Houston, TX","Atlanta, GA",57.6,26.6,4.34,7.37,High,5.5,Fog,Fall,2,8,7.6,Tanker,0,1,806,60,1467.73,474.6322931,1942.362293,1,0,0,0
SH_1782,"Denver, CO","Los Angeles, CA",52.1,27.2,4.28,7.41,High,6.2,Fog,Fall,4,8,3.3,Dry Van,1,1,954,60,1754.41,551.0283401,2305.43834,0,1,0,0
SH_1783,"Houston, TX","Denver, CO",58.7,17.8,4.09,7.37,Medium,5.0,Rain,Summer,3,8,6.7,Dry Van,0,1,1010,60,1839.21,560.5020353,2399.712035,0,0,1,0
SH_1784,"Los Angeles, CA","Miami, FL",72.9,19.5,3.47,5.59,Low,8.5,Storm,Spring,6,8,0.4,Flatbed,1,3,2686,80,7375.76,1667.338104,9043.098104,0,1,0,0
SH_1786,"Houston, TX","Dallas, TX",63.5,28.9,4.54,6.42,High,9.9,Fog,Fall,1,8,0.6,Tanker,0,2,259,70,554.26,183.1557632,737.4157632,0,0,1,0
SH_1787,"Los Angeles, CA","Dallas, TX",64.9,25.8,4.27,7.62,Medium,8.2,Storm,Winter,4,8,1.8,Dry Van,1,2,1423,70,3073.68,797.4028871,3871.082887,0,0,0,1
SH_1788,"Los Angeles, CA","Chicago, IL",43.6,18.6,3.63,5.09,Medium,7.9,Clear,Summer,6,8,4.1,Dry Van,0,1,2004,60,3729.44,1429.178782,5158.618782,0,0,0,1
SH_1789,"New York, NY","Phoenix, AZ",65.5,22.1,4.81,4.92,High,4.5,Rain,Fall,6,8,8.8,Refrigerated,1,2,2461,70,5377.29,2405.977642,7783.267642,0,0,1,0
SH_1790,"Houston, TX","Seattle, WA",50.6,22.3,3.02,4.75,High,8.1,Snow,Summer,7,8,4.7,Refrigerated,1,1,2173,60,3965.72,1381.570526,5347.290526,0,0,1,0
SH_1791,"Los Angeles, CA","Seattle, WA",66.8,16.3,4.26,6.16,High,4.3,Snow,Winter,4,8,1.7,Flatbed,1,2,1104,70,2395.68,763.4805195,3159.160519,0,1,0,0
SH_1792,"New York, NY","Chicago, IL",55.8,26.6,3.3,4.05,High,4.7,Clear,Fall,2,8,5.8,Refrigerated,0,1,818,60,1537.02,666.5185185,2203.538519,0,0,0,1
SH_1793,"Atlanta, GA","Los Angeles, CA",68.1,23.8,4.39,5.95,Low,6.2,Fog,Winter,5,8,5.0,Dry Van,0,2,2223,70,4812.8,1640.163025,6452.963025,0,0,1,0
SH_1794,"Chicago, IL","Denver, CO",63.9,13.8,3.45,5.11,High,5.1,Fog,Fall,4,8,1.7,Tanker,1,2,1056,70,2296.8,712.9549902,3009.75499,0,0,1,0
SH_1795,"Los Angeles, CA","Miami, FL",60.0,26.7,3.95,7.71,Low,5.3,Snow,Summer,7,8,1.3,Refrigerated,1,1,2686,60,4998.65,1376.095979,6374.745979,1,0,0,0
SH_1796,"Houston, TX","Phoenix, AZ",59.9,20.1,3.73,4.31,Low,7.9,Snow,Fall,3,8,1.4,Refrigerated,0,1,1166,60,2123.29,1009.090487,3132.380487,0,0,1,0
SH_1797,"Miami, FL","Chicago, IL",73.4,26.4,4.69,4.39,Medium,10.0,Clear,Summer,3,8,5.6,Flatbed,0,3,1370,80,3781.2,1463.621868,5244.821868,0,1,0,0
SH_1798,"Seattle, WA","Dallas, TX",70.9,6.7,3.84,6.33,Medium,4.9,Clear,Spring,4,8,7.4,Flatbed,0,3,1932,80,5197.08,1172.018957,6369.098957,0,0,1,0
SH_1799,"Dallas, TX","Miami, FL",40.3,10.4,4.65,6.68,Medium,9.4,Clear,Summer,4,8,6.0,Flatbed,0,1,1277,60,2353.51,888.9296407,3242.439641,1,0,0,0
SH_1800,"Atlanta, GA","Phoenix, AZ",41.2,17.8,4.22,4.77,High,5.6,Rain,Summer,6,8,4.7,Flatbed,0,1,1827,60,3334.28,1616.339623,4950.619623,0,0,0,1
SH_1801,"New York, NY","Miami, FL",52.0,11.7,4.97,7.64,Low,4.2,Fog,Spring,5,8,6.6,Refrigerated,1,1,1256,60,2360.02,817.0575916,3177.077592,0,0,0,1
SH_1802,"Dallas, TX","New York, NY",51.1,28.3,4.58,4.46,Low,4.7,Snow,Summer,5,8,7.0,Flatbed,1,1,1576,60,2918.75,1618.403587,4537.153587,1,0,0,0
SH_1803,"Los Angeles, CA","Seattle, WA",64.9,24.0,4.88,4.45,Low,8.2,Fog,Spring,4,8,2.1,Refrigerated,1,2,1104,70,2395.68,1210.678652,3606.358652,0,1,0,0
SH_1804,"Phoenix, AZ","Seattle, WA",63.8,11.2,4.2,5.03,Medium,6.0,Clear,Winter,3,8,4.5,Dry Van,0,2,1282,70,2762.71,1070.457256,3833.167256,0,1,0,0
SH_1805,"Miami, FL","Los Angeles, CA",50.5,9.0,3.09,4.78,Medium,7.5,Rain,Fall,8,8,1.7,Flatbed,1,1,2686,60,4998.65,1736.34728,6734.99728,0,0,0,1
SH_1806,"Dallas, TX","Phoenix, AZ",66.2,12.6,4.9,6.86,High,6.0,Storm,Winter,3,8,5.6,Flatbed,1,2,1017,70,2181.47,726.4285714,2907.898571,0,0,1,0
SH_1808,"Los Angeles, CA","Phoenix, AZ",59.3,29.5,3.15,5.14,Medium,5.5,Fog,Fall,2,8,8.9,Tanker,1,1,410,60,753.99,251.2645914,1005.254591,0,0,1,0
SH_1809,"Chicago, IL","Phoenix, AZ",52.3,20.2,3.18,4.04,Medium,4.1,Clear,Summer,5,8,6.2,Tanker,1,1,1670,60,3086.16,1314.50495,4400.66495,0,1,0,0
SH_1810,"Houston, TX","Phoenix, AZ",46.2,18.7,3.24,7.74,High,5.8,Clear,Winter,4,8,2.8,Refrigerated,0,1,1166,60,2123.29,488.0930233,2611.383023,0,1,0,0
SH_1811,"Houston, TX","Seattle, WA",47.3,12.3,3.38,5.06,High,9.0,Snow,Winter,6,8,9.7,Flatbed,0,1,2173,60,3965.72,1451.529644,5417.249644,1,0,0,0
SH_1812,"Houston, TX","Denver, CO",73.9,9.9,4.81,4.06,Medium,7.3,Storm,Winter,2,8,5.3,Tanker,0,3,1010,80,2709.83,1196.576355,3906.406355,0,1,0,0
SH_1814,"Los Angeles, CA","Atlanta, GA",54.6,24.6,4.82,6.85,Medium,6.5,Clear,Spring,6,8,8.1,Tanker,0,1,2223,60,4088.1,1564.213139,5652.313139,0,0,1,0
SH_1815,"New York, NY","Dallas, TX",52.7,8.8,3.65,6.33,Medium,5.9,Rain,Winter,4,8,9.2,Dry Van,0,1,1576,60,2918.75,908.7519747,3827.501975,1,0,0,0
SH_1816,"Atlanta, GA","Miami, FL",46.3,25.0,4.28,6.68,Medium,9.0,Rain,Summer,2,8,4.7,Tanker,0,1,697,60,1288.06,446.5808383,1734.640838,0,0,0,1
SH_1817,"Los Angeles, CA","New York, NY",50.4,9.6,4.23,4.94,Low,4.5,Storm,Summer,8,8,9.5,Tanker,1,1,2812,60,5258.44,2407.846154,7666.286154,1,0,0,0
SH_1818,"Atlanta, GA","Houston, TX",48.2,24.5,4.25,4.62,High,6.1,Clear,Fall,4,8,3.0,Tanker,1,1,806,60,1467.73,741.4502165,2209.180216,0,0,1,0
SH_1819,"Houston, TX","Atlanta, GA",53.1,14.9,4.08,4.35,Medium,8.4,Storm,Winter,2,8,4.8,Tanker,0,1,806,60,1467.73,755.9724138,2223.702414,0,0,0,1
SH_1820,"Phoenix, AZ","Los Angeles, CA",52.1,21.2,3.79,7.58,High,9.1,Rain,Winter,1,8,9.0,Flatbed,0,1,410,60,753.99,205.0,958.99,0,0,1,0
SH_1821,"Los Angeles, CA","Phoenix, AZ",61.9,14.8,4.98,5.92,Low,5.4,Storm,Summer,2,8,6.5,Refrigerated,1,2,410,70,887.65,344.8986486,1232.548649,0,0,1,0
SH_1822,"Denver, CO","Houston, TX",61.1,28.3,4.7,4.27,Medium,10.0,Snow,Summer,3,8,5.4,Flatbed,0,2,1010,70,2166.45,1111.709602,3278.159602,0,1,0,0
SH_1823,"Denver, CO","Atlanta, GA",50.1,23.5,3.06,5.52,High,6.4,Fog,Spring,4,8,7.5,Refrigerated,0,1,1392,60,2540.4,771.6521739,3312.052174,1,0,0,0
SH_1824,"Phoenix, AZ","New York, NY",71.2,10.7,4.11,6.58,Low,5.0,Rain,Winter,5,8,4.9,Tanker,0,3,2461,80,6740.68,1537.18997,8277.86997,1,0,0,0
SH_1825,"Chicago, IL","New York, NY",72.8,19.7,4.4,6.1,Medium,9.0,Storm,Summer,2,8,2.7,Tanker,0,3,818,80,2269.13,590.0327869,2859.162787,0,0,0,1
SH_1826,"Phoenix, AZ","Dallas, TX",42.7,22.6,3.79,5.09,High,4.0,Rain,Spring,3,8,0.2,Dry Van,0,1,1017,60,1851.96,757.2554028,2609.215403,0,1,0,0
SH_1827,"New York, NY","Dallas, TX",74.1,20.7,3.9,4.32,Medium,8.0,Snow,Spring,4,8,9.8,Dry Van,1,3,1576,80,4305.63,1422.777778,5728.407778,0,0,1,0
SH_1828,"Atlanta, GA","Dallas, TX",47.5,20.6,4.03,6.13,Medium,6.9,Rain,Summer,3,8,5.7,Flatbed,0,1,828,60,1507.79,544.3458401,2052.13584,0,1,0,0
SH_1829,"Los Angeles, CA","Atlanta, GA",68.9,11.6,4.45,4.86,High,8.7,Fog,Winter,5,8,4.7,Tanker,0,2,2223,70,4812.8,2035.462963,6848.262963,0,0,1,0
SH_1830,"Atlanta, GA","Seattle, WA",49.8,25.9,4.29,5.59,High,6.5,Rain,Spring,7,8,2.2,Dry Van,0,1,2505,60,4584.15,1922.44186,6506.59186,1,0,0,0
SH_1831,"Chicago, IL","New York, NY",64.8,28.1,4.43,6.34,High,9.4,Storm,Winter,3,8,7.2,Refrigerated,1,2,818,70,1807.78,571.5678233,2379.347823,0,0,0,1
SH_1832,"Miami, FL","Dallas, TX",53.1,20.8,4.04,5.28,Low,4.9,Rain,Winter,4,8,2.9,Tanker,0,1,1277,60,2353.51,977.0984848,3330.608485,0,0,0,1
SH_1833,"New York, NY","Dallas, TX",54.0,24.6,3.98,4.87,High,4.7,Clear,Spring,4,8,7.9,Flatbed,0,1,1576,60,2918.75,1287.983573,4206.733573,1,0,0,0
SH_1834,"Dallas, TX","Phoenix, AZ",48.1,15.9,4.71,4.71,High,7.2,Fog,Summer,4,8,1.2,Tanker,1,1,1017,60,1851.96,1017.0,2868.96,0,0,0,1
SH_1835,"Atlanta, GA","Phoenix, AZ",59.5,5.5,3.21,5.39,Medium,4.3,Snow,Fall,4,8,1.3,Tanker,0,1,1827,60,3334.28,1088.064935,4422.344935,0,0,1,0
SH_1836,"Phoenix, AZ","Seattle, WA",67.7,20.7,3.89,4.37,Low,7.7,Rain,Summer,4,8,8.6,Refrigerated,1,2,1282,70,2762.71,1141.185355,3903.895355,0,0,1,0
SH_1837,"Houston, TX","Los Angeles, CA",61.5,29.5,4.19,6.9,High,6.7,Clear,Fall,4,8,8.0,Dry Van,0,2,1577,70,3406.32,957.6275362,4363.947536,0,1,0,0
SH_1838,"Dallas, TX","Phoenix, AZ",64.5,5.6,4.72,4.63,High,7.1,Storm,Spring,2,8,4.6,Tanker,0,2,1017,70,2181.47,1036.768898,3218.238898,0,0,0,1
SH_1839,"Miami, FL","Atlanta, GA",56.4,12.8,3.88,5.44,Medium,7.4,Fog,Fall,3,8,5.7,Tanker,1,1,697,60,1288.06,497.125,1785.185,0,0,0,1
SH_1840,"Denver, CO","Phoenix, AZ",71.3,10.8,3.38,4.91,Medium,9.5,Snow,Fall,2,8,7.7,Refrigerated,0,3,673,80,1810.37,463.287169,2273.657169,0,0,0,1
SH_1841,"Atlanta, GA","New York, NY",71.8,24.7,4.5,7.88,Low,6.2,Storm,Spring,3,8,9.1,Dry Van,1,3,858,80,2350.06,489.9746193,2840.034619,0,0,1,0
SH_1842,"Seattle, WA","Denver, CO",59.7,6.9,4.31,6.11,High,5.1,Snow,Spring,3,8,3.4,Tanker,0,1,1172,60,2144.76,826.7299509,2971.489951,1,0,0,0
SH_1843,"Phoenix, AZ","Chicago, IL",63.5,17.2,3.18,5.55,High,4.6,Fog,Summer,4,8,0.1,Tanker,0,2,1670,70,3632.25,956.8648649,4589.114865,0,1,0,0
SH_1844,"Atlanta, GA","New York, NY",51.6,18.5,4.84,6.16,High,8.2,Rain,Fall,3,8,4.1,Tanker,0,1,858,60,1592.45,674.1428571,2266.592857,0,1,0,0
SH_1845,"Phoenix, AZ","Dallas, TX",68.3,15.2,3.05,4.23,Low,9.1,Fog,Spring,2,8,6.9,Dry Van,0,2,1017,70,2181.47,733.2978723,2914.767872,0,0,0,1
SH_1846,"Denver, CO","Atlanta, GA",72.9,21.6,4.69,7.06,Medium,6.3,Snow,Fall,3,8,2.9,Refrigerated,0,3,1392,80,3744.48,924.713881,4669.193881,0,0,0,1
SH_1847,"Phoenix, AZ","Miami, FL",71.3,23.1,3.93,4.35,High,4.3,Storm,Winter,4,8,4.6,Flatbed,0,3,2276,80,6202.1,2056.248276,8258.348276,0,0,0,1
SH_1848,"Chicago, IL","Dallas, TX",40.2,29.7,3.73,7.39,Low,7.2,Snow,Winter,4,8,8.0,Dry Van,1,1,925,60,1704.77,466.8809202,2171.65092,0,0,1,0
SH_1849,"Atlanta, GA","Los Angeles, CA",58.5,17.9,3.17,6.62,Medium,9.5,Clear,Summer,6,8,2.6,Dry Van,1,1,2223,60,4088.1,1064.487915,5152.587915,0,1,0,0
SH_1850,"Phoenix, AZ","Miami, FL",50.0,21.3,4.07,6.39,Low,6.5,Snow,Summer,6,8,6.7,Flatbed,0,1,2276,60,4206.05,1449.658842,5655.708842,0,0,1,0
SH_1851,"Los Angeles, CA","New York, NY",73.1,22.6,4.51,4.97,Low,5.0,Storm,Fall,6,8,7.7,Refrigerated,1,3,2812,80,7761.12,2551.734406,10312.85441,0,0,1,0
SH_1852,"Houston, TX","Atlanta, GA",55.0,24.4,3.94,5.18,High,8.4,Rain,Fall,2,8,2.0,Flatbed,0,1,806,60,1467.73,613.0579151,2080.787915,0,0,1,0
SH_1853,"Los Angeles, CA","Denver, CO",57.3,9.7,4.86,6.37,Medium,4.7,Fog,Spring,4,8,9.5,Flatbed,1,1,954,60,1754.41,727.855573,2482.265573,0,0,0,1
SH_1854,"Phoenix, AZ","Los Angeles, CA",65.7,6.8,4.79,5.77,Low,8.0,Fog,Summer,1,8,1.0,Dry Van,0,2,410,70,887.65,340.3639515,1228.013951,0,0,1,0
SH_1855,"Miami, FL","Chicago, IL",41.7,17.5,3.5,7.64,Low,6.4,Storm,Summer,5,8,1.1,Tanker,0,1,1370,60,2561.9,627.617801,3189.517801,0,1,0,0
SH_1856,"Chicago, IL","Atlanta, GA",47.3,14.9,3.22,4.13,Medium,7.9,Snow,Winter,3,8,7.1,Dry Van,1,1,677,60,1251.1,527.8305085,1778.930508,0,1,0,0
SH_1857,"Dallas, TX","Denver, CO",44.0,12.3,3.26,7.37,Medium,8.5,Snow,Spring,3,8,3.4,Dry Van,0,1,762,60,1387.6,337.0583446,1724.658345,0,0,0,1
SH_1858,"Phoenix, AZ","Miami, FL",60.8,25.0,3.53,4.84,Low,8.7,Rain,Summer,6,8,5.5,Dry Van,1,2,2276,70,4950.3,1659.975207,6610.275207,0,0,0,1
SH_1859,"Denver, CO","Miami, FL",65.7,11.8,3.71,7.49,Medium,5.9,Fog,Winter,4,8,7.0,Dry Van,0,2,1984,70,4315.2,982.728972,5297.928972,0,1,0,0
SH_1860,"Los Angeles, CA","Dallas, TX",55.2,15.7,4.69,7.22,High,8.4,Clear,Summer,4,8,3.2,Tanker,0,1,1423,60,2609.78,924.3587258,3534.138726,0,0,0,1
SH_1861,"Phoenix, AZ","Denver, CO",70.7,27.1,3.22,5.71,Low,6.8,Snow,Fall,3,8,6.8,Dry Van,1,3,673,80,1810.37,379.5201401,2189.89014,0,0,1,0
SH_1862,"Seattle, WA","Denver, CO",40.9,19.1,3.19,7.34,High,8.5,Snow,Spring,5,8,2.0,Dry Van,1,1,1172,60,2144.76,509.3569482,2654.116948,0,1,0,0
SH_1863,"Seattle, WA","Atlanta, GA",58.9,19.4,4.21,6.56,Medium,5.6,Snow,Winter,6,8,0.4,Tanker,0,1,2505,60,4584.15,1607.629573,6191.779573,1,0,0,0
SH_1864,"Miami, FL","Seattle, WA",69.3,10.0,3.4,4.17,Low,9.8,Rain,Winter,6,8,4.8,Refrigerated,0,2,3141,70,6847.38,2561.007194,9408.387194,1,0,0,0
SH_1865,"Los Angeles, CA","Miami, FL",60.9,22.9,3.89,7.49,Low,7.1,Storm,Spring,6,8,6.2,Flatbed,0,2,2686,70,5882.34,1394.998665,7277.338665,0,1,0,0
SH_1866,"Dallas, TX","New York, NY",61.6,22.1,3.4,7.28,Medium,9.5,Storm,Winter,5,8,3.1,Refrigerated,1,2,1576,70,3435.68,736.043956,4171.723956,0,0,0,1
SH_1867,"Miami, FL","Chicago, IL",72.0,13.0,4.64,4.04,Low,4.0,Clear,Spring,3,8,7.6,Refrigerated,0,3,1370,80,3781.2,1573.465347,5354.665347,0,1,0,0
SH_1868,"Los Angeles, CA","Chicago, IL",72.6,7.9,3.46,7.61,Low,5.1,Clear,Fall,4,8,5.3,Refrigerated,0,3,2004,80,5502.98,911.1484888,6414.128489,1,0,0,0
SH_1869,"Dallas, TX","Chicago, IL",50.0,18.0,4.7,6.83,Medium,7.7,Storm,Spring,3,8,3.0,Tanker,0,1,925,60,1704.77,636.5300146,2341.300015,0,0,1,0
SH_1870,"Phoenix, AZ","Los Angeles, CA",54.3,5.7,3.42,5.73,Medium,6.5,Storm,Winter,1,8,5.9,Tanker,0,1,410,60,753.99,244.7120419,998.7020419,0,1,0,0
SH_1871,"Seattle, WA","Dallas, TX",42.7,28.6,3.2,7.42,Low,4.0,Rain,Summer,6,8,0.2,Refrigerated,0,1,1932,60,3525.9,833.2075472,4359.107547,0,0,0,1
SH_1872,"Chicago, IL","New York, NY",52.7,23.5,3.8,4.28,Low,8.6,Snow,Spring,3,8,9.2,Refrigerated,1,1,818,60,1537.02,726.2616822,2263.281682,0,1,0,0
SH_1873,"New York, NY","Houston, TX",56.8,23.1,3.79,4.87,Medium,8.6,Storm,Summer,5,8,9.2,Refrigerated,1,1,1630,60,3018.76,1268.521561,4287.281561,0,1,0,0
SH_1874,"Houston, TX","Miami, FL",57.7,14.1,3.51,7.0,Low,6.0,Storm,Winter,4,8,6.7,Dry Van,1,1,1112,60,2049.42,557.5885714,2607.008571,0,1,0,0
SH_1875,"Los Angeles, CA","Chicago, IL",67.3,21.0,3.12,4.38,Low,4.2,Fog,Summer,5,8,8.3,Flatbed,1,2,2004,70,4388.76,1427.506849,5816.266849,0,1,0,0
SH_1876,"Chicago, IL","Phoenix, AZ",53.4,27.7,4.67,6.66,High,5.6,Clear,Summer,4,8,0.2,Dry Van,0,1,1670,60,3086.16,1171.006006,4257.166006,1,0,0,0
SH_1877,"New York, NY","Houston, TX",50.2,18.8,3.13,4.54,Medium,5.1,Fog,Summer,6,8,4.5,Tanker,1,1,1630,60,3018.76,1123.76652,4142.52652,1,0,0,0
SH_1878,"Phoenix, AZ","Houston, TX",67.0,6.2,4.44,7.64,Medium,6.1,Storm,Spring,3,8,2.3,Refrigerated,0,2,1166,70,2501.07,677.6230366,3178.693037,0,0,0,1
SH_1879,"Dallas, TX","Miami, FL",73.0,17.8,3.23,6.51,Medium,8.4,Fog,Summer,4,8,7.9,Tanker,1,3,1277,80,3470.89,633.5960061,4104.486006,0,0,1,0
SH_1880,"Phoenix, AZ","New York, NY",49.0,27.0,4.1,5.14,Low,9.6,Fog,Fall,7,8,2.2,Flatbed,0,1,2461,60,4567.62,1963.054475,6530.674475,0,0,0,1
SH_1881,"Miami, FL","Denver, CO",70.5,22.4,3.49,6.6,Low,7.7,Fog,Summer,5,8,1.8,Flatbed,1,3,1984,80,5406.4,1049.115152,6455.515152,0,0,0,1
SH_1883,"Phoenix, AZ","Los Angeles, CA",63.2,27.5,4.45,6.84,Medium,6.3,Rain,Winter,2,8,2.8,Tanker,1,2,410,70,887.65,266.7397661,1154.389766,0,1,0,0
SH_1884,"Los Angeles, CA","Houston, TX",52.7,21.3,4.72,4.53,Medium,8.9,Rain,Spring,5,8,5.9,Tanker,1,1,1577,60,2892.22,1643.143488,4535.363488,0,1,0,0
SH_1885,"Denver, CO","New York, NY",46.4,9.2,4.73,5.99,Medium,5.5,Clear,Summer,6,8,8.9,Flatbed,0,1,1872,60,3474.43,1478.223706,4952.653706,0,0,1,0
SH_1886,"Miami, FL","Phoenix, AZ",52.2,17.1,4.5,4.27,Medium,5.3,Rain,Spring,6,8,0.5,Tanker,0,1,2276,60,4206.05,2398.594848,6604.644848,1,0,0,0
SH_1887,"Denver, CO","Phoenix, AZ",65.3,24.3,3.3,5.78,Medium,5.1,Rain,Summer,3,8,1.6,Dry Van,1,2,673,70,1446.95,384.2387543,1831.188754,0,0,0,1
SH_1888,"New York, NY","Chicago, IL",48.1,12.3,4.7,5.83,Low,4.1,Storm,Summer,4,8,0.8,Dry Van,1,1,818,60,1537.02,659.4511149,2196.471115,0,1,0,0
SH_1889,"Los Angeles, CA","Miami, FL",60.6,11.4,4.13,4.31,Medium,8.8,Clear,Winter,7,8,8.7,Tanker,1,2,2686,70,5882.34,2573.823666,8456.163666,0,0,1,0
SH_1890,"Denver, CO","Atlanta, GA",51.4,5.9,4.3,6.14,Medium,6.8,Rain,Summer,5,8,1.7,Tanker,1,1,1392,60,2540.4,974.8534202,3515.25342,0,0,1,0
SH_1892,"New York, NY","Atlanta, GA",54.6,8.3,3.33,5.37,Medium,7.4,Storm,Fall,3,8,4.9,Flatbed,1,1,858,60,1592.45,532.0558659,2124.505866,0,0,1,0
SH_1893,"Seattle, WA","Chicago, IL",65.8,15.7,3.25,6.12,Low,6.3,Storm,Summer,5,8,6.3,Flatbed,1,2,1993,70,4344.74,1058.374183,5403.114183,0,0,0,1
SH_1894,"Phoenix, AZ","Houston, TX",45.0,6.4,4.25,4.99,Medium,5.5,Fog,Spring,4,8,4.6,Dry Van,0,1,1166,60,2123.29,993.0861723,3116.376172,0,1,0,0
SH_1895,"Miami, FL","Dallas, TX",51.9,19.6,3.66,4.11,Low,6.7,Rain,Winter,5,8,6.2,Dry Van,1,1,1277,60,2353.51,1137.182482,3490.692482,0,0,1,0
SH_1898,"Atlanta, GA","Seattle, WA",48.8,26.9,3.87,5.1,Medium,7.5,Rain,Fall,7,8,2.1,Tanker,0,1,2505,60,4584.15,1900.852941,6485.002941,0,0,0,1
SH_1899,"Houston, TX","New York, NY",40.9,28.4,4.84,4.2,Low,5.0,Snow,Winter,6,8,3.2,Flatbed,1,1,1630,60,3018.76,1878.380952,4897.140952,1,0,0,0
SH_1900,"Chicago, IL","Miami, FL",68.4,24.0,3.97,6.15,Low,4.4,Fog,Fall,4,8,1.9,Refrigerated,1,2,1370,70,3014.0,884.3739837,3898.373984,0,0,0,1
SH_1901,"Miami, FL","Chicago, IL",55.5,24.2,3.53,5.24,Medium,7.6,Snow,Spring,5,8,5.8,Tanker,1,1,1370,60,2561.9,922.9198473,3484.819847,1,0,0,0
SH_1903,"Miami, FL","Los Angeles, CA",52.4,11.0,4.91,6.98,High,7.4,Fog,Winter,8,8,2.2,Tanker,1,1,2686,60,4998.65,1889.43553,6888.08553,1,0,0,0
SH_1904,"Denver, CO","Los Angeles, CA",58.3,18.0,3.15,6.05,High,8.9,Clear,Summer,3,8,5.7,Dry Van,0,1,954,60,1754.41,496.7107438,2251.120744,0,1,0,0
SH_1905,"Seattle, WA","Dallas, TX",66.3,29.1,4.92,4.9,High,8.4,Rain,Fall,4,8,2.1,Flatbed,0,2,1932,70,4153.8,1939.885714,6093.685714,0,0,1,0
SH_1907,"Miami, FL","New York, NY",54.4,10.9,4.67,6.49,Medium,4.2,Snow,Winter,4,8,1.1,Tanker,1,1,1256,60,2360.02,903.7781202,3263.79812,0,1,0,0
SH_1908,"Seattle, WA","Dallas, TX",60.0,5.2,4.31,6.64,Medium,7.9,Fog,Spring,5,8,8.8,Flatbed,0,1,1932,60,3525.9,1254.054217,4779.954217,0,0,0,1
SH_1909,"Phoenix, AZ","Los Angeles, CA",47.4,26.6,3.84,7.0,Medium,7.3,Rain,Spring,2,8,3.9,Flatbed,0,1,410,60,753.99,224.9142857,978.9042857,1,0,0,0
SH_1910,"Dallas, TX","Atlanta, GA",41.1,8.8,4.12,4.63,Low,8.4,Clear,Spring,3,8,2.6,Refrigerated,0,1,828,60,1507.79,736.7948164,2244.584816,0,1,0,0
SH_1911,"Los Angeles, CA","Seattle, WA",48.9,23.2,4.99,7.19,Medium,6.1,Fog,Fall,4,8,0.5,Flatbed,1,1,1104,60,2034.67,766.1974965,2800.867497,0,0,0,1
SH_1912,"Phoenix, AZ","Dallas, TX",40.8,9.4,4.98,5.44,High,8.9,Fog,Winter,4,8,1.2,Flatbed,0,1,1017,60,1851.96,931.0036765,2782.963676,1,0,0,0
SH_1913,"New York, NY","Dallas, TX",41.9,22.2,3.15,4.81,Low,4.6,Storm,Fall,6,8,2.7,Flatbed,1,1,1576,60,2918.75,1032.099792,3950.849792,0,0,1,0
SH_1914,"Chicago, IL","Miami, FL",73.8,26.9,4.75,4.7,Low,5.6,Fog,Spring,3,8,7.8,Refrigerated,0,3,1370,80,3781.2,1384.574468,5165.774468,0,1,0,0
SH_1915,"New York, NY","Houston, TX",59.5,11.2,3.49,7.96,High,8.5,Snow,Fall,4,8,5.7,Refrigerated,0,1,1630,60,3018.76,714.660804,3733.420804,1,0,0,0
SH_1916,"New York, NY","Houston, TX",62.6,28.7,3.56,6.38,Low,8.1,Snow,Summer,4,8,4.9,Tanker,0,2,1630,70,3553.4,909.5297806,4462.929781,0,0,1,0
SH_1917,"Houston, TX","Phoenix, AZ",56.5,26.3,4.29,4.18,Medium,7.3,Storm,Fall,3,8,7.8,Refrigerated,0,1,1166,60,2123.29,1196.684211,3319.974211,0,0,0,1
SH_1918,"Chicago, IL","Dallas, TX",56.5,25.0,3.09,4.63,Low,6.4,Rain,Spring,3,8,3.4,Dry Van,0,1,925,60,1704.77,617.3326134,2322.102613,0,0,1,0
SH_1919,"New York, NY","Houston, TX",68.9,27.1,4.87,5.36,Medium,5.8,Clear,Spring,3,8,0.1,Dry Van,0,2,1630,70,3553.4,1480.988806,5034.388806,0,1,0,0
SH_1920,"Seattle, WA","Dallas, TX",47.9,22.6,4.11,6.15,Low,8.3,Rain,Spring,6,8,7.5,Dry Van,0,1,1932,60,3525.9,1291.141463,4817.041463,0,0,0,1
SH_1921,"Phoenix, AZ","Denver, CO",71.8,6.4,3.41,5.91,Medium,6.6,Fog,Fall,3,8,9.4,Refrigerated,1,3,673,80,1810.37,388.3130288,2198.683029,0,1,0,0
SH_1922,"Phoenix, AZ","Seattle, WA",55.8,9.8,4.79,7.86,Medium,6.9,Rain,Winter,3,8,7.9,Flatbed,0,1,1282,60,2346.06,781.2697201,3127.32972,0,0,1,0
SH_1923,"Dallas, TX","New York, NY",52.4,27.2,4.95,6.23,Medium,7.4,Clear,Summer,5,8,5.8,Tanker,1,1,1576,60,2918.75,1252.199037,4170.949037,1,0,0,0
SH_1924,"New York, NY","Los Angeles, CA",50.6,6.7,3.51,4.79,Low,7.3,Snow,Spring,8,8,6.1,Refrigerated,1,1,2812,60,5258.44,2060.56785,7319.00785,0,0,1,0
SH_1925,"Miami, FL","Chicago, IL",54.7,25.9,3.95,7.95,Medium,6.6,Clear,Summer,4,8,0.5,Flatbed,0,1,1370,60,2561.9,680.6918239,3242.591824,0,0,1,0
SH_1926,"Houston, TX","Los Angeles, CA",69.8,28.6,4.99,5.13,Medium,7.5,Rain,Winter,4,8,5.6,Flatbed,1,2,1577,70,3406.32,1533.962963,4940.282963,1,0,0,0
SH_1927,"Los Angeles, CA","Dallas, TX",70.0,27.7,3.9,5.12,Low,4.8,Rain,Fall,4,8,3.1,Dry Van,1,2,1423,70,3073.68,1083.925781,4157.605781,0,0,1,0
SH_1928,"Dallas, TX","Phoenix, AZ",63.5,21.1,4.12,4.18,High,9.6,Rain,Spring,4,8,9.9,Flatbed,1,2,1017,70,2181.47,1002.401914,3183.871914,0,1,0,0
SH_1929,"Denver, CO","Dallas, TX",64.9,6.4,4.26,7.06,Medium,8.7,Fog,Fall,2,8,2.3,Tanker,0,2,762,70,1634.49,459.7903683,2094.280368,0,0,0,1
SH_1930,"Dallas, TX","New York, NY",74.8,6.9,4.87,5.16,Low,8.1,Snow,Summer,3,8,9.7,Tanker,0,3,1576,80,4305.63,1487.426357,5793.056357,0,0,0,1
SH_1931,"Houston, TX","Dallas, TX",57.4,15.7,3.65,6.58,Medium,4.8,Rain,Spring,1,8,9.8,Tanker,0,1,259,60,470.34,143.6702128,614.0102128,0,0,0,1
SH_1932,"Dallas, TX","Denver, CO",70.1,14.0,3.65,6.07,High,4.3,Fog,Spring,3,8,1.4,Flatbed,1,3,762,80,2044.45,458.2042834,2502.654283,0,1,0,0
SH_1933,"Miami, FL","Chicago, IL",42.9,25.6,3.3,4.15,Medium,8.3,Fog,Fall,5,8,7.1,Refrigerated,1,1,1370,60,2561.9,1089.39759,3651.29759,0,0,1,0
SH_1935,"New York, NY","Denver, CO",74.4,14.4,3.34,7.41,Medium,5.9,Snow,Summer,5,8,1.0,Refrigerated,1,3,1872,80,5127.41,843.7894737,5971.199474,1,0,0,0
SH_1936,"Seattle, WA","Denver, CO",41.8,29.9,4.47,4.35,Medium,4.1,Clear,Summer,5,8,4.4,Refrigerated,1,1,1172,60,2144.76,1204.331034,3349.091034,0,1,0,0
SH_1937,"Miami, FL","Phoenix, AZ",72.3,20.0,3.37,7.13,High,9.7,Rain,Winter,4,8,6.8,Dry Van,0,3,2276,80,6202.1,1075.753156,7277.853156,1,0,0,0
SH_1938,"New York, NY","Miami, FL",53.4,23.4,4.86,6.52,High,8.7,Rain,Spring,4,8,2.1,Refrigerated,1,1,1256,60,2360.02,936.2208589,3296.240859,0,0,0,1
SH_1939,"Chicago, IL","Denver, CO",46.2,20.9,3.58,7.17,High,8.8,Storm,Winter,3,8,1.8,Flatbed,0,1,1056,60,1951.49,527.2635983,2478.753598,1,0,0,0
SH_1940,"Houston, TX","Seattle, WA",74.7,20.6,3.07,4.07,Low,5.9,Rain,Summer,4,8,8.4,Tanker,0,3,2173,80,5845.37,1639.093366,7484.463366,0,1,0,0
SH_1941,"Miami, FL","New York, NY",51.4,10.9,4.82,6.01,Medium,7.9,Storm,Fall,5,8,6.3,Refrigerated,1,1,1256,60,2360.02,1007.30782,3367.32782,0,0,1,0
SH_1942,"Denver, CO","Chicago, IL",51.9,20.9,4.18,5.17,High,4.9,Fog,Spring,3,8,4.2,Refrigerated,0,1,1056,60,1951.49,853.787234,2805.277234,0,0,0,1
SH_1943,"Seattle, WA","Chicago, IL",72.0,5.9,3.49,4.77,Low,7.0,Clear,Summer,5,8,7.3,Refrigerated,1,3,1993,80,5444.88,1458.190776,6903.070776,0,0,0,1
SH_1944,"Houston, TX","Atlanta, GA",60.8,27.1,4.82,7.84,High,8.6,Clear,Spring,2,8,2.3,Flatbed,0,2,806,70,1728.87,495.5255102,2224.39551,1,0,0,0
SH_1945,"Dallas, TX","Houston, TX",40.2,22.7,4.87,4.75,Low,7.8,Rain,Winter,2,8,9.3,Flatbed,1,1,259,60,470.34,265.5431579,735.8831579,0,0,1,0
SH_1946,"Phoenix, AZ","Chicago, IL",74.0,13.6,3.7,6.17,Medium,6.3,Fog,Winter,4,8,7.3,Dry Van,1,3,1670,80,4550.75,1001.458671,5552.208671,0,1,0,0
SH_1947,"Denver, CO","Miami, FL",66.1,13.6,4.04,5.44,Medium,4.1,Fog,Fall,5,8,6.7,Flatbed,1,2,1984,70,4315.2,1473.411765,5788.611765,0,0,1,0
SH_1948,"Dallas, TX","Phoenix, AZ",71.2,15.8,3.62,7.66,Medium,6.4,Clear,Summer,3,8,8.4,Tanker,1,3,1017,80,2728.61,480.618799,3209.228799,0,0,0,1
SH_1949,"Seattle, WA","Chicago, IL",49.1,26.4,3.75,4.07,High,6.3,Storm,Summer,6,8,2.5,Tanker,0,1,1993,60,3691.04,1836.302211,5527.342211,0,0,1,0
SH_1950,"Denver, CO","Dallas, TX",42.0,19.7,4.51,5.65,Low,6.5,Fog,Summer,3,8,0.3,Flatbed,0,1,762,60,1387.6,608.2513274,1995.851327,1,0,0,0
SH_1951,"Atlanta, GA","Chicago, IL",72.0,10.9,3.86,4.49,Medium,6.7,Snow,Spring,2,8,5.2,Tanker,0,3,677,80,1844.82,582.0089087,2426.828909,0,1,0,0
SH_1952,"Miami, FL","Houston, TX",59.4,11.1,3.71,6.55,High,7.5,Fog,Spring,3,8,4.8,Tanker,0,1,1112,60,2049.42,629.8503817,2679.270382,0,0,1,0
SH_1953,"Dallas, TX","Los Angeles, CA",44.3,29.1,3.56,7.63,High,6.5,Clear,Fall,5,8,8.0,Flatbed,0,1,1423,60,2609.78,663.9423329,3273.722333,0,1,0,0
SH_1954,"Phoenix, AZ","Houston, TX",55.9,27.0,4.79,4.95,High,5.2,Fog,Winter,3,8,9.0,Dry Van,0,1,1166,60,2123.29,1128.311111,3251.601111,1,0,0,0
SH_1955,"Seattle, WA","Phoenix, AZ",62.8,22.7,4.56,6.26,Medium,6.4,Snow,Spring,4,8,6.1,Flatbed,1,2,1282,70,2762.71,933.8530351,3696.563035,0,1,0,0
SH_1956,"New York, NY","Miami, FL",52.1,21.7,3.52,4.98,Low,8.3,Rain,Winter,5,8,2.5,Refrigerated,1,1,1256,60,2360.02,887.7751004,3247.7951,0,1,0,0
SH_1957,"Phoenix, AZ","Atlanta, GA",58.8,26.1,3.81,7.13,Medium,9.0,Rain,Fall,5,8,6.6,Flatbed,1,1,1827,60,3334.28,976.2791024,4310.559102,0,0,1,0
SH_1958,"Los Angeles, CA","Atlanta, GA",64.6,22.1,3.79,5.58,High,5.5,Storm,Fall,6,8,0.9,Refrigerated,1,2,2223,70,4812.8,1509.887097,6322.687097,0,0,1,0
SH_1959,"Chicago, IL","New York, NY",68.9,26.4,4.81,5.63,Low,9.1,Rain,Winter,3,8,0.2,Tanker,1,2,818,70,1807.78,698.8596803,2506.63968,0,1,0,0
SH_1960,"Miami, FL","Denver, CO",42.6,29.7,4.35,7.01,High,5.5,Storm,Summer,7,8,0.4,Flatbed,1,1,1984,60,3666.43,1231.155492,4897.585492,0,0,1,0
SH_1961,"Phoenix, AZ","Dallas, TX",45.9,22.4,3.45,4.27,Medium,6.9,Storm,Fall,3,8,2.4,Flatbed,0,1,1017,60,1851.96,821.6978923,2673.657892,0,0,1,0
SH_1962,"Chicago, IL","Houston, TX",59.9,12.1,3.76,7.26,Medium,5.1,Fog,Fall,3,8,3.3,Refrigerated,0,1,1083,60,1995.97,560.892562,2556.862562,0,0,1,0
SH_1963,"Chicago, IL","Dallas, TX",59.0,14.3,4.58,4.16,Low,6.6,Storm,Spring,3,8,5.1,Refrigerated,1,1,925,60,1704.77,1018.389423,2723.159423,0,0,0,1
SH_1965,"Chicago, IL","Seattle, WA",44.3,12.4,4.77,5.21,Low,8.3,Rain,Spring,6,8,4.3,Dry Van,0,1,1993,60,3691.04,1824.685221,5515.725221,0,0,1,0
SH_1966,"Denver, CO","Dallas, TX",52.9,19.8,3.7,4.86,Low,4.7,Storm,Winter,3,8,4.4,Flatbed,1,1,762,60,1387.6,580.1234568,1967.723457,0,0,0,1
SH_1967,"New York, NY","Seattle, WA",57.2,26.8,4.09,5.92,Medium,9.5,Rain,Summer,8,8,1.1,Refrigerated,1,1,2762,60,5140.08,1908.206081,7048.286081,0,0,0,1
SH_1968,"Atlanta, GA","New York, NY",67.5,25.9,4.09,6.22,Medium,7.8,Fog,Fall,2,8,1.1,Refrigerated,0,2,858,70,1874.73,564.1832797,2438.91328,0,0,0,1
SH_1969,"Los Angeles, CA","Denver, CO",66.3,20.8,3.63,4.64,High,6.5,Storm,Winter,2,8,4.7,Refrigerated,0,2,954,70,2065.41,746.3405172,2811.750517,1,0,0,0
SH_1970,"Seattle, WA","Los Angeles, CA",53.8,15.6,3.48,5.31,Medium,9.9,Storm,Winter,3,8,5.3,Refrigerated,0,1,1104,60,2034.67,723.5254237,2758.195424,0,1,0,0
SH_1971,"Denver, CO","Miami, FL",58.5,13.1,4.05,4.46,Medium,4.8,Fog,Winter,5,8,9.5,Tanker,0,1,1984,60,3666.43,1801.61435,5468.04435,0,0,0,1
SH_1972,"Miami, FL","Denver, CO",62.4,18.3,4.63,6.51,Low,4.0,Snow,Fall,4,8,9.1,Tanker,0,2,1984,70,4315.2,1411.047619,5726.247619,0,0,0,1
SH_1973,"Los Angeles, CA","Phoenix, AZ",61.3,29.9,3.6,5.3,High,5.1,Fog,Spring,2,8,1.1,Refrigerated,1,2,410,70,887.65,278.490566,1166.140566,0,0,0,1
SH_1974,"Phoenix, AZ","Chicago, IL",65.6,26.3,3.1,6.02,High,8.2,Clear,Fall,4,8,2.2,Flatbed,0,2,1670,70,3632.25,859.9667774,4492.216777,1,0,0,0
SH_1975,"Los Angeles, CA","Dallas, TX",43.4,16.7,3.87,7.41,Medium,7.8,Fog,Summer,6,8,9.5,Tanker,1,1,1423,60,2609.78,743.1862348,3352.966235,0,1,0,0
SH_1976,"Houston, TX","Seattle, WA",62.9,18.1,4.22,5.53,Medium,9.9,Snow,Fall,6,8,7.7,Tanker,1,2,2173,70,4671.95,1658.238698,6330.188698,0,0,1,0
SH_1977,"New York, NY","Seattle, WA",65.3,22.1,4.93,4.86,High,7.3,Storm,Spring,7,8,10.0,Tanker,1,2,2762,70,6048.78,2801.781893,8850.561893,0,1,0,0
SH_1978,"Chicago, IL","Phoenix, AZ",58.3,13.7,4.05,4.93,High,4.3,Storm,Winter,5,8,3.4,Dry Van,1,1,1670,60,3086.16,1371.906694,4458.066694,1,0,0,0
SH_1979,"Houston, TX","New York, NY",51.3,6.2,4.9,6.32,High,8.9,Rain,Summer,4,8,9.0,Dry Van,0,1,1630,60,3018.76,1263.765823,4282.525823,0,0,0,1
SH_1980,"New York, NY","Atlanta, GA",60.1,17.3,4.47,6.27,Medium,5.6,Rain,Summer,3,8,6.1,Tanker,1,2,858,70,1874.73,611.6842105,2486.414211,0,0,1,0
SH_1981,"Houston, TX","Denver, CO",43.4,14.9,4.03,7.31,High,4.5,Rain,Spring,3,8,8.2,Dry Van,0,1,1010,60,1839.21,556.8125855,2396.022585,0,0,0,1
SH_1982,"Miami, FL","Seattle, WA",50.1,26.1,3.99,5.99,Medium,9.9,Rain,Fall,8,8,1.8,Refrigerated,0,1,3141,60,5817.13,2092.252087,7909.382087,0,0,1,0
SH_1983,"Houston, TX","Atlanta, GA",71.2,28.5,4.14,6.01,High,7.6,Snow,Spring,3,8,1.7,Tanker,1,3,806,80,2162.5,555.2146423,2717.714642,0,0,0,1
SH_1984,"Atlanta, GA","Denver, CO",55.8,17.9,3.06,7.06,High,9.0,Snow,Fall,4,8,7.5,Dry Van,0,1,1392,60,2540.4,603.3314448,3143.731445,0,0,0,1
SH_1985,"Houston, TX","Chicago, IL",61.6,14.9,4.58,5.87,Low,8.1,Fog,Fall,3,8,10.0,Flatbed,0,2,1083,70,2350.11,844.9982964,3195.108296,0,1,0,0
SH_1986,"Atlanta, GA","Houston, TX",61.5,15.6,4.24,5.37,Medium,4.2,Storm,Summer,2,8,5.5,Tanker,0,2,806,70,1728.87,636.3947858,2365.264786,0,0,1,0
SH_1987,"Houston, TX","Dallas, TX",65.2,7.1,3.79,6.07,High,9.0,Fog,Winter,2,8,5.8,Tanker,1,2,259,70,554.26,161.7149918,715.9749918,0,0,0,1
SH_1988,"Denver, CO","Miami, FL",48.2,13.5,3.39,4.6,Low,4.3,Rain,Winter,6,8,0.8,Dry Van,0,1,1984,60,3666.43,1462.121739,5128.551739,0,1,0,0
SH_1989,"Dallas, TX","Chicago, IL",41.9,8.7,4.15,6.96,Low,4.5,Storm,Summer,3,8,9.7,Refrigerated,0,1,925,60,1704.77,551.5445402,2256.31454,0,0,0,1
SH_1990,"Denver, CO","Atlanta, GA",56.8,23.5,3.66,5.97,High,9.5,Storm,Winter,4,8,9.3,Flatbed,0,1,1392,60,2540.4,853.3869347,3393.786935,0,1,0,0
SH_1991,"Miami, FL","Houston, TX",48.1,12.4,3.88,5.26,Medium,6.2,Rain,Spring,4,8,0.3,Refrigerated,1,1,1112,60,2049.42,820.2585551,2869.678555,0,0,0,1
SH_1992,"Seattle, WA","Miami, FL",67.6,18.3,4.16,4.21,Low,5.5,Clear,Summer,6,8,2.3,Refrigerated,0,2,3141,70,6847.38,3103.695962,9951.075962,0,0,1,0
SH_1993,"Denver, CO","Atlanta, GA",67.2,10.0,4.59,5.72,High,10.0,Clear,Spring,4,8,0.8,Flatbed,1,2,1392,70,2992.8,1117.006993,4109.806993,0,0,1,0
SH_1994,"Phoenix, AZ","Chicago, IL",55.3,5.1,4.75,7.51,Low,8.8,Fog,Spring,5,8,3.7,Refrigerated,1,1,1670,60,3086.16,1056.258322,4142.418322,0,0,0,1
SH_1995,"New York, NY","Los Angeles, CA",57.1,8.8,3.49,7.89,Low,4.9,Snow,Winter,7,8,4.8,Flatbed,0,1,2812,60,5258.44,1243.837769,6502.277769,0,0,0,1
SH_1996,"Houston, TX","Denver, CO",63.1,16.0,3.71,7.02,High,5.9,Fog,Fall,3,8,7.6,Refrigerated,0,2,1010,70,2166.45,533.7749288,2700.224929,0,0,0,1
SH_1997,"Chicago, IL","New York, NY",70.0,27.4,4.3,6.9,High,7.3,Fog,Fall,3,8,4.1,Refrigerated,1,2,818,70,1807.78,509.7681159,2317.548116,0,0,0,1
SH_1998,"New York, NY","Denver, CO",54.0,14.1,4.41,4.71,High,6.2,Snow,Spring,6,8,1.6,Tanker,1,1,1872,60,3474.43,1752.764331,5227.194331,0,0,1,0
SH_1999,"Seattle, WA","Miami, FL",70.0,17.9,4.37,4.3,Low,6.7,Fog,Fall,6,8,2.9,Tanker,0,2,3141,70,6847.38,3192.132558,10039.51256,0,0,0,1
SH_2000,"Miami, FL","Los Angeles, CA",50.9,17.7,4.17,4.27,Low,7.9,Storm,Fall,8,8,8.3,Refrigerated,1,1,2686,60,4998.65,2623.096019,7621.746019,0,0,0,1
SH_2001,"Atlanta, GA","New York, NY",46.1,18.8,4.89,6.07,Medium,9.0,Fog,Summer,4,8,5.8,Refrigerated,1,1,858,60,1592.45,691.2059308,2283.655931,0,0,1,0
SH_2002,"Atlanta, GA","Denver, CO",51.6,6.6,4.04,7.27,Medium,5.2,Clear,Spring,5,8,2.0,Flatbed,1,1,1392,60,2540.4,773.5460798,3313.94608,0,0,1,0
SH_2003,"Dallas, TX","Denver, CO",57.9,7.0,4.17,4.13,Medium,4.6,Snow,Fall,3,8,5.9,Flatbed,1,1,762,60,1387.6,769.3801453,2156.980145,0,0,1,0
SH_2004,"Denver, CO","Phoenix, AZ",60.1,26.0,4.44,4.52,Low,7.6,Fog,Summer,2,8,0.4,Dry Van,0,2,673,70,1446.95,661.0884956,2108.038496,0,1,0,0
SH_2005,"Houston, TX","Miami, FL",71.7,26.3,4.65,6.98,Medium,7.8,Rain,Spring,2,8,8.1,Refrigerated,0,3,1112,80,3022.42,740.8022923,3763.222292,0,1,0,0
SH_2006,"Dallas, TX","Denver, CO",51.5,14.4,4.79,4.07,Low,8.2,Rain,Winter,2,8,7.1,Refrigerated,0,1,762,60,1387.6,896.8009828,2284.400983,0,1,0,0
SH_2007,"New York, NY","Seattle, WA",64.1,5.9,4.65,5.14,Medium,6.7,Clear,Summer,6,8,2.7,Tanker,0,2,2762,70,6048.78,2498.696498,8547.476498,1,0,0,0
SH_2008,"Houston, TX","Los Angeles, CA",53.3,20.8,4.63,5.19,Medium,5.3,Rain,Spring,5,8,6.7,Tanker,1,1,1577,60,2892.22,1406.842004,4299.062004,0,1,0,0
SH_2009,"Los Angeles, CA","Seattle, WA",40.6,26.3,4.04,6.49,Low,4.5,Clear,Winter,5,8,9.4,Refrigerated,1,1,1104,60,2034.67,687.2357473,2721.905747,0,1,0,0
SH_2010,"Seattle, WA","Phoenix, AZ",66.7,19.3,4.51,5.09,Low,5.7,Rain,Winter,3,8,8.7,Refrigerated,0,2,1282,70,2762.71,1135.917485,3898.627485,0,0,1,0
SH_2011,"Chicago, IL","New York, NY",51.9,24.9,4.7,6.49,Low,6.1,Storm,Winter,3,8,5.8,Tanker,1,1,818,60,1537.02,592.3882897,2129.40829,1,0,0,0
SH_2012,"Los Angeles, CA","New York, NY",61.7,26.2,3.34,5.47,Low,7.5,Rain,Winter,6,8,6.8,Dry Van,0,2,2812,70,6186.4,1717.016453,7903.416453,1,0,0,0
SH_2013,"Houston, TX","Seattle, WA",52.7,6.6,4.8,4.15,High,9.7,Storm,Winter,6,8,9.4,Tanker,0,1,2173,60,3965.72,2513.349398,6479.069398,0,0,0,1
SH_2014,"Los Angeles, CA","Dallas, TX",41.4,17.2,3.9,5.33,Low,9.7,Rain,Spring,6,8,6.6,Dry Van,1,1,1423,60,2609.78,1041.219512,3650.999512,0,0,1,0
SH_2015,"Phoenix, AZ","Atlanta, GA",65.7,23.2,3.85,7.7,Low,5.0,Clear,Spring,4,8,0.6,Refrigerated,0,2,1827,70,3928.05,913.5,4841.55,0,1,0,0
SH_2016,"Chicago, IL","Denver, CO",61.8,12.9,3.33,4.16,Low,5.0,Snow,Fall,4,8,1.9,Tanker,1,2,1056,70,2296.8,845.3076923,3142.107692,0,1,0,0
SH_2017,"Seattle, WA","New York, NY",61.9,8.5,4.95,5.77,Medium,9.7,Storm,Fall,7,8,1.2,Dry Van,1,2,2762,70,6048.78,2369.480069,8418.260069,0,0,1,0
SH_2018,"Houston, TX","Seattle, WA",72.9,7.0,3.7,7.83,Low,4.5,Storm,Fall,4,8,9.7,Refrigerated,0,3,2173,80,5845.37,1026.832695,6872.202695,0,1,0,0
SH_2019,"Atlanta, GA","Chicago, IL",56.5,9.1,3.4,7.56,Medium,9.5,Snow,Winter,3,8,5.8,Tanker,1,1,677,60,1251.1,304.4708995,1555.570899,0,0,1,0
SH_2020,"Denver, CO","Houston, TX",47.8,12.7,4.4,4.9,Low,7.7,Snow,Fall,3,8,2.9,Refrigerated,0,1,1010,60,1839.21,906.9387755,2746.148776,1,0,0,0
SH_2021,"Atlanta, GA","Denver, CO",64.4,28.4,3.33,6.6,Low,5.5,Fog,Spring,4,8,1.0,Dry Van,1,2,1392,70,2992.8,702.3272727,3695.127273,0,0,1,0
SH_2022,"Atlanta, GA","Los Angeles, CA",67.7,13.9,4.91,7.4,Low,5.8,Fog,Summer,6,8,1.7,Tanker,1,2,2223,70,4812.8,1474.990541,6287.790541,0,0,0,1
SH_2023,"Phoenix, AZ","New York, NY",61.7,11.2,4.75,4.42,Low,4.2,Fog,Spring,5,8,8.5,Tanker,0,2,2461,70,5377.29,2644.739819,8022.029819,0,1,0,0
SH_2024,"Atlanta, GA","Los Angeles, CA",73.5,13.4,3.43,6.25,Low,7.2,Snow,Summer,5,8,3.5,Flatbed,1,3,2223,80,6026.55,1219.9824,7246.5324,0,0,0,1
SH_2025,"Phoenix, AZ","Denver, CO",41.2,21.6,4.05,7.28,Medium,5.8,Clear,Summer,4,8,8.0,Dry Van,1,1,673,60,1228.23,374.4024725,1602.632473,1,0,0,0
SH_2026,"Dallas, TX","Phoenix, AZ",44.1,12.3,4.94,5.28,Medium,4.6,Snow,Spring,3,8,7.3,Dry Van,0,1,1017,60,1851.96,951.5113636,2803.471364,0,0,1,0
SH_2027,"Dallas, TX","Chicago, IL",50.4,16.7,3.04,7.16,High,5.9,Storm,Summer,3,8,6.1,Flatbed,0,1,925,60,1704.77,392.7374302,2097.50743,1,0,0,0
SH_2028,"Seattle, WA","Atlanta, GA",59.1,25.9,3.61,7.33,High,8.7,Snow,Winter,7,8,2.4,Tanker,1,1,2505,60,4584.15,1233.703956,5817.853956,1,0,0,0
SH_2029,"Miami, FL","Phoenix, AZ",65.1,27.0,4.28,5.52,High,5.1,Snow,Summer,5,8,0.8,Dry Van,0,2,2276,70,4950.3,1764.724638,6715.024638,0,1,0,0
SH_2030,"Seattle, WA","Chicago, IL",60.0,27.9,4.05,4.55,Medium,7.4,Fog,Winter,5,8,5.1,Flatbed,0,1,1993,60,3691.04,1773.989011,5465.029011,0,1,0,0
SH_2031,"Denver, CO","Miami, FL",56.4,28.3,4.44,4.31,High,5.3,Fog,Summer,5,8,8.9,Refrigerated,0,1,1984,60,3666.43,2043.842227,5710.272227,1,0,0,0
SH_2032,"Atlanta, GA","Chicago, IL",68.4,19.0,4.09,7.83,Medium,8.5,Snow,Fall,2,8,3.5,Refrigerated,0,2,677,70,1472.47,353.6309068,1826.100907,0,1,0,0
SH_2033,"Dallas, TX","Houston, TX",61.5,13.0,4.14,4.95,Low,4.9,Rain,Fall,2,8,3.0,Refrigerated,1,2,259,70,554.26,216.6181818,770.8781818,0,0,1,0
SH_2034,"Los Angeles, CA","Denver, CO",42.3,28.6,4.24,6.92,High,8.1,Snow,Spring,3,8,2.6,Flatbed,0,1,954,60,1754.41,584.5317919,2338.941792,0,1,0,0
SH_2035,"Los Angeles, CA","Dallas, TX",73.6,7.2,4.37,7.85,High,5.8,Fog,Winter,4,8,9.3,Refrigerated,1,3,1423,80,3847.79,792.166879,4639.956879,0,0,1,0
SH_2036,"Los Angeles, CA","Phoenix, AZ",48.1,13.4,3.07,7.33,Low,9.1,Fog,Summer,3,8,7.5,Dry Van,1,1,410,60,753.99,171.7189632,925.7089632,0,0,0,1
SH_2037,"Houston, TX","Seattle, WA",71.9,23.3,4.66,6.98,High,7.8,Snow,Summer,5,8,5.6,Refrigerated,1,3,2173,80,5845.37,1450.74212,7296.11212,0,0,0,1
SH_2038,"New York, NY","Atlanta, GA",48.8,8.9,3.56,4.01,Low,4.7,Fog,Fall,4,8,2.2,Dry Van,1,1,858,60,1592.45,761.7157107,2354.165711,1,0,0,0
SH_2039,"Seattle, WA","Houston, TX",45.9,24.7,4.41,5.29,High,6.0,Fog,Winter,7,8,8.5,Dry Van,1,1,2173,60,3965.72,1811.517958,5777.237958,0,0,1,0
SH_2040,"Chicago, IL","Los Angeles, CA",42.1,14.4,3.41,7.76,Low,8.2,Rain,Spring,6,8,2.9,Tanker,0,1,2004,60,3729.44,880.6237113,4610.063711,0,0,1,0
SH_2041,"Chicago, IL","Seattle, WA",69.1,27.7,3.22,5.76,Medium,9.6,Fog,Fall,5,8,2.3,Tanker,1,2,1993,70,4344.74,1114.142361,5458.882361,0,0,0,1
SH_2042,"Houston, TX","Chicago, IL",45.2,17.6,3.91,7.99,Low,7.7,Storm,Fall,4,8,3.3,Flatbed,1,1,1083,60,1995.97,529.9787234,2525.948723,1,0,0,0
SH_2043,"Dallas, TX","Denver, CO",61.5,22.4,3.59,6.19,Medium,7.8,Rain,Fall,2,8,9.2,Tanker,0,2,762,70,1634.49,441.9353796,2076.42538,0,0,1,0
SH_2044,"Miami, FL","New York, NY",74.0,21.7,4.94,7.33,Medium,5.6,Rain,Fall,4,8,0.0,Tanker,1,3,1256,80,3484.14,846.4720327,4330.612033,0,0,0,1
SH_2045,"New York, NY","Atlanta, GA",40.1,23.0,3.85,5.25,Medium,8.6,Rain,Summer,3,8,2.0,Refrigerated,0,1,858,60,1592.45,629.2,2221.65,1,0,0,0
SH_2046,"Miami, FL","Los Angeles, CA",47.8,5.0,4.87,5.22,Medium,5.2,Storm,Fall,8,8,3.3,Flatbed,0,1,2686,60,4998.65,2505.904215,7504.554215,0,0,1,0
SH_2047,"Chicago, IL","New York, NY",42.4,6.3,3.59,5.18,Low,4.7,Rain,Fall,3,8,5.3,Tanker,0,1,818,60,1537.02,566.9150579,2103.935058,0,1,0,0
SH_2048,"Los Angeles, CA","Dallas, TX",67.7,19.2,4.45,5.67,Medium,6.3,Rain,Winter,4,8,5.2,Refrigerated,1,2,1423,70,3073.68,1116.816578,4190.496578,0,1,0,0
SH_2049,"Miami, FL","New York, NY",56.4,23.5,4.67,7.0,High,4.9,Clear,Winter,4,8,6.9,Refrigerated,1,1,1256,60,2360.02,837.9314286,3197.951429,0,0,1,0
SH_2050,"Miami, FL","Chicago, IL",44.6,26.6,4.23,5.42,High,4.2,Clear,Winter,4,8,9.2,Flatbed,0,1,1370,60,2561.9,1069.206642,3631.106642,0,0,1,0
SH_2051,"Los Angeles, CA","Denver, CO",74.0,8.4,4.14,7.19,Low,7.2,Snow,Summer,3,8,5.8,Flatbed,1,3,954,80,2586.29,549.3129346,3135.602935,0,1,0,0
SH_2052,"Los Angeles, CA","Chicago, IL",65.5,24.0,4.54,6.65,High,5.3,Snow,Spring,5,8,7.8,Flatbed,1,2,2004,70,4388.76,1368.144361,5756.904361,0,0,1,0
SH_2053,"New York, NY","Atlanta, GA",42.8,18.4,3.63,4.9,Medium,7.0,Clear,Fall,3,8,0.1,Dry Van,0,1,858,60,1592.45,635.6204082,2228.070408,1,0,0,0
SH_2054,"Phoenix, AZ","New York, NY",68.7,29.1,3.36,6.38,High,6.6,Snow,Summer,6,8,5.7,Tanker,1,2,2461,70,5377.29,1296.075235,6673.365235,0,0,1,0
SH_2055,"Atlanta, GA","Houston, TX",40.8,29.2,4.62,7.0,Medium,8.6,Rain,Spring,3,8,7.5,Tanker,0,1,806,60,1467.73,531.96,1999.69,0,0,1,0
SH_2056,"Los Angeles, CA","Dallas, TX",71.5,9.4,3.58,6.21,Low,5.9,Storm,Winter,3,8,4.9,Refrigerated,0,3,1423,80,3847.79,820.3446055,4668.134605,1,0,0,0
SH_2057,"Phoenix, AZ","Los Angeles, CA",58.3,14.1,3.5,5.63,High,7.1,Clear,Summer,2,8,7.2,Dry Van,1,1,410,60,753.99,254.8845471,1008.874547,0,0,1,0
SH_2058,"New York, NY","Atlanta, GA",55.3,7.7,3.53,5.04,Medium,6.9,Fog,Fall,3,8,5.0,Flatbed,1,1,858,60,1592.45,600.9404762,2193.390476,0,0,0,1
SH_2059,"Atlanta, GA","Phoenix, AZ",50.4,20.4,3.48,5.87,Low,5.2,Snow,Spring,5,8,2.7,Tanker,0,1,1827,60,3334.28,1083.127768,4417.407768,0,0,0,1
SH_2060,"Miami, FL","Chicago, IL",68.5,8.2,3.74,5.91,Low,6.6,Snow,Fall,4,8,8.0,Refrigerated,1,2,1370,70,3014.0,866.9712352,3880.971235,0,1,0,0
SH_2061,"Phoenix, AZ","Denver, CO",49.9,19.6,4.19,7.11,Medium,7.0,Fog,Spring,3,8,5.4,Dry Van,1,1,673,60,1228.23,396.6061885,1624.836188,1,0,0,0
SH_2063,"Miami, FL","Los Angeles, CA",73.1,21.6,3.96,5.41,Low,6.9,Rain,Fall,5,8,1.7,Dry Van,0,3,2686,80,7375.76,1966.092421,9341.852421,0,1,0,0
SH_2064,"Los Angeles, CA","Denver, CO",47.0,29.7,3.01,5.05,Low,5.2,Snow,Summer,4,8,6.9,Dry Van,1,1,954,60,1754.41,568.6217822,2323.031782,1,0,0,0
SH_2065,"Dallas, TX","Chicago, IL",49.0,16.1,4.32,5.76,High,8.2,Rain,Spring,4,8,1.1,Refrigerated,1,1,925,60,1704.77,693.75,2398.52,0,1,0,0
SH_2066,"Seattle, WA","Houston, TX",65.2,21.4,3.31,5.07,Medium,6.4,Storm,Spring,5,8,6.3,Tanker,0,2,2173,70,4671.95,1418.664694,6090.614694,0,0,1,0
SH_2067,"Phoenix, AZ","Seattle, WA",41.5,23.6,3.97,5.27,High,4.8,Fog,Winter,5,8,0.4,Dry Van,1,1,1282,60,2346.06,965.7571157,3311.817116,1,0,0,0
SH_2068,"Dallas, TX","Denver, CO",41.1,23.3,3.5,5.47,High,8.9,Clear,Fall,4,8,8.4,Tanker,1,1,762,60,1387.6,487.5685558,1875.168556,0,0,1,0
SH_2069,"New York, NY","Atlanta, GA",52.0,7.9,3.18,5.34,High,4.8,Rain,Fall,4,8,0.5,Dry Van,1,1,858,60,1592.45,510.9438202,2103.39382,1,0,0,0
SH_2070,"Dallas, TX","Atlanta, GA",45.1,23.9,3.44,7.19,High,5.1,Snow,Fall,3,8,3.3,Dry Van,0,1,828,60,1507.79,396.1502086,1903.940209,0,1,0,0
SH_2071,"Seattle, WA","Atlanta, GA",41.4,17.4,3.3,5.95,Low,4.8,Fog,Spring,8,8,1.1,Tanker,0,1,2505,60,4584.15,1389.327731,5973.477731,0,0,0,1
SH_2072,"Denver, CO","Dallas, TX",60.8,29.4,3.9,6.75,Medium,7.2,Storm,Fall,3,8,1.4,Flatbed,1,2,762,70,1634.49,440.2666667,2074.756667,0,0,0,1
SH_2073,"New York, NY","Dallas, TX",54.4,20.4,4.06,5.52,High,6.3,Rain,Summer,4,8,1.4,Flatbed,0,1,1576,60,2918.75,1159.15942,4077.90942,0,0,1,0
SH_2074,"Denver, CO","Seattle, WA",55.6,29.6,3.7,6.58,Medium,4.8,Rain,Spring,4,8,9.8,Flatbed,1,1,1172,60,2144.76,659.0273556,2803.787356,0,0,0,1
SH_2075,"Chicago, IL","Miami, FL",40.8,8.7,3.05,7.96,Low,5.7,Fog,Winter,5,8,10.0,Flatbed,0,1,1370,60,2561.9,524.9371859,3086.837186,1,0,0,0
SH_2076,"Houston, TX","Los Angeles, CA",41.2,7.0,3.96,5.62,Medium,7.6,Snow,Fall,6,8,4.9,Refrigerated,1,1,1577,60,2892.22,1111.19573,4003.41573,0,0,0,1
SH_2077,"Atlanta, GA","Los Angeles, CA",68.8,17.0,3.96,5.27,Low,8.7,Snow,Summer,5,8,3.2,Flatbed,0,2,2223,70,4812.8,1670.413662,6483.213662,0,0,1,0
SH_2078,"Los Angeles, CA","Chicago, IL",74.4,8.9,4.08,4.4,Low,5.9,Clear,Summer,4,8,2.0,Refrigerated,0,3,2004,80,5502.98,1858.254545,7361.234545,1,0,0,0
SH_2079,"Phoenix, AZ","Miami, FL",50.4,21.1,4.0,5.44,High,4.8,Storm,Fall,7,8,6.1,Flatbed,1,1,2276,60,4206.05,1673.529412,5879.579412,0,0,1,0
SH_2080,"New York, NY","Houston, TX",40.7,29.6,3.73,7.11,Medium,6.0,Clear,Summer,7,8,0.2,Refrigerated,1,1,1630,60,3018.76,855.1195499,3873.87955,0,0,0,1
SH_2081,"Atlanta, GA","Seattle, WA",71.1,22.3,3.29,6.36,High,9.4,Clear,Winter,5,8,1.5,Flatbed,0,3,2505,80,6755.98,1295.825472,8051.805472,0,0,0,1
SH_2082,"Los Angeles, CA","Miami, FL",50.6,16.4,4.05,7.4,High,9.6,Storm,Spring,8,8,0.1,Tanker,1,1,2686,60,4998.65,1470.040541,6468.690541,0,1,0,0
SH_2083,"Dallas, TX","Miami, FL",41.9,11.6,4.03,5.92,Medium,7.6,Clear,Fall,4,8,8.2,Refrigerated,0,1,1277,60,2353.51,869.3091216,3222.819122,0,0,0,1
SH_2084,"Atlanta, GA","Phoenix, AZ",69.7,25.3,3.37,6.38,High,7.5,Clear,Spring,5,8,8.5,Tanker,1,2,1827,70,3928.05,965.0454545,4893.095455,0,0,0,1
SH_2085,"Denver, CO","Miami, FL",54.0,6.9,4.09,6.68,Medium,9.6,Rain,Winter,6,8,5.4,Flatbed,1,1,1984,60,3666.43,1214.754491,4881.184491,1,0,0,0
SH_2086,"Atlanta, GA","Dallas, TX",56.7,19.0,4.19,5.64,Medium,9.0,Clear,Summer,3,8,9.0,Dry Van,1,1,828,60,1507.79,615.1276596,2122.91766,0,0,1,0
SH_2087,"Dallas, TX","Miami, FL",57.8,21.1,3.79,5.87,Low,9.4,Rain,Winter,3,8,4.9,Flatbed,0,1,1277,60,2353.51,824.5025554,3178.012555,0,0,1,0
SH_2088,"Phoenix, AZ","New York, NY",73.3,12.4,3.49,6.41,High,4.8,Snow,Winter,6,8,0.9,Flatbed,1,3,2461,80,6740.68,1339.920437,8080.600437,0,1,0,0
SH_2089,"Atlanta, GA","Houston, TX",61.7,6.8,3.41,5.34,Medium,6.2,Snow,Winter,2,8,3.9,Flatbed,0,2,806,70,1728.87,514.6928839,2243.562884,0,1,0,0
SH_2090,"Houston, TX","Los Angeles, CA",72.2,11.3,3.71,4.62,Medium,8.1,Fog,Spring,4,8,6.4,Dry Van,1,3,1577,80,4264.21,1266.378788,5530.588788,0,0,1,0
SH_2091,"Denver, CO","Chicago, IL",59.4,7.2,4.46,6.41,Medium,8.0,Clear,Fall,4,8,7.8,Dry Van,1,1,1056,60,1951.49,734.7519501,2686.24195,0,1,0,0
SH_2092,"Denver, CO","Dallas, TX",72.5,29.7,4.16,4.44,Medium,6.8,Snow,Spring,2,8,1.0,Flatbed,0,3,762,80,2044.45,713.9459459,2758.395946,0,1,0,0
SH_2093,"Seattle, WA","Chicago, IL",73.9,19.2,3.47,7.37,Low,9.1,Clear,Summer,5,8,8.7,Dry Van,1,3,1993,80,5444.88,938.3595658,6383.239566,1,0,0,0
SH_2094,"Chicago, IL","Los Angeles, CA",72.6,28.7,4.74,5.0,Low,9.1,Storm,Winter,4,8,7.8,Refrigerated,0,3,2004,80,5502.98,1899.792,7402.772,1,0,0,0
SH_2095,"Houston, TX","New York, NY",46.4,7.9,4.68,7.11,High,6.0,Clear,Summer,5,8,1.2,Dry Van,0,1,1630,60,3018.76,1072.911392,4091.671392,0,0,1,0
SH_2096,"Denver, CO","Dallas, TX",40.7,14.8,3.15,5.9,Medium,6.5,Clear,Summer,3,8,3.7,Dry Van,0,1,762,60,1387.6,406.8305085,1794.430508,0,1,0,0
SH_2097,"Los Angeles, CA","Chicago, IL",57.3,5.5,4.22,7.32,High,5.4,Clear,Winter,5,8,8.2,Tanker,0,1,2004,60,3729.44,1155.311475,4884.751475,0,1,0,0
SH_2098,"Phoenix, AZ","Miami, FL",72.6,28.2,3.4,5.06,High,8.2,Clear,Summer,4,8,4.4,Refrigerated,0,3,2276,80,6202.1,1529.328063,7731.428063,1,0,0,0
SH_2099,"Chicago, IL","Miami, FL",56.1,20.2,3.66,6.04,Low,4.8,Storm,Winter,5,8,0.9,Flatbed,1,1,1370,60,2561.9,830.1655629,3392.065563,0,0,1,0
SH_2100,"Atlanta, GA","Los Angeles, CA",70.0,10.1,4.15,4.6,High,5.6,Storm,Spring,4,8,1.4,Tanker,0,2,2223,70,4812.8,2005.532609,6818.332609,0,1,0,0
SH_2101,"Seattle, WA","Houston, TX",70.7,5.3,3.12,7.22,High,5.7,Rain,Fall,4,8,1.5,Refrigerated,0,3,2173,80,5845.37,939.0249307,6784.394931,0,1,0,0
SH_2102,"Denver, CO","Atlanta, GA",60.0,29.7,3.15,5.6,High,4.3,Fog,Spring,4,8,4.5,Dry Van,1,1,1392,60,2540.4,783.0,3323.4,1,0,0,0
SH_2103,"Los Angeles, CA","Denver, CO",74.7,21.3,3.25,6.02,Medium,7.2,Storm,Summer,2,8,6.8,Dry Van,0,3,954,80,2586.29,515.0332226,3101.323223,0,0,1,0
SH_2104,"New York, NY","Chicago, IL",68.4,21.2,4.75,5.52,Medium,7.5,Snow,Fall,2,8,6.3,Flatbed,0,2,818,70,1807.78,703.8949275,2511.674928,1,0,0,0
SH_2105,"Denver, CO","Atlanta, GA",57.7,24.3,4.41,4.48,Medium,7.5,Rain,Spring,4,8,1.6,Flatbed,0,1,1392,60,2540.4,1370.25,3910.65,0,1,0,0
SH_2106,"Los Angeles, CA","Dallas, TX",64.6,24.4,3.56,5.15,Low,9.4,Clear,Winter,3,8,5.7,Tanker,0,2,1423,70,3073.68,983.6660194,4057.346019,1,0,0,0
SH_2107,"Atlanta, GA","Houston, TX",73.4,21.4,3.93,4.61,High,7.1,Clear,Spring,2,8,4.0,Flatbed,0,3,806,80,2162.5,687.1106291,2849.610629,1,0,0,0
SH_2108,"Denver, CO","Chicago, IL",52.0,8.8,4.16,6.41,Low,5.2,Fog,Spring,3,8,9.9,Refrigerated,0,1,1056,60,1951.49,685.3291732,2636.819173,0,1,0,0
SH_2109,"Miami, FL","New York, NY",69.3,16.8,3.87,5.18,Medium,8.6,Storm,Summer,3,8,1.0,Tanker,0,2,1256,70,2775.76,938.3629344,3714.122934,1,0,0,0
SH_2110,"Los Angeles, CA","Atlanta, GA",67.7,15.9,3.26,5.36,Medium,7.1,Rain,Spring,6,8,6.4,Tanker,1,2,2223,70,4812.8,1352.048507,6164.848507,0,1,0,0
SH_2111,"Houston, TX","Denver, CO",45.6,15.3,3.15,7.02,Medium,6.4,Clear,Fall,3,8,6.8,Tanker,0,1,1010,60,1839.21,453.2051282,2292.415128,1,0,0,0
SH_2112,"Dallas, TX","New York, NY",51.7,12.6,3.82,4.09,Medium,8.0,Storm,Summer,5,8,0.5,Refrigerated,1,1,1576,60,2918.75,1471.96088,4390.71088,1,0,0,0
SH_2113,"Chicago, IL","Houston, TX",49.2,8.2,3.74,6.95,Medium,5.8,Snow,Spring,3,8,4.2,Tanker,0,1,1083,60,1995.97,582.7942446,2578.764245,1,0,0,0
SH_2114,"Phoenix, AZ","Seattle, WA",51.6,23.1,4.22,4.48,High,5.0,Fog,Summer,4,8,8.1,Dry Van,0,1,1282,60,2346.06,1207.598214,3553.658214,0,1,0,0
SH_2115,"Phoenix, AZ","Atlanta, GA",60.8,9.3,3.62,4.08,Medium,8.6,Fog,Fall,4,8,8.3,Dry Van,0,2,1827,70,3928.05,1621.014706,5549.064706,0,0,1,0
SH_2116,"Phoenix, AZ","Atlanta, GA",46.5,29.3,4.43,7.34,Low,4.1,Clear,Spring,6,8,7.4,Tanker,1,1,1827,60,3334.28,1102.671662,4436.951662,0,0,1,0
SH_2117,"Atlanta, GA","Seattle, WA",59.9,15.7,3.04,4.94,High,5.7,Rain,Winter,7,8,6.3,Dry Van,1,1,2505,60,4584.15,1541.538462,6125.688462,0,1,0,0
SH_2118,"Seattle, WA","Houston, TX",49.7,27.5,3.93,5.57,Low,8.3,Snow,Summer,6,8,0.3,Tanker,0,1,2173,60,3965.72,1533.193896,5498.913896,0,1,0,0
SH_2119,"Chicago, IL","New York, NY",61.4,13.0,4.54,7.89,Medium,9.7,Snow,Spring,3,8,2.3,Refrigerated,1,2,818,70,1807.78,470.6869455,2278.466946,1,0,0,0
SH_2120,"Seattle, WA","Dallas, TX",56.1,10.2,4.41,5.14,Low,5.6,Snow,Fall,5,8,9.7,Dry Van,0,1,1932,60,3525.9,1657.610895,5183.510895,0,1,0,0
SH_2121,"Phoenix, AZ","Atlanta, GA",51.6,5.7,3.9,6.61,Low,8.9,Snow,Fall,6,8,5.1,Dry Van,1,1,1827,60,3334.28,1077.95764,4412.23764,0,0,1,0
SH_2122,"New York, NY","Atlanta, GA",59.3,11.9,4.59,4.69,Medium,9.4,Storm,Summer,3,8,3.7,Flatbed,1,1,858,60,1592.45,839.7057569,2432.155757,0,0,0,1
SH_2123,"Phoenix, AZ","Atlanta, GA",66.0,16.4,3.06,7.68,Medium,6.6,Clear,Summer,5,8,4.3,Dry Van,1,2,1827,70,3928.05,727.9453125,4655.995313,0,1,0,0
SH_2124,"Atlanta, GA","Seattle, WA",65.0,26.5,3.02,7.87,Medium,6.0,Rain,Fall,5,8,0.5,Flatbed,0,2,2505,70,5398.28,961.2579416,6359.537942,1,0,0,0
SH_2125,"Chicago, IL","Los Angeles, CA",61.9,27.0,4.26,4.91,Medium,6.8,Clear,Spring,6,8,9.2,Tanker,1,2,2004,70,4388.76,1738.704684,6127.464684,0,0,1,0
SH_2126,"Seattle, WA","Chicago, IL",58.9,9.0,3.99,4.36,High,9.7,Storm,Fall,5,8,8.5,Refrigerated,0,1,1993,60,3691.04,1823.869266,5514.909266,0,1,0,0
SH_2127,"Atlanta, GA","New York, NY",46.4,22.4,4.77,6.3,Low,7.8,Clear,Summer,4,8,0.4,Flatbed,1,1,858,60,1592.45,649.6285714,2242.078571,1,0,0,0
SH_2128,"Chicago, IL","Houston, TX",73.4,12.0,4.46,6.31,High,5.4,Fog,Spring,3,8,4.9,Flatbed,1,3,1083,80,2943.59,765.4801902,3709.07019,0,1,0,0
SH_2129,"Atlanta, GA","Chicago, IL",50.2,25.2,3.96,6.62,Medium,5.1,Storm,Spring,3,8,5.3,Flatbed,1,1,677,60,1251.1,404.9728097,1656.07281,0,0,0,1
SH_2130,"Houston, TX","Seattle, WA",66.9,13.9,4.39,7.77,High,7.8,Clear,Fall,6,8,6.8,Refrigerated,1,2,2173,70,4671.95,1227.731017,5899.681017,1,0,0,0
SH_2131,"Miami, FL","Chicago, IL",70.5,17.9,3.77,4.23,High,6.3,Storm,Spring,3,8,0.9,Dry Van,0,3,1370,80,3781.2,1221.016548,5002.216548,0,0,0,1
SH_2132,"Denver, CO","Miami, FL",53.9,27.7,4.91,4.48,Medium,4.7,Storm,Spring,5,8,3.0,Flatbed,0,1,1984,60,3666.43,2174.428571,5840.858571,0,0,0,1
SH_2133,"New York, NY","Dallas, TX",41.2,11.9,4.39,5.7,Medium,7.1,Rain,Spring,5,8,0.7,Refrigerated,0,1,1576,60,2918.75,1213.796491,4132.546491,1,0,0,0
SH_2134,"Dallas, TX","Los Angeles, CA",67.1,11.6,3.65,5.24,Low,7.9,Rain,Spring,4,8,1.3,Dry Van,1,2,1423,70,3073.68,991.2118321,4064.891832,1,0,0,0
SH_2135,"Dallas, TX","Phoenix, AZ",53.3,18.2,3.06,4.23,High,8.1,Rain,Winter,3,8,7.1,Flatbed,0,1,1017,60,1851.96,735.7021277,2587.662128,0,1,0,0
SH_2136,"Miami, FL","Houston, TX",43.7,22.3,3.36,4.39,Medium,8.5,Rain,Winter,5,8,7.2,Refrigerated,1,1,1112,60,2049.42,851.0979499,2900.51795,0,1,0,0
SH_2137,"Denver, CO","Dallas, TX",74.7,8.4,4.93,6.4,Medium,8.9,Clear,Spring,2,8,5.7,Tanker,0,3,762,80,2044.45,586.978125,2631.428125,1,0,0,0
SH_2138,"Chicago, IL","Los Angeles, CA",51.2,28.1,3.23,5.27,Low,4.2,Rain,Fall,6,8,4.3,Flatbed,1,1,2004,60,3729.44,1228.258065,4957.698065,0,1,0,0
SH_2139,"Atlanta, GA","Los Angeles, CA",58.9,24.9,4.68,5.6,High,6.6,Storm,Summer,5,8,0.5,Tanker,0,1,2223,60,4088.1,1857.792857,5945.892857,0,0,1,0
SH_2141,"New York, NY","Phoenix, AZ",56.2,8.7,4.45,4.75,Medium,8.4,Snow,Spring,6,8,4.5,Flatbed,0,1,2461,60,4567.62,2305.568421,6873.188421,1,0,0,0
SH_2142,"Denver, CO","Houston, TX",64.8,5.8,3.59,7.48,High,4.1,Fog,Winter,2,8,7.0,Flatbed,0,2,1010,70,2166.45,484.7459893,2651.195989,0,1,0,0
SH_2143,"Dallas, TX","Atlanta, GA",48.3,9.7,4.22,6.38,High,7.1,Storm,Winter,4,8,9.3,Tanker,1,1,828,60,1507.79,547.6739812,2055.463981,1,0,0,0
SH_2144,"New York, NY","Los Angeles, CA",73.9,13.9,3.28,5.59,High,7.0,Rain,Spring,5,8,7.5,Refrigerated,0,3,2812,80,7761.12,1649.974955,9411.094955,0,1,0,0
SH_2145,"Dallas, TX","Seattle, WA",70.7,18.1,4.78,5.32,High,4.4,Clear,Spring,5,8,2.5,Flatbed,1,3,1932,80,5197.08,1735.894737,6932.974737,0,0,1,0
SH_2146,"Seattle, WA","New York, NY",74.2,21.9,4.86,7.34,Medium,7.5,Snow,Summer,5,8,2.6,Refrigerated,0,3,2762,80,7584.45,1828.790191,9413.240191,0,1,0,0
SH_2147,"Dallas, TX","Denver, CO",60.7,5.9,3.97,7.44,Low,7.0,Rain,Spring,2,8,7.9,Flatbed,0,2,762,70,1634.49,406.6048387,2041.094839,0,0,1,0
SH_2148,"New York, NY","Phoenix, AZ",73.5,29.8,4.83,4.34,Medium,6.0,Storm,Winter,6,8,8.0,Dry Van,1,3,2461,80,6740.68,2738.854839,9479.534839,1,0,0,0
SH_2149,"Los Angeles, CA","Houston, TX",60.0,17.0,3.21,7.36,Low,8.5,Clear,Winter,4,8,4.3,Flatbed,0,1,1577,60,2892.22,687.794837,3580.014837,0,1,0,0
SH_2150,"Dallas, TX","Chicago, IL",55.5,7.1,4.78,7.48,Low,10.0,Storm,Winter,3,8,7.5,Flatbed,0,1,925,60,1704.77,591.1096257,2295.879626,0,0,0,1
SH_2151,"Phoenix, AZ","Chicago, IL",63.4,21.2,4.8,7.32,High,9.6,Snow,Winter,4,8,8.7,Flatbed,0,2,1670,70,3632.25,1095.081967,4727.331967,0,0,1,0
SH_2152,"Miami, FL","New York, NY",69.6,20.2,3.76,4.23,High,8.1,Clear,Summer,4,8,4.7,Dry Van,1,2,1256,70,2775.76,1116.444444,3892.204444,1,0,0,0
SH_2153,"Los Angeles, CA","Chicago, IL",71.9,25.6,3.9,5.55,Low,5.4,Storm,Fall,5,8,8.0,Dry Van,1,3,2004,80,5502.98,1408.216216,6911.196216,0,0,0,1
SH_2154,"Seattle, WA","Chicago, IL",53.6,26.1,4.98,7.94,Low,6.6,Snow,Winter,6,8,3.0,Dry Van,1,1,1993,60,3691.04,1250.017632,4941.057632,0,1,0,0
SH_2155,"Phoenix, AZ","Dallas, TX",57.2,10.0,4.42,6.15,Medium,9.4,Fog,Winter,3,8,3.2,Flatbed,0,1,1017,60,1851.96,730.9170732,2582.877073,0,1,0,0
SH_2156,"Dallas, TX","Houston, TX",66.3,9.8,3.06,7.41,Medium,4.8,Snow,Summer,2,8,1.0,Flatbed,1,2,259,70,554.26,106.9554656,661.2154656,0,0,0,1
SH_2157,"Seattle, WA","Houston, TX",72.0,23.1,4.63,7.49,Low,9.8,Fog,Fall,4,8,6.1,Flatbed,0,3,2173,80,5845.37,1343.256342,7188.626342,0,0,1,0
SH_2158,"Denver, CO","Los Angeles, CA",46.4,22.2,4.99,5.87,High,8.3,Rain,Summer,3,8,4.3,Dry Van,0,1,954,60,1754.41,810.9812606,2565.391261,0,0,0,1
SH_2159,"Miami, FL","Houston, TX",57.7,14.2,4.5,7.5,High,9.3,Fog,Winter,4,8,9.0,Flatbed,1,1,1112,60,2049.42,667.2,2716.62,0,0,0,1
SH_2160,"Dallas, TX","Denver, CO",50.8,23.2,3.61,4.21,Low,6.2,Fog,Fall,2,8,3.3,Dry Van,0,1,762,60,1387.6,653.4014252,2041.001425,0,0,0,1
SH_2161,"New York, NY","Seattle, WA",63.1,23.3,4.79,5.73,Low,5.0,Clear,Winter,6,8,1.1,Dry Van,0,2,2762,70,6048.78,2308.897033,8357.677033,1,0,0,0
SH_2162,"Chicago, IL","Denver, CO",70.8,22.5,3.84,7.01,High,8.4,Clear,Winter,3,8,6.8,Dry Van,1,3,1056,80,2877.6,578.4650499,3456.06505,0,0,0,1
SH_2163,"Los Angeles, CA","Seattle, WA",73.7,29.2,3.76,6.36,Medium,4.8,Rain,Spring,2,8,4.3,Tanker,0,3,1104,80,3000.67,652.6792453,3653.349245,1,0,0,0
SH_2164,"Seattle, WA","Chicago, IL",59.9,15.7,4.64,7.18,Medium,8.4,Rain,Spring,5,8,8.8,Flatbed,0,1,1993,60,3691.04,1287.955432,4978.995432,1,0,0,0
SH_2165,"Denver, CO","Houston, TX",41.3,10.2,3.57,4.45,Low,4.4,Storm,Summer,5,8,1.6,Tanker,1,1,1010,60,1839.21,810.2696629,2649.479663,0,1,0,0
SH_2166,"Los Angeles, CA","Dallas, TX",52.9,21.8,3.45,4.96,Medium,7.4,Rain,Summer,4,8,7.6,Tanker,0,1,1423,60,2609.78,989.7883065,3599.568306,0,0,1,0
SH_2167,"Chicago, IL","Houston, TX",55.7,27.3,4.25,7.96,Low,8.9,Fog,Winter,4,8,3.2,Tanker,1,1,1083,60,1995.97,578.2349246,2574.204925,1,0,0,0
SH_2168,"Denver, CO","Los Angeles, CA",65.3,18.8,4.57,5.13,Medium,5.1,Snow,Winter,3,8,2.3,Refrigerated,1,2,954,70,2065.41,849.8596491,2915.269649,1,0,0,0
SH_2169,"Atlanta, GA","Miami, FL",40.7,10.7,3.05,5.38,High,4.9,Rain,Summer,3,8,3.8,Refrigerated,0,1,697,60,1288.06,395.1394052,1683.199405,0,0,1,0
SH_2170,"Chicago, IL","Phoenix, AZ",54.0,10.2,4.36,5.46,Medium,4.9,Fog,Summer,4,8,1.9,Dry Van,0,1,1670,60,3086.16,1333.553114,4419.713114,0,0,1,0
SH_2171,"Atlanta, GA","Chicago, IL",65.9,13.0,3.21,6.87,Low,5.8,Storm,Spring,3,8,1.5,Dry Van,1,2,677,70,1472.47,316.3275109,1788.797511,0,0,0,1
SH_2172,"Los Angeles, CA","Phoenix, AZ",60.7,14.0,3.04,4.39,High,5.7,Clear,Summer,2,8,1.0,Flatbed,1,2,410,70,887.65,283.9179954,1171.567995,0,1,0,0
SH_2173,"Dallas, TX","Houston, TX",44.2,10.3,3.34,4.27,Low,8.0,Rain,Spring,1,8,6.8,Dry Van,0,1,259,60,470.34,202.5901639,672.9301639,0,0,1,0
SH_2174,"Seattle, WA","Houston, TX",56.8,15.7,4.44,6.24,Medium,10.0,Clear,Fall,5,8,1.8,Refrigerated,0,1,2173,60,3965.72,1546.173077,5511.893077,0,0,0,1
SH_2175,"Chicago, IL","New York, NY",48.2,19.0,3.25,7.8,High,9.2,Storm,Fall,3,8,1.7,Tanker,0,1,818,60,1537.02,340.8333333,1877.853333,0,1,0,0
SH_2176,"Seattle, WA","Dallas, TX",67.1,10.5,3.12,6.18,Low,8.1,Rain,Winter,5,8,9.5,Refrigerated,1,2,1932,70,4153.8,975.3786408,5129.178641,0,0,1,0
SH_2177,"Atlanta, GA","Los Angeles, CA",57.9,6.4,3.41,4.36,High,6.4,Snow,Spring,6,8,5.8,Flatbed,1,1,2223,60,4088.1,1738.630734,5826.730734,0,0,0,1
SH_2178,"Dallas, TX","Chicago, IL",41.4,18.8,3.27,5.37,High,7.1,Storm,Fall,4,8,0.8,Dry Van,1,1,925,60,1704.77,563.2681564,2268.038156,0,1,0,0
SH_2179,"Chicago, IL","Phoenix, AZ",40.5,20.7,4.1,7.25,Medium,7.2,Storm,Winter,6,8,4.2,Flatbed,0,1,1670,60,3086.16,944.4137931,4030.573793,0,0,1,0
SH_2180,"Atlanta, GA","Dallas, TX",57.6,23.2,3.96,5.15,High,6.2,Clear,Summer,2,8,4.7,Tanker,0,1,828,60,1507.79,636.6757282,2144.465728,0,0,0,1
SH_2181,"Seattle, WA","Los Angeles, CA",72.7,24.9,3.11,8.0,High,8.2,Clear,Spring,3,8,6.9,Tanker,1,3,1104,80,3000.67,429.18,3429.85,0,1,0,0
SH_2182,"Phoenix, AZ","New York, NY",48.4,11.4,3.61,6.39,High,5.0,Snow,Winter,7,8,6.8,Tanker,0,1,2461,60,4567.62,1390.330203,5957.950203,0,0,1,0
SH_2183,"New York, NY","Atlanta, GA",57.5,14.1,3.86,5.55,Medium,9.8,Storm,Summer,2,8,2.0,Refrigerated,0,1,858,60,1592.45,596.7351351,2189.185135,1,0,0,0
SH_2184,"Chicago, IL","Houston, TX",66.3,22.6,4.62,5.37,Low,9.6,Clear,Summer,4,8,0.3,Flatbed,1,2,1083,70,2350.11,931.7430168,3281.853017,0,0,0,1
SH_2185,"Atlanta, GA","New York, NY",67.9,21.8,3.87,5.03,High,4.4,Fog,Summer,2,8,4.6,Flatbed,0,2,858,70,1874.73,660.1312127,2534.861213,0,1,0,0
SH_2186,"Denver, CO","Atlanta, GA",62.6,28.7,3.2,5.35,High,6.9,Rain,Spring,3,8,5.0,Refrigerated,0,2,1392,70,2992.8,832.5981308,3825.398131,0,1,0,0
SH_2187,"Atlanta, GA","Phoenix, AZ",61.3,6.0,3.23,7.01,Medium,8.3,Snow,Fall,4,8,6.5,Flatbed,0,2,1827,70,3928.05,841.8273894,4769.877389,0,0,0,1
SH_2188,"Houston, TX","Dallas, TX",62.3,28.7,3.41,7.96,High,9.0,Snow,Spring,1,8,5.2,Tanker,0,2,259,70,554.26,110.9535176,665.2135176,0,1,0,0
SH_2189,"Miami, FL","Dallas, TX",58.1,7.5,4.32,6.26,Low,4.1,Fog,Fall,4,8,2.8,Tanker,1,1,1277,60,2353.51,881.2523962,3234.762396,0,0,0,1
SH_2190,"Dallas, TX","Seattle, WA",50.9,28.0,4.07,6.78,Low,4.5,Clear,Spring,5,8,2.6,Tanker,0,1,1932,60,3525.9,1159.769912,4685.669912,0,1,0,0
SH_2191,"Dallas, TX","Atlanta, GA",64.1,19.2,3.75,6.62,High,5.0,Rain,Summer,3,8,8.5,Tanker,1,2,828,70,1776.06,469.0332326,2245.093233,1,0,0,0
SH_2192,"New York, NY","Chicago, IL",62.7,12.7,3.74,4.33,Medium,9.1,Rain,Fall,3,8,0.8,Flatbed,1,2,818,70,1807.78,706.5404157,2514.320416,0,0,0,1
SH_2193,"Atlanta, GA","Chicago, IL",55.5,24.1,3.03,4.11,Low,5.0,Snow,Summer,2,8,5.7,Dry Van,0,1,677,60,1251.1,499.1021898,1750.20219,1,0,0,0
SH_2194,"Denver, CO","Seattle, WA",60.9,22.2,3.44,5.58,Low,7.6,Fog,Winter,4,8,7.3,Tanker,1,2,1172,70,2525.66,722.5232975,3248.183297,0,0,0,1
SH_2195,"Denver, CO","Seattle, WA",67.8,9.1,4.08,6.03,Low,4.6,Storm,Spring,4,8,4.6,Dry Van,1,2,1172,70,2525.66,792.9950249,3318.655025,0,1,0,0
SH_2196,"Dallas, TX","Chicago, IL",49.5,24.1,3.37,6.69,Medium,9.5,Storm,Winter,3,8,9.0,Tanker,0,1,925,60,1704.77,465.9566517,2170.726652,0,0,0,1
SH_2197,"Miami, FL","Houston, TX",51.1,27.4,3.06,4.11,Medium,7.6,Storm,Spring,3,8,7.5,Tanker,0,1,1112,60,2049.42,827.9124088,2877.332409,0,1,0,0
SH_2198,"Atlanta, GA","New York, NY",73.3,22.6,4.9,5.32,Medium,8.2,Storm,Winter,2,8,3.8,Flatbed,0,3,858,80,2350.06,790.2631579,3140.323158,1,0,0,0
SH_2199,"Miami, FL","Phoenix, AZ",49.3,12.9,4.84,7.88,High,5.7,Clear,Winter,6,8,7.6,Dry Van,0,1,2276,60,4206.05,1397.949239,5603.999239,0,0,0,1
SH_2200,"Houston, TX","New York, NY",61.0,20.9,4.53,4.61,Low,9.8,Clear,Fall,4,8,4.7,Dry Van,0,2,1630,70,3553.4,1601.713666,5155.113666,1,0,0,0
SH_2201,"Denver, CO","New York, NY",74.8,21.5,4.59,4.11,High,8.9,Fog,Summer,4,8,1.3,Tanker,0,3,1872,80,5127.41,2090.627737,7218.037737,0,0,0,1
SH_2202,"Seattle, WA","Houston, TX",63.8,29.9,4.33,5.05,High,5.2,Snow,Fall,5,8,9.9,Refrigerated,0,2,2173,70,4671.95,1863.186139,6535.136139,1,0,0,0
SH_2203,"Miami, FL","Chicago, IL",44.5,8.3,4.36,5.49,Low,8.4,Storm,Summer,4,8,6.3,Refrigerated,0,1,1370,60,2561.9,1088.014572,3649.914572,0,0,0,1
SH_2204,"Atlanta, GA","Chicago, IL",59.2,18.5,3.18,5.64,Low,7.3,Snow,Spring,3,8,9.0,Tanker,1,1,677,60,1251.1,381.712766,1632.812766,0,0,1,0
SH_2205,"New York, NY","Seattle, WA",68.8,14.4,4.43,5.58,Medium,5.4,Storm,Winter,6,8,0.7,Tanker,0,2,2762,70,6048.78,2192.770609,8241.550609,1,0,0,0
SH_2206,"Denver, CO","Chicago, IL",56.1,28.9,3.63,7.61,Medium,5.4,Clear,Fall,3,8,0.0,Refrigerated,0,1,1056,60,1951.49,503.7161629,2455.206163,1,0,0,0
SH_2207,"Houston, TX","Seattle, WA",74.3,8.6,3.81,7.74,Low,5.2,Storm,Spring,5,8,8.2,Dry Van,1,3,2173,80,5845.37,1069.655039,6915.025039,0,1,0,0
SH_2208,"Atlanta, GA","Seattle, WA",49.9,12.9,4.81,4.94,High,7.3,Storm,Winter,7,8,2.7,Dry Van,0,1,2505,60,4584.15,2439.078947,7023.228947,0,0,1,0
SH_2209,"Miami, FL","Denver, CO",63.3,6.2,3.27,4.76,Low,5.5,Rain,Fall,4,8,4.9,Dry Van,0,2,1984,70,4315.2,1362.957983,5678.157983,1,0,0,0
SH_2210,"Seattle, WA","Los Angeles, CA",74.8,7.8,4.18,6.73,High,9.6,Snow,Spring,3,8,7.6,Tanker,1,3,1104,80,3000.67,685.6939079,3686.363908,0,0,0,1
SH_2211,"Chicago, IL","Seattle, WA",68.5,25.9,3.72,5.6,High,9.3,Fog,Summer,4,8,3.3,Tanker,0,2,1993,70,4344.74,1323.921429,5668.661429,0,0,0,1
SH_2212,"Atlanta, GA","Dallas, TX",65.4,9.0,4.4,6.77,Medium,6.8,Fog,Winter,2,8,3.2,Refrigerated,0,2,828,70,1776.06,538.1388479,2314.198848,1,0,0,0
SH_2214,"Denver, CO","Seattle, WA",45.5,10.9,3.73,7.17,Low,8.4,Storm,Summer,4,8,2.2,Dry Van,0,1,1172,60,2144.76,609.7015342,2754.461534,1,0,0,0
SH_2215,"Dallas, TX","Los Angeles, CA",49.8,8.6,3.66,6.34,Low,8.2,Clear,Winter,5,8,5.0,Tanker,1,1,1423,60,2609.78,821.4794953,3431.259495,0,1,0,0
SH_2216,"Denver, CO","Chicago, IL",40.3,14.9,4.17,6.28,Low,8.5,Fog,Spring,4,8,2.6,Flatbed,0,1,1056,60,1951.49,701.1974522,2652.687452,0,0,0,1
SH_2217,"Atlanta, GA","Miami, FL",65.7,7.3,4.9,6.17,Low,5.8,Clear,Fall,3,8,0.4,Flatbed,1,2,697,70,1515.97,553.5332253,2069.503225,1,0,0,0
SH_2218,"Chicago, IL","Houston, TX",57.0,9.0,4.67,7.19,High,4.9,Clear,Summer,4,8,3.0,Flatbed,1,1,1083,60,1995.97,703.4228095,2699.392809,0,1,0,0
SH_2219,"Denver, CO","Los Angeles, CA",65.0,12.4,4.1,6.51,High,6.9,Rain,Fall,2,8,8.0,Tanker,0,2,954,70,2065.41,600.8294931,2666.239493,0,0,0,1
SH_2220,"Dallas, TX","Miami, FL",53.4,25.8,3.98,4.99,High,7.0,Snow,Summer,4,8,6.9,Flatbed,1,1,1277,60,2353.51,1018.529058,3372.039058,0,0,0,1
SH_2221,"Phoenix, AZ","New York, NY",49.1,28.9,4.55,7.15,Medium,7.7,Fog,Spring,8,8,4.0,Flatbed,1,1,2461,60,4567.62,1566.090909,6133.710909,0,0,0,1
SH_2222,"Los Angeles, CA","Denver, CO",59.0,26.1,4.05,4.14,High,4.2,Rain,Spring,3,8,3.3,Dry Van,0,1,954,60,1754.41,933.2608696,2687.67087,0,1,0,0
SH_2223,"Seattle, WA","Chicago, IL",45.7,24.4,4.72,7.56,Medium,5.8,Fog,Fall,6,8,5.1,Flatbed,0,1,1993,60,3691.04,1244.306878,4935.346878,1,0,0,0
SH_2224,"New York, NY","Chicago, IL",73.1,22.1,4.6,4.71,Low,8.3,Fog,Summer,2,8,0.9,Flatbed,0,3,818,80,2269.13,798.895966,3068.025966,0,0,0,1
SH_2225,"Atlanta, GA","New York, NY",43.8,23.1,3.28,5.87,Low,6.1,Clear,Spring,4,8,7.1,Dry Van,1,1,858,60,1592.45,479.427598,2071.877598,0,1,0,0
SH_2226,"Los Angeles, CA","Atlanta, GA",58.0,16.6,3.8,7.45,Medium,6.0,Clear,Fall,6,8,3.6,Flatbed,1,1,2223,60,4088.1,1133.879195,5221.979195,0,0,1,0
SH_2227,"Dallas, TX","Atlanta, GA",51.5,22.5,3.09,5.54,High,6.1,Clear,Winter,3,8,9.7,Refrigerated,0,1,828,60,1507.79,461.8267148,1969.616715,0,0,0,1
SH_2228,"Denver, CO","Chicago, IL",68.9,22.5,4.93,7.24,Medium,4.5,Rain,Summer,3,8,5.4,Refrigerated,1,2,1056,70,2296.8,719.0718232,3015.871823,0,1,0,0
SH_2229,"Phoenix, AZ","Seattle, WA",48.8,28.0,4.85,7.2,Medium,9.9,Fog,Winter,4,8,8.3,Refrigerated,0,1,1282,60,2346.06,863.5694444,3209.629444,1,0,0,0
SH_2230,"Phoenix, AZ","Chicago, IL",45.7,23.8,3.49,4.01,High,9.5,Snow,Summer,5,8,9.3,Dry Van,0,1,1670,60,3086.16,1453.441397,4539.601397,0,0,1,0
SH_2231,"Los Angeles, CA","Miami, FL",71.1,16.4,3.55,7.67,Low,6.3,Fog,Summer,5,8,3.3,Flatbed,0,3,2686,80,7375.76,1243.194263,8618.954263,0,1,0,0
SH_2232,"Denver, CO","Houston, TX",74.8,5.6,4.8,4.02,Low,6.2,Rain,Fall,3,8,7.6,Refrigerated,1,3,1010,80,2709.83,1205.970149,3915.800149,0,0,1,0
SH_2233,"Chicago, IL","Denver, CO",59.4,12.4,3.27,7.09,High,5.3,Clear,Spring,4,8,2.8,Tanker,1,1,1056,60,1951.49,487.0409027,2438.530903,0,0,1,0
SH_2234,"Seattle, WA","Los Angeles, CA",63.1,5.4,3.48,5.72,Low,6.0,Clear,Spring,4,8,7.9,Flatbed,1,2,1104,70,2395.68,671.6643357,3067.344336,0,0,0,1
SH_2235,"New York, NY","Seattle, WA",51.8,22.5,4.69,6.38,Low,8.7,Rain,Summer,7,8,5.7,Tanker,0,1,2762,60,5140.08,2030.373041,7170.453041,0,0,1,0
SH_2236,"New York, NY","Seattle, WA",66.1,10.2,4.56,7.22,High,8.9,Fog,Fall,7,8,1.9,Refrigerated,1,2,2762,70,6048.78,1744.421053,7793.201053,1,0,0,0
SH_2237,"Atlanta, GA","Seattle, WA",66.0,27.2,4.3,4.58,Low,9.6,Storm,Spring,6,8,4.3,Dry Van,1,2,2505,70,5398.28,2351.855895,7750.135895,0,0,0,1
SH_2238,"Dallas, TX","Miami, FL",67.2,23.4,4.94,4.46,High,7.5,Fog,Winter,4,8,8.9,Tanker,1,2,1277,70,2771.09,1414.434978,4185.524978,0,1,0,0
SH_2239,"Denver, CO","Chicago, IL",74.2,17.8,4.66,5.71,Medium,6.5,Clear,Fall,2,8,8.2,Tanker,0,3,1056,80,2877.6,861.8143608,3739.414361,1,0,0,0
SH_2240,"Denver, CO","Seattle, WA",49.0,6.4,4.63,6.48,Low,9.8,Snow,Winter,3,8,0.7,Tanker,0,1,1172,60,2144.76,837.4012346,2982.161235,1,0,0,0
SH_2241,"Chicago, IL","Los Angeles, CA",43.0,11.5,3.25,4.9,Low,4.6,Snow,Summer,6,8,5.0,Refrigerated,0,1,2004,60,3729.44,1329.183673,5058.623673,0,0,1,0
SH_2242,"Denver, CO","Miami, FL",46.1,21.5,3.92,5.48,Medium,5.6,Storm,Fall,7,8,8.9,Flatbed,1,1,1984,60,3666.43,1419.211679,5085.641679,1,0,0,0
SH_2243,"Denver, CO","Los Angeles, CA",49.7,27.0,4.08,7.62,Low,4.2,Storm,Spring,3,8,2.5,Flatbed,0,1,954,60,1754.41,510.8031496,2265.21315,0,0,1,0
SH_2244,"Miami, FL","Denver, CO",73.4,27.1,4.13,6.59,High,9.2,Clear,Summer,5,8,6.3,Refrigerated,1,3,1984,80,5406.4,1243.38695,6649.78695,0,0,0,1
SH_2245,"New York, NY","Seattle, WA",64.0,29.4,3.11,4.56,High,6.7,Clear,Spring,6,8,7.8,Refrigerated,0,2,2762,70,6048.78,1883.732456,7932.512456,0,1,0,0
SH_2246,"Miami, FL","Dallas, TX",74.2,12.9,3.86,5.1,High,7.5,Rain,Fall,4,8,7.3,Dry Van,1,3,1277,80,3470.89,966.5137255,4437.403725,0,1,0,0
SH_2247,"Los Angeles, CA","Houston, TX",60.1,20.0,3.05,4.72,Medium,7.3,Storm,Winter,5,8,1.9,Flatbed,1,2,1577,70,3406.32,1019.036017,4425.356017,0,0,1,0
SH_2248,"Miami, FL","Phoenix, AZ",57.1,12.7,3.32,6.44,High,8.0,Storm,Fall,6,8,2.2,Flatbed,1,1,2276,60,4206.05,1173.341615,5379.391615,1,0,0,0
SH_2249,"Chicago, IL","Miami, FL",71.7,13.8,3.42,7.09,Low,5.1,Storm,Fall,4,8,1.0,Tanker,1,3,1370,80,3781.2,660.8462623,4442.046262,0,1,0,0
SH_2250,"Phoenix, AZ","Atlanta, GA",54.4,6.6,4.74,6.05,High,7.5,Rain,Winter,6,8,6.5,Tanker,1,1,1827,60,3334.28,1431.401653,4765.681653,0,0,0,1
SH_2251,"Denver, CO","Chicago, IL",44.0,16.9,3.71,5.96,Low,9.5,Fog,Fall,4,8,1.2,Tanker,1,1,1056,60,1951.49,657.3422819,2608.832282,0,0,0,1
SH_2252,"Seattle, WA","Los Angeles, CA",47.5,25.4,3.49,5.72,High,7.9,Fog,Fall,3,8,7.4,Refrigerated,0,1,1104,60,2034.67,673.5944056,2708.264406,0,0,1,0
SH_2253,"Miami, FL","Seattle, WA",59.0,19.1,3.21,5.74,Low,4.5,Fog,Winter,7,8,9.0,Dry Van,0,1,3141,60,5817.13,1756.552265,7573.682265,1,0,0,0
SH_2254,"Denver, CO","Los Angeles, CA",66.0,19.3,3.39,6.38,High,8.5,Rain,Summer,3,8,8.2,Flatbed,1,2,954,70,2065.41,506.9059561,2572.315956,0,1,0,0
SH_2255,"Dallas, TX","Miami, FL",40.1,18.0,3.79,5.19,Medium,8.6,Storm,Summer,4,8,9.0,Tanker,0,1,1277,60,2353.51,932.5298651,3286.039865,1,0,0,0
SH_2256,"Dallas, TX","Chicago, IL",55.7,22.0,3.19,5.64,Medium,9.7,Storm,Spring,4,8,0.6,Dry Van,1,1,925,60,1704.77,523.1826241,2227.952624,0,0,0,1
SH_2257,"Houston, TX","New York, NY",60.3,17.5,4.94,4.52,High,9.4,Fog,Fall,4,8,9.0,Tanker,0,2,1630,70,3553.4,1781.460177,5334.860177,0,0,1,0
SH_2258,"Los Angeles, CA","Miami, FL",68.5,14.7,4.7,6.55,Medium,4.8,Rain,Spring,6,8,3.1,Refrigerated,1,2,2686,70,5882.34,1927.358779,7809.698779,0,1,0,0
SH_2259,"Denver, CO","Atlanta, GA",54.2,5.6,4.84,5.55,High,9.9,Storm,Winter,5,8,0.8,Dry Van,1,1,1392,60,2540.4,1213.924324,3754.324324,0,1,0,0
SH_2260,"Los Angeles, CA","Houston, TX",49.5,11.1,3.51,7.66,High,7.0,Snow,Spring,5,8,2.8,Dry Van,1,1,1577,60,2892.22,722.6201044,3614.840104,0,1,0,0
SH_2261,"Los Angeles, CA","Miami, FL",52.3,13.0,3.49,5.64,Low,8.0,Storm,Spring,7,8,4.3,Tanker,0,1,2686,60,4998.65,1662.08156,6660.73156,1,0,0,0
SH_2262,"Atlanta, GA","Miami, FL",53.6,5.4,4.8,6.11,High,9.1,Snow,Winter,2,8,2.3,Refrigerated,0,1,697,60,1288.06,547.5613748,1835.621375,1,0,0,0
SH_2263,"Seattle, WA","Denver, CO",53.5,25.1,3.77,4.82,Medium,4.4,Clear,Fall,4,8,7.6,Dry Van,1,1,1172,60,2144.76,916.6887967,3061.448797,0,1,0,0
SH_2264,"Seattle, WA","Miami, FL",65.4,22.1,3.27,4.57,High,8.5,Snow,Fall,8,8,6.4,Dry Van,1,2,3141,70,6847.38,2247.498906,9094.878906,1,0,0,0
SH_2265,"Atlanta, GA","Dallas, TX",74.5,6.6,4.22,5.92,Medium,5.5,Storm,Winter,2,8,5.9,Flatbed,0,3,828,80,2221.52,590.2297297,2811.74973,0,1,0,0
SH_2266,"Phoenix, AZ","New York, NY",52.1,21.9,3.41,6.47,Low,4.8,Rain,Summer,7,8,9.3,Refrigerated,1,1,2461,60,4567.62,1297.064915,5864.684915,0,0,1,0
SH_2267,"Dallas, TX","Chicago, IL",72.4,13.3,3.66,5.6,Low,8.2,Fog,Summer,3,8,2.2,Flatbed,1,3,925,80,2514.15,604.5535714,3118.703571,1,0,0,0
SH_2268,"Houston, TX","Phoenix, AZ",67.1,29.1,3.51,7.34,Medium,7.6,Snow,Spring,3,8,9.5,Flatbed,0,2,1166,70,2501.07,557.5831063,3058.653106,0,1,0,0
SH_2269,"Los Angeles, CA","Miami, FL",73.3,5.2,4.48,5.09,Low,8.2,Fog,Fall,5,8,10.0,Flatbed,0,3,2686,80,7375.76,2364.102161,9739.862161,0,0,1,0
SH_2270,"Denver, CO","Phoenix, AZ",42.4,7.9,4.83,6.52,Low,9.1,Clear,Summer,2,8,4.5,Refrigerated,0,1,673,60,1228.23,498.5567485,1726.786748,0,1,0,0
SH_2271,"Houston, TX","Chicago, IL",46.6,6.7,3.38,5.64,Medium,4.7,Rain,Fall,3,8,4.5,Tanker,0,1,1083,60,1995.97,649.0319149,2645.001915,0,1,0,0
SH_2272,"New York, NY","Seattle, WA",56.4,15.7,4.29,7.75,High,4.6,Clear,Spring,7,8,7.7,Tanker,0,1,2762,60,5140.08,1528.900645,6668.980645,0,0,1,0
SH_2273,"Houston, TX","Miami, FL",69.0,28.1,4.27,4.42,Low,9.4,Storm,Summer,3,8,7.5,Tanker,0,2,1112,70,2413.04,1074.262443,3487.302443,0,0,1,0
SH_2274,"Los Angeles, CA","Miami, FL",68.0,8.4,3.44,6.31,Medium,5.6,Fog,Winter,6,8,6.1,Dry Van,1,2,2686,70,5882.34,1464.316957,7346.656957,0,0,1,0
SH_2275,"Phoenix, AZ","Seattle, WA",63.0,28.1,3.32,6.39,Medium,6.1,Snow,Spring,4,8,9.7,Refrigerated,1,2,1282,70,2762.71,666.0782473,3428.788247,1,0,0,0
SH_2277,"Miami, FL","Houston, TX",49.7,9.5,4.11,7.37,High,4.9,Rain,Summer,3,8,9.8,Flatbed,0,1,1112,60,2049.42,620.1248304,2669.54483,0,0,1,0
SH_2278,"Denver, CO","Miami, FL",60.9,28.2,3.89,7.93,Low,5.8,Clear,Winter,5,8,6.4,Flatbed,0,2,1984,70,4315.2,973.2358134,5288.435813,0,1,0,0
SH_2279,"Houston, TX","Miami, FL",61.9,12.6,4.24,5.1,Low,4.3,Storm,Spring,3,8,8.8,Flatbed,0,2,1112,70,2413.04,924.4862745,3337.526275,0,0,0,1
SH_2280,"Los Angeles, CA","Chicago, IL",65.1,22.1,4.12,4.5,Medium,5.1,Clear,Spring,5,8,7.1,Flatbed,1,2,2004,70,4388.76,1834.773333,6223.533333,0,0,0,1
SH_2281,"Miami, FL","Phoenix, AZ",64.5,18.2,4.34,7.34,High,5.1,Rain,Fall,5,8,6.4,Refrigerated,0,2,2276,70,4950.3,1345.754768,6296.054768,0,0,1,0
SH_2282,"Houston, TX","New York, NY",59.4,8.1,4.6,7.14,High,4.1,Storm,Fall,5,8,0.7,Tanker,1,1,1630,60,3018.76,1050.140056,4068.900056,0,0,0,1
SH_2283,"Los Angeles, CA","Phoenix, AZ",65.8,27.5,3.47,5.83,Low,5.1,Fog,Fall,2,8,6.9,Tanker,1,2,410,70,887.65,244.0308748,1131.680875,0,0,0,1
SH_2284,"Denver, CO","Los Angeles, CA",51.7,16.7,4.79,5.54,Low,6.4,Rain,Summer,4,8,7.5,Refrigerated,1,1,954,60,1754.41,824.8483755,2579.258375,0,0,1,0
SH_2285,"Houston, TX","Atlanta, GA",40.7,22.2,3.9,6.1,High,7.4,Rain,Spring,3,8,9.8,Flatbed,0,1,806,60,1467.73,515.3114754,1983.041475,0,0,1,0
SH_2286,"Atlanta, GA","Chicago, IL",51.4,18.5,3.34,4.09,Low,6.0,Storm,Spring,3,8,0.4,Flatbed,1,1,677,60,1251.1,552.8557457,1803.955746,0,0,1,0
SH_2287,"New York, NY","Chicago, IL",66.7,28.8,4.97,5.69,Medium,9.7,Clear,Winter,3,8,6.9,Refrigerated,1,2,818,70,1807.78,714.4920914,2522.272091,0,1,0,0
SH_2288,"Houston, TX","Phoenix, AZ",68.4,18.3,3.67,5.33,Low,9.4,Storm,Fall,3,8,4.1,Dry Van,0,2,1166,70,2501.07,802.8555347,3303.925535,0,0,1,0
SH_2289,"Seattle, WA","Los Angeles, CA",52.8,26.2,4.52,4.88,Medium,6.5,Storm,Winter,3,8,9.5,Tanker,0,1,1104,60,2034.67,1022.557377,3057.227377,1,0,0,0
SH_2290,"Los Angeles, CA","Miami, FL",66.4,22.8,4.75,7.8,Medium,4.2,Snow,Summer,7,8,8.7,Dry Van,1,2,2686,70,5882.34,1635.705128,7518.045128,0,0,1,0
SH_2291,"Phoenix, AZ","Los Angeles, CA",69.3,23.4,4.59,4.88,Low,7.9,Storm,Winter,1,8,9.9,Dry Van,0,2,410,70,887.65,385.6352459,1273.285246,0,0,0,1
SH_2292,"New York, NY","Chicago, IL",70.0,6.6,4.91,6.45,High,8.8,Fog,Fall,2,8,3.2,Refrigerated,0,2,818,70,1807.78,622.6945736,2430.474574,0,1,0,0
SH_2293,"Denver, CO","Dallas, TX",45.1,13.9,4.72,4.15,Low,4.9,Fog,Winter,3,8,5.5,Tanker,0,1,762,60,1387.6,866.660241,2254.260241,0,0,1,0
SH_2294,"Chicago, IL","Phoenix, AZ",58.3,22.3,3.09,5.47,Low,5.3,Rain,Fall,4,8,2.3,Refrigerated,0,1,1670,60,3086.16,943.3820841,4029.542084,0,0,0,1
SH_2295,"Dallas, TX","Miami, FL",74.1,12.2,3.46,7.34,Low,6.5,Rain,Spring,3,8,4.4,Tanker,0,3,1277,80,3470.89,601.9645777,4072.854578,0,0,0,1
SH_2296,"Chicago, IL","Denver, CO",51.4,12.2,4.76,4.65,High,5.1,Storm,Winter,3,8,3.4,Dry Van,0,1,1056,60,1951.49,1080.980645,3032.470645,0,1,0,0
SH_2297,"Seattle, WA","New York, NY",68.2,27.6,4.58,4.94,Low,9.9,Rain,Summer,6,8,8.3,Dry Van,0,2,2762,70,6048.78,2560.720648,8609.500648,1,0,0,0
SH_2299,"Chicago, IL","Phoenix, AZ",49.1,23.4,4.1,5.25,High,5.0,Fog,Fall,5,8,0.1,Refrigerated,0,1,1670,60,3086.16,1304.190476,4390.350476,0,0,1,0
SH_2300,"Denver, CO","Houston, TX",65.5,29.4,4.57,6.32,Low,4.2,Storm,Summer,3,8,1.8,Dry Van,1,2,1010,70,2166.45,730.3322785,2896.782278,0,1,0,0
SH_2301,"New York, NY","Phoenix, AZ",69.8,19.2,3.26,5.55,High,4.5,Clear,Spring,6,8,2.8,Tanker,1,2,2461,70,5377.29,1445.56036,6822.85036,0,1,0,0
SH_2302,"Dallas, TX","Los Angeles, CA",52.5,17.4,3.13,5.1,Low,8.1,Fog,Winter,4,8,2.4,Refrigerated,0,1,1423,60,2609.78,873.3313725,3483.111373,0,0,1,0
SH_2303,"Miami, FL","Atlanta, GA",68.6,14.5,3.27,5.73,High,7.6,Fog,Fall,2,8,3.5,Flatbed,0,2,697,70,1515.97,397.7643979,1913.734398,1,0,0,0
SH_2304,"Phoenix, AZ","Miami, FL",73.3,15.2,3.33,6.14,High,5.7,Storm,Spring,4,8,9.2,Refrigerated,0,3,2276,80,6202.1,1234.37785,7436.47785,0,0,1,0
SH_2305,"Dallas, TX","Chicago, IL",46.4,24.1,3.46,5.16,Medium,9.5,Fog,Winter,3,8,1.7,Refrigerated,0,1,925,60,1704.77,620.251938,2325.021938,0,0,0,1
SH_2306,"Dallas, TX","New York, NY",50.3,19.5,4.75,4.48,High,6.5,Fog,Fall,5,8,0.6,Tanker,1,1,1576,60,2918.75,1670.982143,4589.732143,0,1,0,0
SH_2307,"Atlanta, GA","Miami, FL",50.8,6.0,4.49,5.32,High,8.3,Snow,Spring,3,8,3.8,Refrigerated,1,1,697,60,1288.06,588.2575188,1876.317519,1,0,0,0
SH_2308,"Dallas, TX","New York, NY",66.3,8.8,4.6,6.25,Low,9.0,Snow,Summer,4,8,8.7,Refrigerated,1,2,1576,70,3435.68,1159.936,4595.616,0,0,0,1
SH_2309,"Chicago, IL","Miami, FL",55.6,17.7,3.83,5.8,Medium,9.4,Clear,Summer,4,8,1.3,Refrigerated,0,1,1370,60,2561.9,904.6724138,3466.572414,0,0,0,1
SH_2310,"New York, NY","Chicago, IL",74.9,19.9,4.57,7.08,Low,6.1,Storm,Spring,2,8,5.0,Dry Van,0,3,818,80,2269.13,528.0028249,2797.132825,0,0,0,1
SH_2311,"Chicago, IL","Houston, TX",65.0,24.4,3.54,4.59,Medium,5.8,Snow,Spring,3,8,2.6,Flatbed,0,2,1083,70,2350.11,835.254902,3185.364902,1,0,0,0
SH_2312,"Dallas, TX","Denver, CO",40.6,7.3,3.29,4.32,Low,9.4,Rain,Fall,3,8,9.4,Flatbed,0,1,762,60,1387.6,580.3194444,1967.919444,0,0,0,1
SH_2313,"Los Angeles, CA","Denver, CO",57.2,18.3,3.26,4.55,High,8.6,Rain,Spring,3,8,8.3,Flatbed,0,1,954,60,1754.41,683.5252747,2437.935275,0,0,0,1
SH_2314,"Los Angeles, CA","Chicago, IL",56.3,16.5,4.99,7.8,High,7.6,Fog,Fall,5,8,8.7,Tanker,0,1,2004,60,3729.44,1282.046154,5011.486154,1,0,0,0
SH_2315,"Dallas, TX","Chicago, IL",47.7,13.7,4.85,6.02,High,7.9,Clear,Winter,4,8,2.2,Flatbed,1,1,925,60,1704.77,745.2242525,2449.994252,0,1,0,0
SH_2316,"Denver, CO","Chicago, IL",71.3,17.3,3.71,7.23,Low,8.0,Clear,Winter,3,8,3.5,Flatbed,1,3,1056,80,2877.6,541.8755187,3419.475519,0,0,0,1
SH_2317,"Los Angeles, CA","Miami, FL",60.1,29.5,4.73,4.24,High,8.4,Storm,Fall,6,8,6.8,Refrigerated,0,2,2686,70,5882.34,2996.410377,8878.750377,0,0,1,0
SH_2318,"New York, NY","Atlanta, GA",57.6,26.3,4.42,7.56,Medium,5.7,Storm,Spring,3,8,1.0,Tanker,1,1,858,60,1592.45,501.6349206,2094.084921,0,0,1,0
SH_2319,"Miami, FL","Atlanta, GA",44.8,13.5,3.64,4.3,Low,4.9,Rain,Fall,2,8,2.9,Dry Van,0,1,697,60,1288.06,590.0186047,1878.078605,0,0,0,1
SH_2320,"Los Angeles, CA","Houston, TX",51.9,8.1,4.29,7.99,Low,5.4,Clear,Summer,5,8,9.7,Flatbed,1,1,1577,60,2892.22,846.7246558,3738.944656,0,0,1,0
SH_2321,"Seattle, WA","Los Angeles, CA",57.9,11.0,4.86,7.93,Low,8.9,Storm,Summer,3,8,4.0,Refrigerated,0,1,1104,60,2034.67,676.6002522,2711.270252,0,0,1,0
SH_2322,"New York, NY","Houston, TX",71.2,27.9,3.84,6.63,Low,5.0,Clear,Spring,4,8,8.7,Dry Van,1,3,1630,80,4453.16,944.0723982,5397.232398,0,0,1,0
SH_2323,"Denver, CO","Chicago, IL",52.4,22.8,3.63,4.48,High,5.9,Clear,Spring,3,8,2.6,Dry Van,0,1,1056,60,1951.49,855.6428571,2807.132857,0,0,0,1
SH_2324,"New York, NY","Phoenix, AZ",40.2,20.8,4.23,4.75,Low,9.7,Rain,Fall,8,8,6.9,Flatbed,0,1,2461,60,4567.62,2191.585263,6759.205263,1,0,0,0
SH_2325,"Houston, TX","Atlanta, GA",52.7,23.4,4.48,6.43,Medium,5.7,Storm,Summer,3,8,5.5,Dry Van,1,1,806,60,1467.73,561.5676516,2029.297652,1,0,0,0
SH_2326,"Houston, TX","Los Angeles, CA",47.5,13.6,4.75,4.2,Low,7.1,Snow,Winter,5,8,1.6,Refrigerated,0,1,1577,60,2892.22,1783.511905,4675.731905,0,0,1,0
SH_2327,"Los Angeles, CA","Phoenix, AZ",43.9,16.2,4.12,4.0,Medium,4.7,Clear,Summer,3,8,4.2,Refrigerated,1,1,410,60,753.99,422.3,1176.29,0,0,1,0
SH_2328,"Atlanta, GA","Seattle, WA",66.4,19.9,3.02,7.52,Medium,6.7,Clear,Spring,6,8,5.0,Flatbed,1,2,2505,70,5398.28,1005.99734,6404.27734,0,0,1,0
SH_2329,"Chicago, IL","Denver, CO",42.4,23.6,3.68,5.41,High,4.7,Clear,Fall,4,8,3.3,Refrigerated,0,1,1056,60,1951.49,718.3142329,2669.804233,0,0,1,0
SH_2330,"Los Angeles, CA","Houston, TX",52.9,23.1,3.17,6.36,High,6.9,Clear,Summer,5,8,2.9,Dry Van,1,1,1577,60,2892.22,786.0204403,3678.24044,1,0,0,0
SH_2331,"Los Angeles, CA","Dallas, TX",63.3,11.8,3.47,4.42,High,4.3,Snow,Winter,3,8,4.9,Refrigerated,0,2,1423,70,3073.68,1117.151584,4190.831584,0,0,0,1
SH_2332,"Chicago, IL","Dallas, TX",58.0,7.2,4.47,7.33,Medium,9.4,Fog,Fall,3,8,2.5,Tanker,1,1,925,60,1704.77,564.0859482,2268.855948,0,0,0,1
SH_2333,"Denver, CO","Houston, TX",59.6,18.4,3.53,7.34,Low,7.4,Snow,Fall,4,8,2.1,Dry Van,1,1,1010,60,1839.21,485.7356948,2324.945695,0,0,1,0
SH_2334,"Houston, TX","Denver, CO",67.3,28.5,4.33,6.02,Low,5.5,Snow,Fall,2,8,9.8,Flatbed,0,2,1010,70,2166.45,726.461794,2892.911794,0,0,1,0
SH_2335,"Houston, TX","Phoenix, AZ",45.7,7.6,3.54,6.28,Low,9.7,Clear,Winter,4,8,3.1,Flatbed,0,1,1166,60,2123.29,657.2675159,2780.557516,0,0,0,1
SH_2336,"Seattle, WA","Chicago, IL",72.1,15.5,3.45,4.65,Low,6.7,Clear,Fall,4,8,2.9,Refrigerated,0,3,1993,80,5444.88,1478.677419,6923.557419,1,0,0,0
SH_2337,"Phoenix, AZ","Denver, CO",61.1,16.3,3.38,7.69,Low,7.4,Fog,Spring,2,8,1.0,Tanker,0,2,673,70,1446.95,295.8049415,1742.754941,0,0,0,1
SH_2338,"Seattle, WA","Dallas, TX",57.8,15.2,4.18,4.77,Low,4.8,Snow,Fall,5,8,2.3,Flatbed,0,1,1932,60,3525.9,1693.031447,5218.931447,0,0,1,0
SH_2339,"New York, NY","Dallas, TX",71.2,18.3,3.97,6.76,Low,9.7,Snow,Winter,3,8,8.1,Tanker,0,3,1576,80,4305.63,925.5502959,5231.180296,0,0,1,0
SH_2340,"Atlanta, GA","Seattle, WA",64.5,15.8,3.79,7.96,Medium,7.7,Fog,Winter,5,8,2.6,Refrigerated,0,2,2505,70,5398.28,1192.707286,6590.987286,0,0,0,1
SH_2341,"Phoenix, AZ","Atlanta, GA",64.7,14.3,4.64,5.46,Low,6.2,Clear,Summer,5,8,6.0,Dry Van,1,2,1827,70,3928.05,1552.615385,5480.665385,0,0,0,1
SH_2342,"Phoenix, AZ","Houston, TX",56.7,8.1,3.34,7.41,Medium,9.2,Rain,Winter,3,8,6.6,Refrigerated,0,1,1166,60,2123.29,525.5654521,2648.855452,0,0,0,1
SH_2343,"Dallas, TX","Denver, CO",47.1,15.7,4.39,6.15,Medium,4.1,Storm,Summer,4,8,8.4,Tanker,1,1,762,60,1387.6,543.9317073,1931.531707,0,0,1,0
SH_2344,"Denver, CO","Houston, TX",61.6,28.1,3.19,6.01,Low,6.7,Rain,Winter,4,8,6.3,Flatbed,1,2,1010,70,2166.45,536.0898502,2702.53985,0,1,0,0
SH_2345,"Atlanta, GA","New York, NY",73.1,9.2,4.94,7.78,Medium,6.2,Rain,Fall,3,8,0.4,Dry Van,1,3,858,80,2350.06,544.7969152,2894.856915,1,0,0,0
SH_2346,"Denver, CO","New York, NY",49.3,8.2,4.16,5.23,Low,8.0,Snow,Winter,5,8,3.9,Refrigerated,0,1,1872,60,3474.43,1489.00956,4963.43956,0,0,1,0
SH_2347,"Phoenix, AZ","Dallas, TX",61.0,25.7,4.2,6.44,Low,7.1,Snow,Fall,4,8,0.0,Tanker,1,2,1017,70,2181.47,663.2608696,2844.73087,0,0,0,1
SH_2348,"Chicago, IL","Houston, TX",43.7,5.6,4.65,7.66,High,5.2,Storm,Winter,4,8,2.8,Flatbed,0,1,1083,60,1995.97,657.4347258,2653.404726,0,1,0,0
SH_2349,"Dallas, TX","Phoenix, AZ",55.3,11.7,4.4,4.51,Medium,4.3,Fog,Winter,3,8,8.0,Dry Van,0,1,1017,60,1851.96,992.195122,2844.155122,0,1,0,0
SH_2350,"Dallas, TX","Houston, TX",46.1,10.9,4.15,5.18,Low,6.5,Storm,Winter,1,8,5.9,Dry Van,0,1,259,60,470.34,207.5,677.84,0,1,0,0
SH_2351,"Miami, FL","Atlanta, GA",45.7,15.0,3.16,6.11,High,9.0,Clear,Summer,2,8,1.1,Refrigerated,0,1,697,60,1288.06,360.4779051,1648.537905,0,1,0,0
SH_2352,"Houston, TX","Seattle, WA",69.7,7.0,4.97,5.43,High,6.0,Snow,Fall,5,8,5.9,Tanker,1,2,2173,70,4671.95,1988.915285,6660.865285,0,0,0,1
SH_2353,"Atlanta, GA","Chicago, IL",50.9,14.2,3.64,5.7,Medium,6.1,Storm,Fall,3,8,3.0,Flatbed,1,1,677,60,1251.1,432.3298246,1683.429825,1,0,0,0
SH_2354,"Denver, CO","Seattle, WA",55.2,5.1,3.98,5.02,Medium,4.3,Clear,Fall,3,8,3.2,Tanker,0,1,1172,60,2144.76,929.1952191,3073.955219,0,0,0,1
SH_2355,"Los Angeles, CA","Atlanta, GA",69.0,9.2,4.7,4.97,Medium,7.5,Clear,Fall,6,8,4.5,Tanker,1,2,2223,70,4812.8,2102.2334,6915.0334,0,0,1,0
SH_2356,"Atlanta, GA","New York, NY",47.1,22.2,3.37,6.23,Medium,7.9,Fog,Spring,4,8,4.5,Refrigerated,1,1,858,60,1592.45,464.1187801,2056.56878,0,0,1,0
SH_2357,"New York, NY","Chicago, IL",45.9,8.9,4.05,6.39,Medium,7.8,Clear,Winter,3,8,2.0,Dry Van,0,1,818,60,1537.02,518.4507042,2055.470704,0,0,0,1
SH_2358,"Denver, CO","Los Angeles, CA",52.0,28.7,3.14,5.94,Low,7.6,Fog,Winter,3,8,7.7,Tanker,0,1,954,60,1754.41,504.3030303,2258.71303,0,1,0,0
SH_2359,"Chicago, IL","New York, NY",40.6,20.2,3.98,4.78,Low,10.0,Rain,Winter,3,8,2.9,Dry Van,0,1,818,60,1537.02,681.0962343,2218.116234,1,0,0,0
SH_2360,"Seattle, WA","Chicago, IL",51.1,24.4,4.86,5.44,Medium,8.8,Storm,Fall,5,8,4.7,Refrigerated,0,1,1993,60,3691.04,1780.511029,5471.551029,0,1,0,0
SH_2361,"Chicago, IL","Phoenix, AZ",63.8,14.7,4.32,7.75,High,5.1,Storm,Summer,4,8,2.3,Flatbed,0,2,1670,70,3632.25,930.8903226,4563.140323,1,0,0,0
SH_2362,"Seattle, WA","Denver, CO",65.2,25.0,4.89,4.93,Medium,4.3,Storm,Spring,3,8,4.0,Refrigerated,0,2,1172,70,2525.66,1162.490872,3688.150872,1,0,0,0
SH_2363,"Phoenix, AZ","Miami, FL",67.9,13.7,3.95,7.14,High,5.4,Rain,Fall,6,8,0.7,Dry Van,1,2,2276,70,4950.3,1259.131653,6209.431653,1,0,0,0
SH_2364,"Dallas, TX","Seattle, WA",50.7,14.8,3.48,4.26,Low,7.2,Clear,Summer,6,8,8.0,Flatbed,1,1,1932,60,3525.9,1578.253521,5104.153521,0,0,0,1
SH_2365,"Phoenix, AZ","Miami, FL",69.5,28.9,4.43,6.93,High,9.6,Clear,Spring,6,8,9.9,Refrigerated,1,2,2276,70,4950.3,1454.932179,6405.232179,0,1,0,0
SH_2366,"New York, NY","Chicago, IL",65.4,14.0,4.09,6.62,High,7.7,Fog,Winter,2,8,8.5,Flatbed,0,2,818,70,1807.78,505.3806647,2313.160665,0,0,0,1
SH_2367,"Seattle, WA","Phoenix, AZ",46.3,10.3,3.01,6.84,High,6.9,Snow,Spring,4,8,7.1,Tanker,0,1,1282,60,2346.06,564.1549708,2910.214971,0,0,1,0
SH_2368,"Phoenix, AZ","Denver, CO",45.7,17.5,4.85,4.99,High,9.0,Fog,Winter,2,8,2.7,Dry Van,0,1,673,60,1228.23,654.1182365,1882.348236,1,0,0,0
SH_2369,"New York, NY","Miami, FL",41.7,21.5,3.09,7.2,High,9.0,Clear,Summer,5,8,2.7,Flatbed,1,1,1256,60,2360.02,539.0333333,2899.053333,0,1,0,0
SH_2370,"Chicago, IL","Miami, FL",72.1,12.9,3.43,4.43,Low,4.8,Fog,Spring,4,8,0.9,Refrigerated,1,3,1370,80,3781.2,1060.744921,4841.944921,0,0,1,0
SH_2371,"Houston, TX","Seattle, WA",51.2,22.7,4.74,7.14,Low,7.2,Snow,Fall,6,8,3.6,Dry Van,0,1,2173,60,3965.72,1442.579832,5408.299832,1,0,0,0
SH_2372,"Phoenix, AZ","Denver, CO",69.5,13.5,3.44,7.49,Medium,9.4,Clear,Fall,3,8,3.5,Dry Van,1,2,673,70,1446.95,309.0947931,1756.044793,0,1,0,0
SH_2373,"Denver, CO","Seattle, WA",65.7,6.6,4.19,7.81,High,5.6,Snow,Fall,4,8,9.1,Flatbed,1,2,1172,70,2525.66,628.7682458,3154.428246,0,0,0,1
SH_2374,"Phoenix, AZ","Seattle, WA",71.2,8.0,3.55,7.23,Low,9.4,Clear,Fall,3,8,3.6,Flatbed,0,3,1282,80,3457.55,629.4744122,4087.024412,1,0,0,0
SH_2376,"Denver, CO","Houston, TX",56.9,16.6,4.04,7.81,High,7.6,Rain,Winter,4,8,1.3,Refrigerated,1,1,1010,60,1839.21,522.4583867,2361.668387,0,0,0,1
SH_2377,"Seattle, WA","Denver, CO",67.0,26.9,3.83,6.01,High,7.1,Storm,Spring,4,8,2.8,Flatbed,1,2,1172,70,2525.66,746.8818636,3272.541864,0,0,0,1
SH_2378,"Los Angeles, CA","Houston, TX",59.3,11.7,3.27,7.68,Medium,6.2,Rain,Fall,5,8,5.5,Flatbed,1,1,1577,60,2892.22,671.4570313,3563.677031,0,0,0,1
SH_2379,"Dallas, TX","Chicago, IL",66.7,26.7,3.04,4.97,Medium,4.5,Clear,Spring,2,8,5.3,Flatbed,0,2,925,70,2007.25,565.7947686,2573.044769,0,0,0,1
SH_2380,"Miami, FL","Los Angeles, CA",50.3,23.9,4.34,6.91,High,9.7,Fog,Winter,7,8,3.4,Refrigerated,0,1,2686,60,4998.65,1687.01013,6685.66013,1,0,0,0
SH_2381,"Phoenix, AZ","Denver, CO",68.3,9.8,4.69,4.23,Medium,4.0,Rain,Spring,3,8,9.8,Flatbed,1,2,673,70,1446.95,746.1867612,2193.136761,0,0,1,0
SH_2383,"Miami, FL","Houston, TX",44.1,22.7,3.46,5.66,Medium,4.2,Rain,Summer,4,8,2.0,Flatbed,0,1,1112,60,2049.42,679.7738516,2729.193852,0,0,0,1
SH_2384,"Denver, CO","Miami, FL",71.4,12.1,3.38,4.11,Low,9.7,Rain,Summer,4,8,3.3,Dry Van,0,3,1984,80,5406.4,1631.610706,7038.010706,0,0,0,1
SH_2385,"New York, NY","Denver, CO",58.6,14.6,3.3,4.09,Low,5.3,Fog,Fall,4,8,5.1,Flatbed,0,1,1872,60,3474.43,1510.415648,4984.845648,0,0,1,0
SH_2386,"Houston, TX","Seattle, WA",59.8,8.1,4.51,6.85,High,5.3,Clear,Winter,6,8,0.6,Tanker,1,1,2173,60,3965.72,1430.690511,5396.410511,0,1,0,0
SH_2387,"Seattle, WA","Los Angeles, CA",75.0,7.5,4.01,7.4,Medium,5.8,Clear,Fall,3,8,8.9,Dry Van,1,3,1104,80,3000.67,598.2486486,3598.918649,0,0,0,1
SH_2388,"Seattle, WA","Chicago, IL",62.8,23.5,4.58,7.98,Medium,8.8,Storm,Spring,5,8,9.7,Tanker,1,2,1993,70,4344.74,1143.85213,5488.59213,0,1,0,0
SH_2389,"Houston, TX","Seattle, WA",46.8,22.7,3.15,5.27,High,4.7,Storm,Spring,7,8,2.9,Tanker,1,1,2173,60,3965.72,1298.851992,5264.571992,0,0,0,1
SH_2390,"Houston, TX","Seattle, WA",54.6,19.9,3.84,4.61,High,6.8,Snow,Winter,6,8,8.0,Dry Van,1,1,2173,60,3965.72,1810.047722,5775.767722,0,0,0,1
SH_2391,"New York, NY","Houston, TX",45.8,15.4,4.57,5.65,High,8.2,Clear,Winter,5,8,2.4,Flatbed,0,1,1630,60,3018.76,1318.424779,4337.184779,0,1,0,0
SH_2393,"Dallas, TX","Miami, FL",42.5,20.4,3.08,6.59,Low,4.7,Fog,Winter,4,8,8.6,Tanker,0,1,1277,60,2353.51,596.8376328,2950.347633,0,0,0,1
SH_2394,"Atlanta, GA","Seattle, WA",67.4,20.9,3.99,6.41,Medium,8.1,Rain,Fall,5,8,5.8,Dry Van,0,2,2505,70,5398.28,1559.274571,6957.554571,1,0,0,0
SH_2395,"Denver, CO","Los Angeles, CA",74.5,12.5,3.24,6.93,High,9.9,Storm,Summer,3,8,4.3,Dry Van,1,3,954,80,2586.29,446.025974,3032.315974,0,1,0,0
SH_2396,"New York, NY","Dallas, TX",67.2,28.7,4.0,5.64,Medium,9.4,Clear,Winter,4,8,8.9,Flatbed,1,2,1576,70,3435.68,1117.730496,4553.410496,1,0,0,0
SH_2397,"Los Angeles, CA","Houston, TX",59.6,18.2,4.23,7.77,High,9.7,Snow,Spring,5,8,1.9,Flatbed,1,1,1577,60,2892.22,858.5212355,3750.741236,0,0,0,1
SH_2398,"Denver, CO","New York, NY",57.1,27.6,4.04,7.91,Medium,9.9,Storm,Fall,6,8,8.8,Tanker,1,1,1872,60,3474.43,956.1163085,4430.546308,1,0,0,0
SH_2399,"Denver, CO","Dallas, TX",69.7,21.4,4.69,4.33,Medium,7.8,Snow,Spring,3,8,1.2,Flatbed,1,2,762,70,1634.49,825.3533487,2459.843349,0,0,0,1
SH_2400,"Miami, FL","Denver, CO",62.4,11.1,3.77,7.89,Medium,9.2,Fog,Summer,5,8,7.0,Flatbed,1,2,1984,70,4315.2,947.9949303,5263.19493,0,0,0,1
SH_2401,"Houston, TX","Miami, FL",71.9,27.1,3.56,6.57,Low,6.4,Storm,Winter,2,8,5.5,Tanker,0,3,1112,80,3022.42,602.5449011,3624.964901,0,1,0,0
SH_2402,"Atlanta, GA","Miami, FL",56.2,10.2,4.22,7.04,Medium,6.6,Fog,Spring,3,8,1.3,Refrigerated,1,1,697,60,1288.06,417.8039773,1705.863977,0,0,1,0
SH_2403,"Miami, FL","Houston, TX",40.8,12.9,3.37,7.73,Low,8.0,Fog,Summer,4,8,9.7,Dry Van,0,1,1112,60,2049.42,484.7917206,2534.211721,0,0,1,0
SH_2404,"Dallas, TX","New York, NY",48.2,9.8,3.45,6.83,High,4.2,Fog,Spring,5,8,6.1,Refrigerated,0,1,1576,60,2918.75,796.0761347,3714.826135,0,1,0,0
SH_2405,"Los Angeles, CA","New York, NY",63.3,14.3,4.61,6.13,Low,4.6,Fog,Fall,7,8,9.5,Tanker,1,2,2812,70,6186.4,2114.734095,8301.134095,0,0,1,0
SH_2406,"Houston, TX","Denver, CO",53.7,17.2,3.29,7.47,Medium,5.7,Storm,Winter,3,8,6.7,Tanker,0,1,1010,60,1839.21,444.832664,2284.042664,0,0,0,1
SH_2407,"Chicago, IL","New York, NY",46.7,10.5,3.09,4.96,Medium,6.1,Clear,Winter,4,8,7.5,Dry Van,1,1,818,60,1537.02,509.6008065,2046.620806,1,0,0,0
SH_2408,"Seattle, WA","New York, NY",67.5,29.4,3.48,7.45,Medium,7.7,Clear,Winter,6,8,6.5,Flatbed,0,2,2762,70,6048.78,1290.169128,7338.949128,0,1,0,0
SH_2409,"Phoenix, AZ","Seattle, WA",48.0,6.8,4.07,7.96,Medium,8.4,Fog,Spring,4,8,8.6,Refrigerated,0,1,1282,60,2346.06,655.4949749,3001.554975,0,0,1,0
SH_2410,"Los Angeles, CA","Miami, FL",50.8,24.3,4.76,6.5,Low,9.6,Snow,Fall,8,8,7.9,Refrigerated,1,1,2686,60,4998.65,1966.978462,6965.628462,1,0,0,0
SH_2411,"Houston, TX","Los Angeles, CA",67.3,20.1,3.49,6.1,Medium,5.4,Clear,Spring,3,8,3.9,Flatbed,0,2,1577,70,3406.32,902.2508197,4308.57082,0,1,0,0
SH_2412,"Dallas, TX","Atlanta, GA",53.4,25.6,3.67,5.76,Medium,7.7,Rain,Fall,2,8,5.1,Dry Van,0,1,828,60,1507.79,527.5625,2035.3525,0,0,0,1
SH_2413,"Denver, CO","Miami, FL",61.2,22.5,4.19,7.68,High,7.8,Fog,Winter,6,8,5.9,Tanker,1,2,1984,70,4315.2,1082.416667,5397.616667,0,1,0,0
SH_2414,"Los Angeles, CA","Miami, FL",58.6,7.2,3.46,7.06,High,8.0,Rain,Summer,6,8,8.6,Refrigerated,0,1,2686,60,4998.65,1316.368272,6315.018272,0,0,0,1
SH_2415,"Seattle, WA","Atlanta, GA",62.9,20.2,3.95,5.11,Medium,6.4,Snow,Summer,5,8,7.6,Dry Van,0,2,2505,70,5398.28,1936.350294,7334.630294,0,0,1,0
SH_2416,"Dallas, TX","Denver, CO",66.2,8.6,3.2,7.45,Medium,9.0,Snow,Summer,3,8,6.1,Tanker,1,2,762,70,1634.49,327.3020134,1961.792013,0,0,1,0
SH_2417,"Los Angeles, CA","Atlanta, GA",47.8,21.7,4.83,5.75,Low,5.8,Rain,Spring,7,8,6.5,Refrigerated,1,1,2223,60,4088.1,1867.32,5955.42,0,0,0,1
SH_2418,"Houston, TX","Seattle, WA",61.3,22.9,3.74,4.86,High,7.2,Fog,Winter,6,8,3.3,Tanker,1,2,2173,70,4671.95,1672.226337,6344.176337,0,1,0,0
SH_2419,"Denver, CO","Atlanta, GA",53.5,8.4,3.71,7.56,High,8.5,Snow,Spring,4,8,6.2,Tanker,0,1,1392,60,2540.4,683.1111111,3223.511111,0,0,1,0
SH_2420,"Dallas, TX","Atlanta, GA",57.6,22.5,3.93,4.76,High,7.1,Fog,Spring,3,8,2.9,Flatbed,1,1,828,60,1507.79,683.6218487,2191.411849,0,1,0,0
SH_2421,"Miami, FL","Dallas, TX",55.4,27.2,4.47,6.67,High,6.8,Clear,Winter,3,8,3.4,Tanker,0,1,1277,60,2353.51,855.8005997,3209.3106,0,1,0,0
SH_2422,"Dallas, TX","Houston, TX",53.6,19.1,3.41,7.66,High,9.5,Rain,Winter,1,8,7.2,Tanker,0,1,259,60,470.34,115.2989556,585.6389556,0,0,0,1
SH_2423,"Miami, FL","Seattle, WA",60.9,9.5,3.29,4.02,Low,9.6,Snow,Spring,7,8,2.7,Dry Van,0,2,3141,70,6847.38,2570.619403,9417.999403,1,0,0,0
SH_2424,"Houston, TX","Dallas, TX",72.5,26.4,3.92,7.31,High,6.5,Clear,Winter,2,8,4.5,Tanker,1,3,259,80,693.08,138.8891929,831.9691929,0,0,1,0
SH_2425,"Phoenix, AZ","Seattle, WA",67.4,8.3,4.7,7.75,High,5.7,Clear,Fall,3,8,3.8,Dry Van,0,2,1282,70,2762.71,777.4709677,3540.180968,0,0,0,1
SH_2426,"Houston, TX","New York, NY",54.6,24.8,3.88,5.73,High,7.3,Snow,Summer,5,8,8.6,Dry Van,1,1,1630,60,3018.76,1103.734729,4122.494729,1,0,0,0
SH_2427,"Dallas, TX","Seattle, WA",68.8,19.1,3.6,5.18,High,6.2,Snow,Winter,4,8,2.3,Tanker,0,2,1932,70,4153.8,1342.702703,5496.502703,0,0,0,1
SH_2428,"Phoenix, AZ","Seattle, WA",60.1,28.0,3.09,5.37,Low,4.1,Snow,Spring,3,8,8.6,Flatbed,0,2,1282,70,2762.71,737.6871508,3500.397151,0,0,1,0
SH_2429,"Seattle, WA","Phoenix, AZ",55.3,7.9,3.83,7.36,High,7.7,Snow,Fall,3,8,2.1,Tanker,0,1,1282,60,2346.06,667.1277174,3013.187717,1,0,0,0
SH_2430,"New York, NY","Dallas, TX",67.4,9.9,4.12,4.45,Medium,6.2,Fog,Spring,3,8,2.2,Tanker,0,2,1576,70,3435.68,1459.12809,4894.80809,0,0,0,1
SH_2431,"Houston, TX","Phoenix, AZ",61.3,17.5,4.25,4.83,Low,8.8,Snow,Fall,3,8,3.2,Refrigerated,0,2,1166,70,2501.07,1025.983437,3527.053437,1,0,0,0
SH_2432,"Chicago, IL","Seattle, WA",68.3,19.9,4.1,7.71,Medium,7.2,Snow,Spring,4,8,0.4,Dry Van,0,2,1993,70,4344.74,1059.831388,5404.571388,0,0,0,1
SH_2433,"Atlanta, GA","Seattle, WA",40.3,27.8,3.82,5.87,Low,9.1,Storm,Fall,8,8,6.1,Refrigerated,0,1,2505,60,4584.15,1630.170358,6214.320358,0,0,1,0
SH_2434,"Atlanta, GA","Chicago, IL",69.2,9.1,3.11,4.77,Low,5.6,Storm,Fall,3,8,2.1,Flatbed,1,2,677,70,1472.47,441.3983229,1913.868323,0,0,1,0
SH_2435,"Los Angeles, CA","Atlanta, GA",48.4,27.1,4.55,4.3,High,9.0,Storm,Winter,6,8,2.5,Refrigerated,0,1,2223,60,4088.1,2352.244186,6440.344186,1,0,0,0
SH_2436,"Los Angeles, CA","Chicago, IL",70.3,24.5,3.92,5.29,Low,9.3,Clear,Spring,4,8,3.0,Refrigerated,0,3,2004,80,5502.98,1485.005671,6987.985671,0,0,1,0
SH_2437,"Dallas, TX","New York, NY",70.9,27.6,4.32,6.93,High,4.2,Storm,Fall,4,8,0.2,Tanker,1,3,1576,80,4305.63,982.4415584,5288.071558,0,1,0,0
SH_2438,"Denver, CO","Chicago, IL",72.5,10.9,4.69,6.66,Low,7.5,Storm,Fall,2,8,2.0,Tanker,0,3,1056,80,2877.6,743.6396396,3621.23964,1,0,0,0
SH_2439,"Dallas, TX","Seattle, WA",69.6,7.2,4.72,5.93,Medium,9.0,Rain,Summer,4,8,9.7,Tanker,0,2,1932,70,4153.8,1537.780776,5691.580776,0,0,1,0
SH_2440,"Houston, TX","Dallas, TX",42.4,19.9,4.45,7.84,Low,6.4,Storm,Summer,1,8,9.0,Dry Van,0,1,259,60,470.34,147.0089286,617.3489286,0,1,0,0
SH_2441,"Chicago, IL","Seattle, WA",73.3,7.6,3.08,7.89,Medium,4.5,Snow,Fall,4,8,6.5,Refrigerated,0,3,1993,80,5444.88,778.0025349,6222.882535,1,0,0,0
SH_2442,"Miami, FL","Houston, TX",48.9,5.7,4.04,5.88,High,5.8,Snow,Winter,3,8,1.6,Flatbed,0,1,1112,60,2049.42,764.0272109,2813.447211,1,0,0,0
SH_2443,"Atlanta, GA","Dallas, TX",74.1,20.3,3.34,7.98,Medium,7.2,Rain,Winter,3,8,1.5,Dry Van,1,3,828,80,2221.52,346.556391,2568.076391,0,0,0,1
SH_2444,"Miami, FL","Denver, CO",71.9,18.3,3.58,4.51,Low,5.8,Snow,Winter,5,8,2.1,Flatbed,1,3,1984,80,5406.4,1574.882483,6981.282483,0,0,1,0
SH_2445,"Denver, CO","New York, NY",63.2,6.8,3.67,4.07,Medium,8.5,Clear,Winter,5,8,5.3,Flatbed,1,2,1872,70,4090.32,1688.019656,5778.339656,0,1,0,0
SH_2446,"Miami, FL","Houston, TX",40.0,19.5,4.63,4.15,High,4.0,Clear,Spring,4,8,5.6,Dry Van,0,1,1112,60,2049.42,1240.616867,3290.036867,0,0,0,1
SH_2447,"Phoenix, AZ","Seattle, WA",41.6,19.0,3.82,7.09,Low,6.4,Fog,Summer,4,8,1.0,Tanker,0,1,1282,60,2346.06,690.7249647,3036.784965,0,0,0,1
SH_2448,"Seattle, WA","Dallas, TX",44.9,6.1,4.08,7.18,High,7.7,Rain,Fall,6,8,6.8,Tanker,0,1,1932,60,3525.9,1097.849582,4623.749582,0,1,0,0
SH_2449,"Houston, TX","Seattle, WA",52.7,12.9,4.42,4.65,Medium,4.1,Storm,Fall,7,8,6.1,Refrigerated,1,1,2173,60,3965.72,2065.51828,6031.23828,0,0,0,1
SH_2450,"New York, NY","Phoenix, AZ",63.5,17.4,4.44,7.3,High,5.3,Rain,Fall,6,8,2.2,Flatbed,1,2,2461,70,5377.29,1496.827397,6874.117397,0,0,1,0
SH_2451,"Seattle, WA","Phoenix, AZ",71.0,13.6,3.75,7.44,Low,7.1,Snow,Winter,4,8,8.6,Dry Van,1,3,1282,80,3457.55,646.1693548,4103.719355,1,0,0,0
SH_2452,"Los Angeles, CA","Miami, FL",63.9,7.1,3.36,5.62,Low,7.0,Storm,Fall,6,8,9.7,Tanker,0,2,2686,70,5882.34,1605.864769,7488.204769,0,0,0,1
SH_2453,"New York, NY","Atlanta, GA",51.0,29.1,4.38,5.57,Low,8.2,Clear,Spring,4,8,3.9,Tanker,1,1,858,60,1592.45,674.6929982,2267.142998,1,0,0,0
SH_2454,"Phoenix, AZ","Seattle, WA",67.9,13.9,4.87,7.37,High,9.5,Rain,Fall,4,8,2.9,Flatbed,1,2,1282,70,2762.71,847.1289009,3609.838901,0,1,0,0
SH_2455,"Chicago, IL","Seattle, WA",55.3,16.8,4.0,7.54,High,7.6,Snow,Spring,6,8,3.9,Flatbed,1,1,1993,60,3691.04,1057.29443,4748.33443,0,0,0,1
SH_2456,"Miami, FL","New York, NY",72.6,28.7,4.9,7.77,Medium,8.9,Clear,Fall,4,8,8.4,Tanker,1,3,1256,80,3484.14,792.0720721,4276.212072,0,0,0,1
SH_2457,"Houston, TX","Chicago, IL",44.7,14.8,4.94,5.4,High,9.2,Rain,Fall,5,8,3.3,Dry Van,1,1,1083,60,1995.97,990.7444444,2986.714444,0,1,0,0
SH_2459,"New York, NY","Denver, CO",62.6,14.4,3.42,6.88,Medium,8.9,Snow,Spring,4,8,7.5,Refrigerated,0,2,1872,70,4090.32,930.5581395,5020.87814,0,0,1,0
SH_2460,"New York, NY","Phoenix, AZ",46.7,8.1,3.28,4.74,High,7.2,Storm,Winter,7,8,5.9,Tanker,0,1,2461,60,4567.62,1702.970464,6270.590464,1,0,0,0
SH_2461,"Houston, TX","Miami, FL",63.6,6.8,4.63,6.59,Low,5.0,Clear,Summer,4,8,1.5,Dry Van,1,2,1112,70,2413.04,781.2685888,3194.308589,0,0,0,1
SH_2462,"Phoenix, AZ","Dallas, TX",44.4,15.1,3.08,5.09,Medium,6.4,Storm,Spring,3,8,5.4,Flatbed,0,1,1017,60,1851.96,615.3948919,2467.354892,0,1,0,0
SH_2463,"Los Angeles, CA","Miami, FL",58.3,17.7,3.63,7.32,Low,7.3,Storm,Winter,6,8,9.5,Flatbed,0,1,2686,60,4998.65,1331.991803,6330.641803,0,0,0,1
SH_2464,"Denver, CO","Atlanta, GA",74.4,22.3,3.76,5.12,Medium,8.0,Fog,Summer,4,8,1.5,Flatbed,1,3,1392,80,3744.48,1022.25,4766.73,1,0,0,0
SH_2465,"Los Angeles, CA","Atlanta, GA",67.7,7.1,4.2,4.54,Medium,6.6,Fog,Spring,6,8,2.0,Refrigerated,1,2,2223,70,4812.8,2056.519824,6869.319824,0,0,1,0
SH_2466,"Houston, TX","Dallas, TX",55.0,19.4,3.6,6.17,Low,9.7,Fog,Spring,2,8,3.1,Refrigerated,1,1,259,60,470.34,151.1183144,621.4583144,0,1,0,0
SH_2467,"Phoenix, AZ","Atlanta, GA",58.0,5.0,4.23,7.99,Low,5.8,Fog,Winter,5,8,0.4,Tanker,1,1,1827,60,3334.28,967.2352941,4301.515294,1,0,0,0
SH_2468,"Dallas, TX","Phoenix, AZ",66.3,10.8,4.97,6.01,Low,9.7,Snow,Winter,2,8,4.5,Flatbed,0,2,1017,70,2181.47,841.0133111,3022.483311,0,1,0,0
SH_2469,"New York, NY","Miami, FL",58.7,16.3,3.07,5.04,High,5.3,Rain,Fall,3,8,7.1,Flatbed,0,1,1256,60,2360.02,765.0634921,3125.083492,0,0,0,1
SH_2470,"Miami, FL","Los Angeles, CA",70.7,27.5,4.11,6.74,Low,4.1,Clear,Summer,6,8,8.2,Refrigerated,1,3,2686,80,7375.76,1637.902077,9013.662077,0,0,1,0
SH_2471,"Dallas, TX","Los Angeles, CA",59.0,27.7,3.36,5.41,Low,6.0,Clear,Fall,5,8,8.4,Flatbed,1,1,1423,60,2609.78,883.7855823,3493.565582,0,1,0,0
SH_2472,"New York, NY","Miami, FL",53.2,7.2,3.94,7.01,Low,6.2,Clear,Fall,3,8,9.3,Dry Van,0,1,1256,60,2360.02,705.9400856,3065.960086,0,0,0,1
SH_2473,"Seattle, WA","Houston, TX",62.3,8.4,3.29,4.41,High,7.7,Snow,Summer,5,8,8.4,Refrigerated,0,2,2173,70,4671.95,1621.126984,6293.076984,0,1,0,0
SH_2474,"New York, NY","Seattle, WA",52.8,16.3,4.42,7.75,Medium,9.4,Storm,Spring,8,8,2.1,Tanker,1,1,2762,60,5140.08,1575.230968,6715.310968,1,0,0,0
SH_2475,"Los Angeles, CA","Houston, TX",67.8,5.5,4.01,7.09,Medium,4.6,Clear,Fall,3,8,7.8,Flatbed,0,2,1577,70,3406.32,891.9280677,4298.248068,0,1,0,0
SH_2476,"Phoenix, AZ","Atlanta, GA",51.0,23.0,4.56,7.74,High,6.2,Clear,Spring,5,8,6.0,Flatbed,0,1,1827,60,3334.28,1076.372093,4410.652093,0,0,0,1
SH_2477,"Houston, TX","Miami, FL",71.2,5.1,3.56,6.15,Low,5.1,Snow,Fall,2,8,3.5,Refrigerated,0,3,1112,80,3022.42,643.6943089,3666.114309,1,0,0,0
SH_2478,"Chicago, IL","Phoenix, AZ",43.5,10.1,3.0,5.49,Low,5.7,Snow,Fall,5,8,7.5,Dry Van,0,1,1670,60,3086.16,912.568306,3998.728306,0,1,0,0
SH_2479,"Miami, FL","Los Angeles, CA",65.9,21.9,3.56,4.06,High,4.7,Clear,Fall,7,8,8.2,Dry Van,1,2,2686,70,5882.34,2355.211823,8237.551823,1,0,0,0
SH_2480,"Dallas, TX","Denver, CO",72.1,24.7,3.57,7.38,Low,4.7,Storm,Spring,3,8,9.9,Dry Van,1,3,762,80,2044.45,368.6097561,2413.059756,1,0,0,0
SH_2481,"Seattle, WA","New York, NY",47.3,15.1,3.67,5.38,High,8.6,Snow,Spring,8,8,0.4,Dry Van,0,1,2762,60,5140.08,1884.115242,7024.195242,0,1,0,0
SH_2482,"Denver, CO","Houston, TX",50.4,29.9,4.91,7.76,Low,8.9,Storm,Winter,4,8,7.6,Dry Van,1,1,1010,60,1839.21,639.0592784,2478.269278,1,0,0,0
SH_2483,"Dallas, TX","Phoenix, AZ",63.3,15.3,4.37,4.92,Medium,10.0,Clear,Fall,4,8,9.3,Dry Van,1,2,1017,70,2181.47,903.3109756,3084.780976,0,0,1,0
SH_2484,"New York, NY","Miami, FL",72.5,13.4,4.52,7.8,Low,7.9,Snow,Fall,3,8,1.0,Refrigerated,0,3,1256,80,3484.14,727.8358974,4211.975897,0,0,0,1
SH_2485,"New York, NY","Los Angeles, CA",71.0,11.0,4.58,6.7,Low,5.3,Storm,Winter,6,8,4.3,Dry Van,1,3,2812,80,7761.12,1922.232836,9683.352836,0,0,0,1
SH_2486,"Chicago, IL","Dallas, TX",72.0,23.5,3.73,5.2,High,8.1,Snow,Winter,2,8,6.3,Flatbed,0,3,925,80,2514.15,663.5096154,3177.659615,0,0,0,1
SH_2487,"Chicago, IL","New York, NY",57.5,27.1,3.08,7.69,Medium,5.2,Storm,Fall,2,8,1.9,Flatbed,0,1,818,60,1537.02,327.6254876,1864.645488,1,0,0,0
SH_2488,"Los Angeles, CA","Miami, FL",42.5,9.3,3.05,5.34,High,4.3,Fog,Fall,8,8,2.2,Flatbed,0,1,2686,60,4998.65,1534.138577,6532.788577,0,0,1,0
SH_2489,"Los Angeles, CA","Dallas, TX",69.1,8.7,4.1,6.84,High,9.2,Storm,Summer,4,8,6.5,Refrigerated,1,2,1423,70,3073.68,852.9678363,3926.647836,0,0,1,0
SH_2490,"Houston, TX","Chicago, IL",43.9,22.7,4.99,6.95,Low,4.1,Clear,Winter,4,8,6.1,Refrigerated,0,1,1083,60,1995.97,777.5784173,2773.548417,0,0,1,0
SH_2491,"Phoenix, AZ","Miami, FL",65.2,19.0,3.45,7.77,Medium,8.2,Clear,Winter,6,8,9.2,Refrigerated,1,2,2276,70,4950.3,1010.579151,5960.879151,0,0,0,1
SH_2492,"Dallas, TX","Chicago, IL",54.2,6.0,3.1,5.14,Low,7.8,Snow,Spring,4,8,6.3,Refrigerated,1,1,925,60,1704.77,557.8793774,2262.649377,0,0,0,1
SH_2493,"New York, NY","Houston, TX",40.7,7.6,3.72,4.62,High,4.5,Storm,Summer,7,8,8.2,Flatbed,1,1,1630,60,3018.76,1312.467532,4331.227532,0,0,1,0
SH_2494,"Houston, TX","Dallas, TX",68.6,21.6,4.47,5.09,Low,10.0,Fog,Spring,2,8,2.1,Refrigerated,1,2,259,70,554.26,227.4518664,781.7118664,0,0,0,1
SH_2495,"New York, NY","Seattle, WA",74.1,29.7,4.59,6.52,Medium,7.1,Storm,Summer,5,8,1.4,Flatbed,0,3,2762,80,7584.45,1944.41411,9528.86411,1,0,0,0
SH_2496,"Chicago, IL","Dallas, TX",43.6,12.1,3.18,7.88,Medium,6.4,Snow,Spring,3,8,9.7,Dry Van,0,1,925,60,1704.77,373.286802,2078.056802,0,0,1,0
SH_2497,"Atlanta, GA","Chicago, IL",55.9,24.5,3.31,4.38,Medium,9.3,Snow,Spring,2,8,9.7,Flatbed,0,1,677,60,1251.1,511.6141553,1762.714155,0,0,1,0
SH_2498,"Denver, CO","Dallas, TX",54.7,8.5,4.45,6.25,High,8.3,Snow,Winter,3,8,0.7,Flatbed,1,1,762,60,1387.6,542.544,1930.144,0,1,0,0
SH_2499,"New York, NY","Chicago, IL",51.0,5.2,3.02,5.32,High,8.4,Snow,Spring,4,8,4.9,Dry Van,1,1,818,60,1537.02,464.3533835,2001.373383,1,0,0,0
SH_2500,"Atlanta, GA","Miami, FL",41.2,24.1,3.07,5.82,High,4.9,Snow,Spring,4,8,3.1,Flatbed,1,1,697,60,1288.06,367.661512,1655.721512,0,0,0,1
SH_2501,"Denver, CO","Chicago, IL",55.0,24.3,3.96,7.16,Low,4.4,Fog,Fall,3,8,5.5,Flatbed,0,1,1056,60,1951.49,584.0446927,2535.534693,0,1,0,0
SH_2502,"Denver, CO","New York, NY",42.6,6.1,3.31,6.56,Low,6.4,Clear,Fall,7,8,0.7,Tanker,1,1,1872,60,3474.43,944.5609756,4418.990976,1,0,0,0
SH_2503,"Houston, TX","Dallas, TX",50.5,20.7,4.37,4.5,Low,9.7,Fog,Summer,1,8,7.1,Refrigerated,0,1,259,60,470.34,251.5177778,721.8577778,1,0,0,0
SH_2504,"Atlanta, GA","Houston, TX",47.8,26.2,4.64,5.58,High,7.5,Snow,Spring,3,8,2.7,Flatbed,0,1,806,60,1467.73,670.2222222,2137.952222,0,1,0,0
SH_2505,"Denver, CO","Phoenix, AZ",74.4,24.9,4.55,5.37,Medium,8.0,Rain,Summer,2,8,9.9,Dry Van,0,3,673,80,1810.37,570.2327747,2380.602775,0,1,0,0
SH_2506,"Atlanta, GA","Los Angeles, CA",62.4,26.9,3.0,7.9,Medium,6.2,Clear,Winter,5,8,1.5,Tanker,0,2,2223,70,4812.8,844.1772152,5656.977215,1,0,0,0
SH_2507,"Denver, CO","Miami, FL",70.5,5.5,3.11,7.67,Low,4.7,Fog,Spring,4,8,6.2,Dry Van,0,3,1984,80,5406.4,804.464146,6210.864146,0,1,0,0
SH_2508,"Phoenix, AZ","Seattle, WA",60.0,15.9,4.95,4.92,Low,5.6,Storm,Winter,3,8,9.8,Refrigerated,0,1,1282,60,2346.06,1289.817073,3635.877073,0,0,0,1
SH_2509,"Atlanta, GA","New York, NY",40.4,22.6,3.81,7.87,Medium,5.7,Clear,Winter,3,8,1.3,Flatbed,0,1,858,60,1592.45,415.3722999,2007.8223,1,0,0,0
SH_2510,"New York, NY","Dallas, TX",41.5,6.8,3.49,4.08,Medium,5.5,Clear,Summer,5,8,2.4,Refrigerated,0,1,1576,60,2918.75,1348.098039,4266.848039,0,1,0,0
SH_2511,"Seattle, WA","New York, NY",67.9,28.5,4.21,5.04,High,9.0,Snow,Spring,6,8,8.7,Flatbed,0,2,2762,70,6048.78,2307.146825,8355.926825,0,0,0,1
SH_2512,"Chicago, IL","New York, NY",63.3,21.8,3.39,4.8,Medium,6.8,Fog,Spring,2,8,0.1,Refrigerated,0,2,818,70,1807.78,577.7125,2385.4925,0,0,1,0
SH_2513,"Houston, TX","Miami, FL",42.0,17.0,4.28,6.75,Medium,4.4,Storm,Fall,4,8,5.8,Dry Van,0,1,1112,60,2049.42,705.0903704,2754.51037,0,0,1,0
SH_2514,"Chicago, IL","Los Angeles, CA",44.7,21.6,4.04,4.65,High,7.2,Storm,Fall,6,8,6.4,Dry Van,0,1,2004,60,3729.44,1741.109677,5470.549677,0,0,0,1
SH_2515,"Denver, CO","Dallas, TX",40.2,8.8,3.85,7.21,Low,5.7,Fog,Spring,3,8,8.0,Flatbed,0,1,762,60,1387.6,406.8932039,1794.493204,1,0,0,0
SH_2516,"Phoenix, AZ","Miami, FL",50.8,6.5,3.97,5.1,High,6.4,Rain,Winter,7,8,7.4,Dry Van,1,1,2276,60,4206.05,1771.709804,5977.759804,0,0,1,0
SH_2517,"Phoenix, AZ","Dallas, TX",40.5,16.0,4.3,6.81,High,5.1,Rain,Winter,4,8,8.1,Tanker,0,1,1017,60,1851.96,642.1585903,2494.11859,0,0,0,1
SH_2518,"Chicago, IL","Miami, FL",71.3,9.6,3.08,4.63,Low,5.1,Storm,Winter,3,8,3.9,Refrigerated,0,3,1370,80,3781.2,911.3606911,4692.560691,0,1,0,0
SH_2519,"Denver, CO","Los Angeles, CA",74.1,11.8,4.41,7.71,High,8.1,Storm,Spring,3,8,2.2,Flatbed,1,3,954,80,2586.29,545.6731518,3131.963152,0,0,0,1
SH_2520,"Seattle, WA","Chicago, IL",59.7,22.5,4.99,4.13,High,4.4,Fog,Winter,5,8,7.4,Dry Van,0,1,1993,60,3691.04,2408.007264,6099.047264,0,1,0,0
SH_2521,"Denver, CO","Chicago, IL",61.8,13.1,3.91,4.86,High,9.2,Fog,Spring,4,8,9.4,Dry Van,1,2,1056,70,2296.8,849.5802469,3146.380247,0,1,0,0
SH_2523,"Los Angeles, CA","Chicago, IL",45.4,26.0,3.13,5.16,High,5.8,Storm,Winter,7,8,0.1,Flatbed,1,1,2004,60,3729.44,1215.604651,4945.044651,0,1,0,0
SH_2524,"Atlanta, GA","Phoenix, AZ",72.7,12.8,3.72,5.89,High,7.4,Storm,Spring,5,8,1.6,Flatbed,1,3,1827,80,4914.63,1153.894737,6068.524737,0,0,0,1
SH_2525,"New York, NY","Los Angeles, CA",59.7,6.4,4.33,4.96,High,4.7,Fog,Spring,7,8,4.7,Dry Van,1,1,2812,60,5258.44,2454.830645,7713.270645,0,0,0,1
SH_2526,"Houston, TX","Dallas, TX",41.5,15.4,4.52,7.5,Low,4.6,Storm,Spring,2,8,3.7,Refrigerated,1,1,259,60,470.34,156.0906667,626.4306667,0,0,0,1
SH_2527,"Los Angeles, CA","Dallas, TX",52.3,14.1,3.42,7.84,Low,6.7,Storm,Spring,4,8,4.5,Dry Van,0,1,1423,60,2609.78,620.747449,3230.527449,1,0,0,0
SH_2528,"Atlanta, GA","Los Angeles, CA",68.4,5.7,4.38,6.38,Low,4.9,Clear,Summer,6,8,6.5,Flatbed,1,2,2223,70,4812.8,1526.134796,6338.934796,0,0,1,0
SH_2529,"Houston, TX","Phoenix, AZ",43.3,23.5,4.6,6.9,High,5.2,Rain,Spring,4,8,1.7,Flatbed,0,1,1166,60,2123.29,777.3333333,2900.623333,0,0,0,1
SH_2530,"Denver, CO","Miami, FL",67.9,24.4,3.93,7.46,High,9.6,Rain,Winter,4,8,4.6,Refrigerated,0,2,1984,70,4315.2,1045.190349,5360.390349,0,1,0,0
SH_2531,"Los Angeles, CA","Dallas, TX",70.9,13.4,4.15,6.38,Low,7.1,Clear,Summer,3,8,3.6,Refrigerated,0,3,1423,80,3847.79,925.6191223,4773.409122,0,0,0,1
SH_2532,"Los Angeles, CA","New York, NY",57.9,29.5,3.25,5.49,Medium,9.6,Fog,Summer,7,8,5.0,Refrigerated,0,1,2812,60,5258.44,1664.663024,6923.103024,0,0,1,0
SH_2533,"Atlanta, GA","Miami, FL",66.3,19.5,3.24,6.8,Low,8.2,Clear,Spring,3,8,0.9,Flatbed,1,2,697,70,1515.97,332.1,1848.07,0,1,0,0
SH_2534,"Miami, FL","Dallas, TX",41.8,16.9,4.81,4.01,Medium,5.6,Fog,Spring,4,8,7.1,Flatbed,0,1,1277,60,2353.51,1531.763092,3885.273092,0,1,0,0
SH_2535,"Miami, FL","Atlanta, GA",69.6,12.4,4.82,6.97,Medium,6.4,Fog,Summer,2,8,2.6,Tanker,0,2,697,70,1515.97,482.0,1997.97,0,0,1,0
SH_2536,"New York, NY","Seattle, WA",50.9,13.2,3.38,7.23,Low,5.7,Clear,Winter,7,8,4.1,Refrigerated,0,1,2762,60,5140.08,1291.22545,6431.30545,0,1,0,0
SH_2537,"Denver, CO","Chicago, IL",54.4,17.6,4.63,7.28,Medium,8.8,Fog,Winter,3,8,0.4,Refrigerated,0,1,1056,60,1951.49,671.6043956,2623.094396,1,0,0,0
SH_2538,"Chicago, IL","Dallas, TX",41.6,24.7,4.83,5.95,Low,8.8,Storm,Summer,4,8,8.0,Flatbed,1,1,925,60,1704.77,750.8823529,2455.652353,0,1,0,0
SH_2539,"Denver, CO","Los Angeles, CA",47.2,17.5,4.92,5.37,High,9.8,Clear,Spring,4,8,7.0,Flatbed,1,1,954,60,1754.41,874.0558659,2628.465866,0,1,0,0
SH_2540,"Phoenix, AZ","Dallas, TX",73.9,27.6,4.02,7.62,Low,6.4,Snow,Fall,3,8,2.5,Dry Van,1,3,1017,80,2728.61,536.5275591,3265.137559,0,0,0,1
SH_2541,"Denver, CO","Phoenix, AZ",40.5,18.7,3.32,5.13,Medium,5.8,Rain,Fall,3,8,6.3,Refrigerated,0,1,673,60,1228.23,435.5477583,1663.777758,0,0,0,1
SH_2542,"New York, NY","Seattle, WA",60.5,12.6,4.28,7.32,Medium,10.0,Snow,Winter,7,8,1.9,Dry Van,1,2,2762,70,6048.78,1614.939891,7663.719891,0,0,0,1
SH_2543,"Houston, TX","New York, NY",72.8,10.3,3.51,4.6,Low,8.4,Fog,Fall,3,8,9.7,Tanker,0,3,1630,80,4453.16,1243.76087,5696.92087,0,0,0,1
SH_2544,"Houston, TX","Atlanta, GA",61.9,17.9,3.65,7.55,Low,8.0,Storm,Fall,2,8,1.7,Dry Van,0,2,806,70,1728.87,389.6556291,2118.525629,0,0,1,0
SH_2545,"Houston, TX","Denver, CO",44.9,11.7,3.83,7.45,Medium,5.7,Rain,Spring,4,8,4.6,Refrigerated,1,1,1010,60,1839.21,519.2348993,2358.444899,0,0,0,1
SH_2546,"Los Angeles, CA","Denver, CO",49.3,8.9,4.74,4.44,Low,8.6,Snow,Spring,3,8,8.6,Dry Van,0,1,954,60,1754.41,1018.459459,2772.869459,0,1,0,0
SH_2547,"Denver, CO","Los Angeles, CA",49.9,19.4,3.03,5.9,Medium,4.5,Storm,Summer,3,8,1.1,Dry Van,0,1,954,60,1754.41,489.9355932,2244.345593,0,1,0,0
SH_2548,"Chicago, IL","Seattle, WA",58.3,27.8,3.04,6.55,High,5.8,Clear,Fall,6,8,8.7,Flatbed,1,1,1993,60,3691.04,924.9954198,4616.03542,1,0,0,0
SH_2549,"Los Angeles, CA","Atlanta, GA",48.6,28.7,4.38,7.81,Medium,7.4,Clear,Fall,6,8,8.9,Dry Van,0,1,2223,60,4088.1,1246.701665,5334.801665,0,1,0,0
SH_2550,"Atlanta, GA","Seattle, WA",50.9,11.1,4.14,7.21,Low,8.6,Rain,Summer,7,8,3.8,Tanker,0,1,2505,60,4584.15,1438.377254,6022.527254,0,1,0,0
SH_2551,"Miami, FL","Dallas, TX",47.4,23.5,3.3,4.89,High,6.5,Rain,Spring,5,8,2.1,Refrigerated,1,1,1277,60,2353.51,861.7791411,3215.289141,0,0,1,0
SH_2552,"Atlanta, GA","Dallas, TX",73.3,9.8,4.72,4.46,Low,9.2,Clear,Winter,3,8,8.5,Dry Van,1,3,828,80,2221.52,876.2690583,3097.789058,0,1,0,0
SH_2553,"Denver, CO","Dallas, TX",60.9,27.9,4.17,6.85,High,6.5,Snow,Summer,3,8,5.8,Tanker,1,2,762,70,1634.49,463.8744526,2098.364453,0,1,0,0
SH_2554,"New York, NY","Houston, TX",67.8,29.1,3.46,5.47,Medium,7.0,Fog,Fall,5,8,8.8,Dry Van,1,2,1630,70,3553.4,1031.042048,4584.442048,1,0,0,0
SH_2555,"Atlanta, GA","Miami, FL",43.6,25.8,4.36,4.13,Medium,4.8,Snow,Fall,3,8,6.6,Dry Van,1,1,697,60,1288.06,735.8159806,2023.875981,0,0,1,0
SH_2556,"Denver, CO","Seattle, WA",65.2,21.5,4.53,6.3,Low,5.6,Fog,Spring,3,8,0.2,Dry Van,0,2,1172,70,2525.66,842.7238095,3368.38381,0,0,0,1
SH_2557,"Chicago, IL","Los Angeles, CA",65.5,15.7,3.05,4.26,Medium,7.9,Snow,Winter,5,8,5.1,Flatbed,1,2,2004,70,4388.76,1434.788732,5823.548732,0,1,0,0
SH_2558,"New York, NY","Houston, TX",49.0,5.5,3.55,5.8,Low,5.2,Snow,Spring,5,8,7.2,Tanker,0,1,1630,60,3018.76,997.6724138,4016.432414,0,0,1,0
SH_2559,"Miami, FL","New York, NY",72.8,20.4,3.11,6.96,Medium,4.7,Fog,Summer,3,8,7.5,Tanker,0,3,1256,80,3484.14,561.2298851,4045.369885,1,0,0,0
SH_2560,"Chicago, IL","Atlanta, GA",65.5,10.8,3.86,7.56,Medium,4.1,Snow,Spring,3,8,2.7,Refrigerated,1,2,677,70,1472.47,345.6640212,1818.134021,0,1,0,0
SH_2561,"New York, NY","Chicago, IL",69.4,22.4,3.23,5.98,Low,6.8,Fog,Winter,2,8,8.0,Dry Van,0,2,818,70,1807.78,441.8294314,2249.609431,0,0,0,1
SH_2562,"Houston, TX","Seattle, WA",66.7,9.8,3.63,4.38,Low,4.9,Rain,Spring,5,8,2.0,Tanker,0,2,2173,70,4671.95,1800.910959,6472.860959,0,0,0,1
SH_2563,"Houston, TX","Miami, FL",44.3,26.6,3.06,7.91,Low,5.2,Clear,Fall,4,8,5.8,Tanker,0,1,1112,60,2049.42,430.1795196,2479.59952,0,1,0,0
SH_2564,"Phoenix, AZ","Atlanta, GA",61.1,26.3,3.1,7.2,High,6.4,Clear,Winter,5,8,6.2,Flatbed,1,2,1827,70,3928.05,786.625,4714.675,0,0,1,0
SH_2566,"Chicago, IL","Seattle, WA",70.0,25.0,4.78,5.34,Medium,7.0,Rain,Spring,5,8,2.6,Dry Van,1,2,1993,70,4344.74,1783.996255,6128.736255,1,0,0,0
SH_2567,"Los Angeles, CA","Denver, CO",69.1,24.3,4.94,7.98,Medium,5.4,Snow,Summer,2,8,0.9,Tanker,0,2,954,70,2065.41,590.5714286,2655.981429,0,0,1,0
SH_2568,"Chicago, IL","Phoenix, AZ",47.7,12.5,4.89,5.05,High,8.0,Rain,Winter,6,8,0.9,Tanker,1,1,1670,60,3086.16,1617.089109,4703.249109,0,0,1,0
SH_2569,"Los Angeles, CA","Atlanta, GA",61.8,11.2,3.6,6.83,Medium,4.6,Fog,Spring,6,8,9.4,Tanker,1,2,2223,70,4812.8,1171.713031,5984.513031,1,0,0,0
SH_2570,"Miami, FL","Denver, CO",55.2,23.5,4.56,7.08,Low,10.0,Fog,Winter,6,8,9.8,Flatbed,1,1,1984,60,3666.43,1277.830508,4944.260508,0,0,0,1
SH_2571,"Dallas, TX","New York, NY",69.8,16.4,4.74,4.88,High,8.7,Snow,Spring,3,8,8.2,Tanker,0,2,1576,70,3435.68,1530.786885,4966.466885,0,0,1,0
SH_2572,"Dallas, TX","Miami, FL",43.4,27.4,4.16,6.62,High,5.7,Storm,Winter,4,8,4.2,Flatbed,0,1,1277,60,2353.51,802.4652568,3155.975257,0,0,1,0
SH_2573,"Los Angeles, CA","Phoenix, AZ",64.6,22.4,3.72,5.54,Low,7.4,Rain,Winter,1,8,7.5,Dry Van,0,2,410,70,887.65,275.3068592,1162.956859,0,1,0,0
SH_2574,"Miami, FL","Phoenix, AZ",51.8,18.1,4.74,4.03,Low,8.3,Clear,Fall,7,8,2.1,Flatbed,1,1,2276,60,4206.05,2676.98263,6883.03263,0,0,0,1
SH_2575,"Atlanta, GA","Chicago, IL",71.4,27.8,3.12,6.09,Medium,4.9,Storm,Winter,2,8,6.7,Tanker,0,3,677,80,1844.82,346.8374384,2191.657438,1,0,0,0
SH_2576,"Dallas, TX","Atlanta, GA",44.1,25.8,4.35,4.03,Low,7.8,Fog,Summer,3,8,4.2,Dry Van,0,1,828,60,1507.79,893.7468983,2401.536898,0,0,0,1
SH_2577,"Seattle, WA","Denver, CO",61.7,21.0,4.93,4.71,High,7.7,Clear,Spring,3,8,6.7,Tanker,0,2,1172,70,2525.66,1226.7431,3752.4031,0,0,1,0
SH_2578,"Miami, FL","Los Angeles, CA",45.6,29.1,3.64,5.57,Medium,4.9,Storm,Summer,8,8,7.2,Refrigerated,0,1,2686,60,4998.65,1755.303411,6753.953411,0,0,1,0
SH_2579,"Los Angeles, CA","New York, NY",63.5,21.2,3.44,7.03,High,4.5,Fog,Spring,6,8,3.2,Refrigerated,0,2,2812,70,6186.4,1376.0,7562.4,0,0,1,0
SH_2580,"Dallas, TX","Houston, TX",43.7,23.8,3.72,6.21,Medium,5.7,Rain,Summer,1,8,9.1,Refrigerated,0,1,259,60,470.34,155.1497585,625.4897585,1,0,0,0
SH_2581,"Atlanta, GA","Denver, CO",46.5,26.0,4.07,6.83,Low,5.3,Storm,Summer,5,8,8.9,Flatbed,1,1,1392,60,2540.4,829.4934114,3369.893411,0,0,0,1
SH_2582,"Denver, CO","Chicago, IL",56.3,24.4,3.12,6.82,High,8.9,Fog,Winter,4,8,1.8,Refrigerated,1,1,1056,60,1951.49,483.0967742,2434.586774,0,0,1,0
SH_2583,"New York, NY","Phoenix, AZ",48.2,29.1,4.3,5.19,High,9.6,Rain,Spring,7,8,2.8,Tanker,0,1,2461,60,4567.62,2038.978805,6606.598805,0,0,0,1
SH_2584,"Chicago, IL","Dallas, TX",47.0,29.3,4.03,7.58,Low,6.1,Rain,Fall,4,8,3.6,Flatbed,1,1,925,60,1704.77,491.7875989,2196.557599,1,0,0,0
SH_2585,"Seattle, WA","Atlanta, GA",61.0,6.3,4.72,7.05,High,5.3,Storm,Spring,7,8,7.2,Flatbed,1,2,2505,70,5398.28,1677.106383,7075.386383,0,0,1,0
SH_2586,"Denver, CO","Houston, TX",41.2,11.8,3.93,7.9,Medium,9.3,Fog,Fall,5,8,7.2,Refrigerated,1,1,1010,60,1839.21,502.443038,2341.653038,0,1,0,0
SH_2587,"Phoenix, AZ","Houston, TX",40.3,23.0,3.92,6.72,Low,7.6,Rain,Spring,4,8,2.9,Refrigerated,0,1,1166,60,2123.29,680.1666667,2803.456667,0,1,0,0
SH_2588,"Los Angeles, CA","Seattle, WA",48.2,15.9,4.95,7.06,High,5.9,Clear,Summer,3,8,0.5,Dry Van,0,1,1104,60,2034.67,774.0509915,2808.720992,0,0,0,1
SH_2589,"Miami, FL","Seattle, WA",65.1,19.3,3.94,6.76,High,6.4,Storm,Spring,7,8,9.0,Refrigerated,0,2,3141,70,6847.38,1830.701183,8678.081183,0,0,0,1
SH_2590,"Miami, FL","Denver, CO",54.3,5.6,4.27,6.96,Medium,5.8,Rain,Summer,6,8,9.9,Refrigerated,1,1,1984,60,3666.43,1217.195402,4883.625402,0,0,1,0
SH_2591,"Dallas, TX","Denver, CO",52.3,20.7,3.36,4.8,High,9.5,Fog,Spring,2,8,3.1,Flatbed,0,1,762,60,1387.6,533.4,1921.0,0,1,0,0
SH_2592,"Seattle, WA","Dallas, TX",71.5,24.5,3.09,6.77,Medium,7.0,Fog,Summer,4,8,6.9,Flatbed,0,3,1932,80,5197.08,881.8138848,6078.893885,0,0,1,0
SH_2593,"Dallas, TX","Phoenix, AZ",74.4,21.1,3.73,6.4,Medium,5.3,Rain,Summer,3,8,0.3,Flatbed,1,3,1017,80,2728.61,592.7203125,3321.330313,0,0,0,1
SH_2594,"Los Angeles, CA","Dallas, TX",66.2,25.2,3.51,6.16,Low,7.2,Rain,Fall,4,8,9.5,Refrigerated,1,2,1423,70,3073.68,810.8327922,3884.512792,0,1,0,0
SH_2595,"Dallas, TX","Seattle, WA",59.5,19.8,4.08,6.83,High,6.5,Fog,Spring,6,8,7.7,Tanker,1,1,1932,60,3525.9,1154.108346,4680.008346,1,0,0,0
SH_2596,"Denver, CO","Chicago, IL",56.4,9.2,3.04,6.66,High,7.5,Snow,Fall,4,8,2.6,Flatbed,1,1,1056,60,1951.49,482.018018,2433.508018,0,0,1,0
SH_2597,"Miami, FL","Houston, TX",69.1,24.0,3.67,6.55,Low,9.0,Rain,Winter,3,8,1.5,Dry Van,0,2,1112,70,2413.04,623.059542,3036.099542,0,1,0,0
SH_2598,"Denver, CO","Houston, TX",40.4,10.7,3.67,4.13,Low,7.6,Storm,Summer,5,8,4.8,Dry Van,1,1,1010,60,1839.21,897.5060533,2736.716053,0,0,1,0
SH_2599,"Houston, TX","Dallas, TX",40.5,21.5,4.69,7.14,High,5.9,Clear,Fall,2,8,9.9,Refrigerated,1,1,259,60,470.34,170.127451,640.467451,0,1,0,0
SH_2600,"Phoenix, AZ","Seattle, WA",54.6,22.0,4.75,4.21,Medium,5.8,Rain,Winter,3,8,9.7,Tanker,0,1,1282,60,2346.06,1446.437055,3792.497055,0,0,1,0
SH_2601,"Los Angeles, CA","Dallas, TX",54.2,14.7,3.98,5.67,Low,9.0,Fog,Spring,4,8,7.9,Flatbed,0,1,1423,60,2609.78,998.8606702,3608.64067,0,1,0,0
SH_2602,"New York, NY","Phoenix, AZ",43.6,12.0,3.52,7.74,Low,6.9,Clear,Spring,8,8,2.9,Dry Van,0,1,2461,60,4567.62,1119.21447,5686.83447,0,0,0,1
SH_2603,"Atlanta, GA","New York, NY",69.6,27.5,3.78,6.57,Medium,5.7,Storm,Fall,3,8,2.2,Tanker,1,2,858,70,1874.73,493.6438356,2368.373836,0,1,0,0
SH_2604,"Denver, CO","Dallas, TX",71.6,8.3,4.84,5.38,High,6.6,Fog,Spring,2,8,4.1,Flatbed,0,3,762,80,2044.45,685.5167286,2729.966729,0,0,1,0
SH_2605,"Denver, CO","Phoenix, AZ",64.5,24.0,4.65,5.37,Low,8.6,Clear,Spring,3,8,9.6,Refrigerated,1,2,673,70,1446.95,582.7653631,2029.715363,0,0,0,1
SH_2606,"Denver, CO","Dallas, TX",74.7,23.5,4.55,4.1,Medium,7.0,Storm,Fall,3,8,3.1,Tanker,1,3,762,80,2044.45,845.6341463,2890.084146,0,0,0,1
SH_2607,"Atlanta, GA","New York, NY",54.9,9.7,4.03,4.14,High,7.1,Storm,Summer,2,8,3.6,Refrigerated,0,1,858,60,1592.45,835.2028986,2427.652899,1,0,0,0
SH_2608,"New York, NY","Chicago, IL",44.7,27.0,4.91,4.0,Medium,9.1,Snow,Summer,3,8,4.6,Refrigerated,0,1,818,60,1537.02,1004.095,2541.115,0,1,0,0
SH_2609,"Seattle, WA","Miami, FL",55.7,28.8,3.42,4.72,Low,5.5,Clear,Spring,8,8,9.3,Flatbed,0,1,3141,60,5817.13,2275.894068,8093.024068,1,0,0,0
SH_2610,"Chicago, IL","New York, NY",48.5,16.0,3.78,4.19,Low,7.1,Snow,Fall,4,8,8.4,Tanker,1,1,818,60,1537.02,737.9570406,2274.977041,0,1,0,0
SH_2611,"Houston, TX","Phoenix, AZ",69.6,28.9,4.89,4.4,Medium,9.7,Clear,Winter,3,8,7.8,Flatbed,0,2,1166,70,2501.07,1295.85,3796.92,0,0,1,0
SH_2612,"Denver, CO","Seattle, WA",46.3,29.4,3.43,4.68,Medium,6.2,Snow,Summer,5,8,3.3,Tanker,1,1,1172,60,2144.76,858.965812,3003.725812,1,0,0,0
SH_2613,"Denver, CO","Houston, TX",57.3,20.4,3.78,5.38,Medium,5.3,Storm,Fall,3,8,6.7,Dry Van,0,1,1010,60,1839.21,709.6282528,2548.838253,0,1,0,0
SH_2614,"Denver, CO","Atlanta, GA",42.8,8.5,3.74,7.7,Medium,6.3,Fog,Winter,6,8,4.2,Dry Van,1,1,1392,60,2540.4,676.1142857,3216.514286,1,0,0,0
SH_2615,"Dallas, TX","New York, NY",60.8,12.0,4.38,6.52,Low,5.0,Snow,Summer,5,8,5.5,Refrigerated,1,2,1576,70,3435.68,1058.723926,4494.403926,1,0,0,0
SH_2616,"Atlanta, GA","Dallas, TX",73.7,15.5,4.53,4.47,High,9.3,Fog,Summer,2,8,6.3,Tanker,0,3,828,80,2221.52,839.114094,3060.634094,1,0,0,0
SH_2618,"Atlanta, GA","Miami, FL",69.5,28.2,3.97,6.27,Low,5.5,Snow,Fall,2,8,7.5,Flatbed,0,2,697,70,1515.97,441.3221691,1957.292169,1,0,0,0
SH_2619,"Miami, FL","New York, NY",50.6,19.6,4.89,7.55,Low,8.6,Storm,Spring,5,8,2.4,Tanker,1,1,1256,60,2360.02,813.4887417,3173.508742,0,1,0,0
SH_2620,"Atlanta, GA","Denver, CO",46.3,20.1,3.88,5.87,Low,6.7,Clear,Summer,5,8,7.9,Dry Van,1,1,1392,60,2540.4,920.0954003,3460.4954,0,0,1,0
SH_2621,"New York, NY","Denver, CO",56.6,21.1,4.81,6.27,Medium,8.8,Fog,Fall,6,8,0.3,Refrigerated,1,1,1872,60,3474.43,1436.095694,4910.525694,0,0,0,1
SH_2622,"Miami, FL","Houston, TX",62.9,22.2,3.01,7.2,High,7.0,Rain,Summer,3,8,7.4,Dry Van,0,2,1112,70,2413.04,464.8777778,2877.917778,0,0,0,1
SH_2623,"Houston, TX","Chicago, IL",57.0,25.1,3.59,4.39,High,7.1,Storm,Spring,4,8,8.0,Refrigerated,1,1,1083,60,1995.97,885.642369,2881.612369,1,0,0,0
SH_2624,"Houston, TX","Phoenix, AZ",41.9,19.8,4.36,7.94,Low,9.7,Storm,Summer,5,8,5.2,Tanker,1,1,1166,60,2123.29,640.2720403,2763.56204,0,1,0,0
SH_2625,"Dallas, TX","Seattle, WA",53.4,19.6,4.45,6.54,High,8.3,Storm,Spring,5,8,7.3,Refrigerated,0,1,1932,60,3525.9,1314.587156,4840.487156,0,1,0,0
SH_2626,"Dallas, TX","Miami, FL",45.7,9.1,4.78,4.3,Medium,8.8,Rain,Fall,5,8,4.7,Refrigerated,1,1,1277,60,2353.51,1419.548837,3773.058837,1,0,0,0
SH_2627,"Chicago, IL","Atlanta, GA",60.5,10.3,3.57,7.68,Low,6.6,Clear,Fall,2,8,4.7,Refrigerated,0,2,677,70,1472.47,314.6992188,1787.169219,0,0,0,1
SH_2628,"Los Angeles, CA","Chicago, IL",44.4,9.2,4.84,5.83,Low,8.3,Fog,Summer,7,8,6.4,Dry Van,1,1,2004,60,3729.44,1663.698113,5393.138113,0,0,0,1
SH_2629,"Atlanta, GA","Houston, TX",50.5,19.5,4.88,6.88,High,4.4,Fog,Summer,3,8,4.5,Dry Van,1,1,806,60,1467.73,571.6976744,2039.427674,0,0,0,1
SH_2630,"New York, NY","Los Angeles, CA",51.8,27.3,4.23,6.11,Low,6.0,Rain,Winter,8,8,6.2,Flatbed,1,1,2812,60,5258.44,1946.769231,7205.209231,0,0,1,0
SH_2631,"Houston, TX","Denver, CO",71.9,17.3,4.02,5.67,Medium,8.7,Clear,Spring,2,8,2.7,Refrigerated,0,3,1010,80,2709.83,716.0846561,3425.914656,0,0,1,0
SH_2632,"Dallas, TX","Los Angeles, CA",60.9,19.8,4.22,6.88,Medium,5.9,Clear,Spring,3,8,8.1,Flatbed,0,2,1423,70,3073.68,872.8284884,3946.508488,0,0,0,1
SH_2633,"Phoenix, AZ","Miami, FL",65.3,7.1,3.75,4.25,Medium,7.1,Storm,Fall,6,8,1.7,Refrigerated,1,2,2276,70,4950.3,2008.235294,6958.535294,0,1,0,0
SH_2634,"New York, NY","Miami, FL",72.6,16.1,4.61,7.71,High,9.8,Fog,Winter,3,8,3.2,Tanker,0,3,1256,80,3484.14,750.9935149,4235.133515,0,1,0,0
SH_2635,"New York, NY","Atlanta, GA",68.4,25.9,3.03,7.82,Medium,8.7,Snow,Summer,3,8,0.8,Refrigerated,1,2,858,70,1874.73,332.4475703,2207.17757,0,1,0,0
SH_2636,"Miami, FL","Denver, CO",73.7,17.5,3.8,7.36,Low,4.5,Clear,Winter,5,8,3.8,Refrigerated,1,3,1984,80,5406.4,1024.347826,6430.747826,0,1,0,0
SH_2637,"Dallas, TX","Atlanta, GA",50.8,10.3,3.35,6.56,Low,9.5,Rain,Fall,3,8,3.0,Refrigerated,0,1,828,60,1507.79,422.8353659,1930.625366,0,0,0,1
SH_2638,"Dallas, TX","Atlanta, GA",69.1,29.3,3.7,5.16,Medium,7.6,Fog,Summer,3,8,6.2,Refrigerated,1,2,828,70,1776.06,593.7209302,2369.78093,0,0,1,0
SH_2639,"Denver, CO","Atlanta, GA",71.9,15.3,4.08,5.07,Low,5.7,Clear,Summer,4,8,2.9,Refrigerated,1,3,1392,80,3744.48,1120.189349,4864.669349,0,0,1,0
SH_2640,"New York, NY","Denver, CO",73.7,20.6,3.35,4.47,High,6.2,Fog,Winter,5,8,4.7,Flatbed,1,3,1872,80,5127.41,1402.95302,6530.36302,0,0,0,1
SH_2641,"Los Angeles, CA","Houston, TX",59.9,18.0,4.61,4.02,High,5.2,Clear,Spring,5,8,1.6,Flatbed,1,1,1577,60,2892.22,1808.450249,4700.670249,0,0,1,0
SH_2642,"Phoenix, AZ","Houston, TX",51.5,24.7,4.78,5.39,Medium,9.1,Snow,Spring,4,8,3.7,Flatbed,1,1,1166,60,2123.29,1034.040816,3157.330816,0,0,1,0
SH_2643,"Atlanta, GA","Miami, FL",55.2,28.1,4.39,4.99,Low,5.1,Rain,Summer,2,8,2.2,Flatbed,0,1,697,60,1288.06,613.1923848,1901.252385,0,1,0,0
SH_2644,"Los Angeles, CA","Seattle, WA",54.4,16.1,4.74,6.45,Medium,4.1,Fog,Fall,3,8,7.6,Dry Van,0,1,1104,60,2034.67,811.3116279,2845.981628,0,1,0,0
SH_2645,"Phoenix, AZ","Miami, FL",54.8,16.3,4.91,5.9,Low,8.5,Rain,Spring,6,8,1.4,Refrigerated,0,1,2276,60,4206.05,1894.094915,6100.144915,0,0,1,0
SH_2646,"New York, NY","Atlanta, GA",70.8,28.6,3.12,6.96,Low,8.4,Clear,Spring,3,8,2.5,Dry Van,1,3,858,80,2350.06,384.6206897,2734.68069,0,1,0,0
SH_2647,"New York, NY","Chicago, IL",52.9,16.3,4.64,4.06,Low,9.4,Clear,Spring,2,8,2.3,Flatbed,0,1,818,60,1537.02,934.8571429,2471.877143,1,0,0,0
SH_2648,"Atlanta, GA","Houston, TX",63.1,6.1,4.43,7.04,Medium,5.0,Fog,Winter,3,8,2.0,Flatbed,1,2,806,70,1728.87,507.1846591,2236.054659,0,0,0,1
SH_2649,"Phoenix, AZ","Miami, FL",49.5,24.9,4.08,7.07,Medium,7.3,Fog,Spring,7,8,9.1,Tanker,1,1,2276,60,4206.05,1313.448373,5519.498373,0,0,0,1
SH_2650,"Miami, FL","Atlanta, GA",56.9,20.9,4.23,5.43,Low,6.5,Rain,Summer,2,8,10.0,Dry Van,0,1,697,60,1288.06,542.9668508,1831.026851,1,0,0,0
SH_2651,"Dallas, TX","Chicago, IL",43.2,18.0,3.1,5.15,Low,6.7,Storm,Summer,3,8,9.8,Tanker,0,1,925,60,1704.77,556.7961165,2261.566117,0,0,1,0
SH_2652,"Atlanta, GA","Dallas, TX",43.4,18.5,4.63,4.95,Medium,8.5,Rain,Winter,4,8,6.6,Refrigerated,1,1,828,60,1507.79,774.4727273,2282.262727,0,0,1,0
SH_2653,"Phoenix, AZ","Chicago, IL",72.3,27.1,4.43,5.45,High,8.8,Clear,Winter,3,8,2.5,Tanker,0,3,1670,80,4550.75,1357.449541,5908.199541,0,1,0,0
SH_2654,"Los Angeles, CA","New York, NY",74.9,25.1,4.46,5.81,Low,5.9,Snow,Winter,6,8,5.7,Tanker,1,3,2812,80,7761.12,2158.609294,9919.729294,0,0,1,0
SH_2655,"Houston, TX","Seattle, WA",57.1,23.8,4.74,5.57,High,4.1,Clear,Fall,6,8,9.1,Tanker,1,1,2173,60,3965.72,1849.195691,5814.915691,0,0,0,1
SH_2656,"Houston, TX","Denver, CO",65.8,13.1,4.4,6.59,High,5.1,Storm,Spring,2,8,7.9,Dry Van,0,2,1010,70,2166.45,674.3550835,2840.805083,0,0,1,0
SH_2657,"Denver, CO","Miami, FL",65.6,14.5,3.69,7.37,High,4.2,Rain,Fall,5,8,4.3,Refrigerated,1,2,1984,70,4315.2,993.3459973,5308.545997,0,1,0,0
SH_2658,"Los Angeles, CA","Miami, FL",44.3,17.9,4.97,4.94,Low,8.3,Rain,Spring,8,8,3.1,Dry Van,0,1,2686,60,4998.65,2702.311741,7700.961741,0,0,1,0
SH_2659,"New York, NY","Miami, FL",42.5,12.1,4.43,6.54,Medium,4.5,Storm,Summer,4,8,3.8,Dry Van,0,1,1256,60,2360.02,850.7767584,3210.796758,0,0,0,1
SH_2660,"Atlanta, GA","Phoenix, AZ",69.2,5.4,3.66,5.7,High,9.5,Rain,Fall,4,8,9.5,Flatbed,0,2,1827,70,3928.05,1173.126316,5101.176316,0,1,0,0
SH_2661,"Chicago, IL","Los Angeles, CA",45.5,27.9,4.76,5.51,Low,6.4,Clear,Winter,6,8,6.6,Tanker,0,1,2004,60,3729.44,1731.22323,5460.66323,0,1,0,0
SH_2662,"Atlanta, GA","Miami, FL",40.8,8.5,3.88,5.13,High,8.6,Fog,Winter,4,8,0.9,Flatbed,1,1,697,60,1288.06,527.165692,1815.225692,0,0,0,1
SH_2663,"Dallas, TX","Phoenix, AZ",49.6,20.5,3.14,5.52,High,6.7,Clear,Spring,4,8,5.3,Refrigerated,1,1,1017,60,1851.96,578.5108696,2430.47087,0,1,0,0
SH_2664,"Chicago, IL","Houston, TX",73.6,9.6,3.32,6.85,Medium,4.4,Rain,Summer,3,8,8.8,Flatbed,1,3,1083,80,2943.59,524.8992701,3468.48927,0,0,1,0
SH_2665,"Chicago, IL","Los Angeles, CA",41.4,28.0,3.98,7.47,Low,9.1,Fog,Fall,7,8,0.6,Dry Van,0,1,2004,60,3729.44,1067.726908,4797.166908,1,0,0,0
SH_2666,"Atlanta, GA","Seattle, WA",70.6,27.5,3.92,5.76,Low,5.1,Rain,Winter,6,8,9.1,Dry Van,1,3,2505,80,6755.98,1704.791667,8460.771667,0,0,1,0
SH_2668,"New York, NY","Denver, CO",46.8,11.0,3.13,4.59,Low,4.9,Clear,Spring,6,8,0.5,Refrigerated,1,1,1872,60,3474.43,1276.54902,4750.97902,1,0,0,0
SH_2669,"Houston, TX","New York, NY",48.2,12.5,3.49,6.6,Low,7.3,Snow,Fall,5,8,5.3,Dry Van,0,1,1630,60,3018.76,861.9242424,3880.684242,1,0,0,0
SH_2670,"Houston, TX","Phoenix, AZ",42.8,27.2,4.16,7.8,Low,4.9,Clear,Summer,5,8,2.8,Tanker,1,1,1166,60,2123.29,621.8666667,2745.156667,0,0,1,0
SH_2671,"Chicago, IL","Miami, FL",55.2,10.4,3.86,7.96,High,7.4,Fog,Fall,4,8,6.1,Dry Van,0,1,1370,60,2561.9,664.3467337,3226.246734,1,0,0,0
SH_2672,"Denver, CO","New York, NY",57.5,12.7,4.06,6.07,High,4.1,Rain,Spring,6,8,9.0,Dry Van,1,1,1872,60,3474.43,1252.112026,4726.542026,0,0,1,0
SH_2673,"Atlanta, GA","Houston, TX",74.9,12.6,4.76,6.41,Medium,6.7,Fog,Fall,2,8,8.0,Dry Van,0,3,806,80,2162.5,598.5273011,2761.027301,0,0,1,0
SH_2674,"Los Angeles, CA","Miami, FL",59.9,11.8,4.23,4.87,Low,8.6,Clear,Fall,7,8,3.8,Flatbed,1,1,2686,60,4998.65,2333.014374,7331.664374,0,0,0,1
SH_2675,"Miami, FL","Seattle, WA",67.0,19.7,3.55,7.75,Low,7.9,Storm,Spring,7,8,5.8,Flatbed,1,2,3141,70,6847.38,1438.780645,8286.160645,0,0,1,0
SH_2676,"New York, NY","Los Angeles, CA",68.5,13.4,4.93,4.09,High,8.6,Snow,Winter,7,8,0.5,Flatbed,1,2,2812,70,6186.4,3389.525672,9575.925672,0,0,1,0
SH_2677,"Denver, CO","Atlanta, GA",47.8,29.0,4.37,7.9,Low,9.1,Storm,Summer,5,8,6.7,Dry Van,1,1,1392,60,2540.4,770.0050633,3310.405063,0,1,0,0
SH_2678,"Atlanta, GA","Denver, CO",60.2,6.5,3.94,4.52,Medium,8.3,Rain,Fall,4,8,9.9,Refrigerated,1,2,1392,70,2992.8,1213.380531,4206.180531,0,0,0,1
SH_2679,"Los Angeles, CA","Dallas, TX",68.0,11.7,3.68,7.67,Medium,8.5,Clear,Summer,3,8,2.5,Dry Van,0,2,1423,70,3073.68,682.7431551,3756.423155,1,0,0,0
SH_2680,"Seattle, WA","Miami, FL",71.0,10.8,4.41,5.57,Low,4.7,Rain,Winter,6,8,1.1,Refrigerated,0,3,3141,80,8581.21,2486.859964,11068.06996,0,0,1,0
SH_2681,"Dallas, TX","Houston, TX",70.9,14.0,4.24,6.66,High,8.7,Rain,Spring,1,8,3.9,Flatbed,0,3,259,80,693.08,164.8888889,857.9688889,0,0,0,1
SH_2682,"Los Angeles, CA","New York, NY",51.2,9.8,4.24,5.43,Low,5.8,Clear,Summer,7,8,2.2,Dry Van,0,1,2812,60,5258.44,2195.742173,7454.182173,1,0,0,0
SH_2684,"Houston, TX","Dallas, TX",66.6,9.5,4.17,7.76,High,7.7,Clear,Summer,1,8,5.7,Dry Van,0,2,259,70,554.26,139.1791237,693.4391237,0,0,0,1
SH_2685,"Denver, CO","Houston, TX",74.8,15.6,4.27,5.92,Low,8.3,Clear,Winter,2,8,3.1,Tanker,0,3,1010,80,2709.83,728.4966216,3438.326622,0,0,0,1
SH_2686,"New York, NY","Seattle, WA",62.9,12.0,4.59,5.71,Medium,4.7,Storm,Fall,7,8,4.3,Refrigerated,1,2,2762,70,6048.78,2220.241681,8269.021681,0,0,0,1
SH_2687,"Seattle, WA","Miami, FL",68.3,29.0,4.75,6.1,Medium,7.3,Fog,Summer,7,8,8.2,Tanker,1,2,3141,70,6847.38,2445.860656,9293.240656,0,0,0,1
SH_2688,"Chicago, IL","Denver, CO",71.0,22.8,4.11,7.02,Low,4.2,Rain,Summer,2,8,0.8,Refrigerated,0,3,1056,80,2877.6,618.2564103,3495.85641,0,0,1,0
SH_2689,"New York, NY","Los Angeles, CA",48.2,29.6,4.08,6.65,Medium,5.7,Rain,Spring,8,8,9.5,Flatbed,0,1,2812,60,5258.44,1725.257143,6983.697143,0,0,1,0
SH_2690,"Los Angeles, CA","Dallas, TX",72.7,21.6,3.47,7.04,High,6.0,Clear,Winter,3,8,6.7,Dry Van,0,3,1423,80,3847.79,701.3934659,4549.183466,1,0,0,0
SH_2691,"New York, NY","Houston, TX",54.3,10.8,4.96,5.99,Low,10.0,Clear,Summer,4,8,2.2,Tanker,0,1,1630,60,3018.76,1349.716194,4368.476194,0,0,1,0
SH_2692,"Chicago, IL","Phoenix, AZ",41.4,27.6,4.64,6.9,Medium,7.7,Rain,Fall,6,8,2.8,Dry Van,0,1,1670,60,3086.16,1123.014493,4209.174493,1,0,0,0
SH_2693,"Los Angeles, CA","Seattle, WA",60.3,29.4,4.66,7.99,Low,7.5,Clear,Winter,3,8,5.0,Flatbed,0,2,1104,70,2395.68,643.8848561,3039.564856,0,1,0,0
SH_2694,"Denver, CO","New York, NY",67.1,5.0,4.01,4.94,Low,9.2,Rain,Winter,4,8,6.3,Flatbed,0,2,1872,70,4090.32,1519.578947,5609.898947,0,0,0,1
SH_2695,"Miami, FL","Atlanta, GA",53.9,5.7,3.19,7.38,Low,4.3,Storm,Summer,3,8,1.8,Refrigerated,1,1,697,60,1288.06,301.2777778,1589.337778,1,0,0,0
SH_2696,"Atlanta, GA","Chicago, IL",49.6,6.0,3.35,6.6,Medium,7.0,Clear,Summer,3,8,0.6,Refrigerated,1,1,677,60,1251.1,343.6287879,1594.728788,0,1,0,0
SH_2697,"Atlanta, GA","Seattle, WA",74.9,5.4,4.94,4.94,High,8.2,Clear,Summer,6,8,5.1,Refrigerated,1,3,2505,80,6755.98,2505.0,9260.98,1,0,0,0
SH_2698,"New York, NY","Los Angeles, CA",65.1,20.0,4.02,7.93,High,9.6,Storm,Winter,7,8,8.8,Flatbed,1,2,2812,70,6186.4,1425.503153,7611.903153,0,0,0,1
SH_2699,"Denver, CO","Seattle, WA",52.2,10.8,4.97,4.61,Medium,6.2,Rain,Fall,3,8,9.8,Tanker,0,1,1172,60,2144.76,1263.522777,3408.282777,0,0,0,1
SH_2700,"Atlanta, GA","Los Angeles, CA",66.0,22.1,4.7,4.86,Low,8.5,Storm,Fall,5,8,1.7,Refrigerated,0,2,2223,70,4812.8,2149.814815,6962.614815,0,1,0,0
SH_2701,"Phoenix, AZ","Denver, CO",74.0,24.5,3.57,6.26,Low,6.4,Storm,Summer,3,8,3.6,Flatbed,1,3,673,80,1810.37,383.8035144,2194.173514,0,0,0,1
SH_2702,"Los Angeles, CA","Denver, CO",63.6,24.5,4.75,4.62,Low,8.9,Rain,Fall,2,8,4.3,Dry Van,0,2,954,70,2065.41,980.8441558,3046.254156,1,0,0,0
SH_2703,"Dallas, TX","Chicago, IL",55.9,9.9,3.32,5.89,Low,8.6,Storm,Spring,3,8,7.9,Refrigerated,0,1,925,60,1704.77,521.3921902,2226.16219,0,1,0,0
SH_2704,"New York, NY","Los Angeles, CA",66.2,27.4,3.15,7.72,High,6.4,Storm,Spring,6,8,0.8,Dry Van,0,2,2812,70,6186.4,1147.38342,7333.78342,0,1,0,0
SH_2705,"Phoenix, AZ","Chicago, IL",65.7,29.9,4.54,5.53,Medium,7.3,Snow,Winter,5,8,2.2,Tanker,1,2,1670,70,3632.25,1371.030741,5003.280741,0,1,0,0
SH_2706,"Phoenix, AZ","Denver, CO",57.6,22.7,4.14,4.15,High,8.8,Clear,Fall,2,8,9.4,Dry Van,0,1,673,60,1228.23,671.3783133,1899.608313,0,0,1,0
SH_2707,"Dallas, TX","Seattle, WA",57.9,6.6,4.79,7.92,Low,4.9,Snow,Spring,5,8,0.2,Flatbed,0,1,1932,60,3525.9,1168.469697,4694.369697,0,0,1,0
SH_2708,"Phoenix, AZ","New York, NY",50.9,19.7,3.08,6.86,Low,7.2,Fog,Winter,8,8,0.9,Dry Van,1,1,2461,60,4567.62,1104.938776,5672.558776,0,0,0,1
SH_2709,"New York, NY","Seattle, WA",62.7,17.9,3.36,7.18,Low,10.0,Storm,Summer,7,8,7.8,Dry Van,1,2,2762,70,6048.78,1292.523677,7341.303677,1,0,0,0
SH_2710,"Los Angeles, CA","Dallas, TX",51.8,6.7,3.83,4.62,High,5.5,Rain,Fall,5,8,9.7,Tanker,1,1,1423,60,2609.78,1179.67316,3789.45316,1,0,0,0
SH_2711,"Denver, CO","Seattle, WA",46.8,27.5,3.28,6.03,Low,7.9,Storm,Summer,4,8,9.5,Flatbed,0,1,1172,60,2144.76,637.5058043,2782.265804,0,1,0,0
SH_2712,"Miami, FL","Phoenix, AZ",58.5,6.9,4.7,5.65,Medium,8.2,Storm,Spring,6,8,6.8,Dry Van,1,1,2276,60,4206.05,1893.309735,6099.359735,0,0,1,0
SH_2713,"Atlanta, GA","Houston, TX",49.7,20.6,4.92,7.34,Medium,4.7,Clear,Fall,3,8,8.6,Dry Van,0,1,806,60,1467.73,540.2615804,2007.99158,0,0,1,0
SH_2714,"New York, NY","Dallas, TX",57.5,16.2,4.52,6.83,Medium,6.0,Fog,Spring,5,8,4.1,Tanker,1,1,1576,60,2918.75,1042.97511,3961.72511,0,0,0,1
SH_2715,"New York, NY","Houston, TX",54.8,21.8,3.87,5.3,Medium,8.5,Storm,Fall,4,8,7.3,Tanker,0,1,1630,60,3018.76,1190.207547,4208.967547,0,1,0,0
SH_2716,"Seattle, WA","Dallas, TX",51.4,26.2,4.81,5.81,High,4.1,Fog,Summer,6,8,4.5,Tanker,1,1,1932,60,3525.9,1599.46988,5125.36988,0,1,0,0
SH_2717,"Seattle, WA","Miami, FL",60.1,20.5,4.87,4.66,High,7.3,Storm,Summer,8,8,1.6,Tanker,1,2,3141,70,6847.38,3282.54721,10129.92721,0,0,1,0
SH_2718,"Chicago, IL","Seattle, WA",56.6,16.6,4.31,5.88,High,4.9,Storm,Summer,6,8,9.1,Flatbed,1,1,1993,60,3691.04,1460.855442,5151.895442,0,1,0,0
SH_2719,"Phoenix, AZ","Atlanta, GA",64.1,19.8,4.5,4.6,Medium,9.6,Storm,Summer,5,8,8.5,Refrigerated,1,2,1827,70,3928.05,1787.282609,5715.332609,0,0,0,1
SH_2720,"New York, NY","Seattle, WA",65.9,24.5,3.79,5.54,Low,7.9,Fog,Summer,7,8,7.4,Flatbed,1,2,2762,70,6048.78,1889.527076,7938.307076,0,1,0,0
SH_2721,"Houston, TX","Miami, FL",46.7,21.6,3.2,7.89,High,9.2,Rain,Fall,4,8,8.2,Flatbed,1,1,1112,60,2049.42,451.0012674,2500.421267,0,1,0,0
SH_2722,"Los Angeles, CA","Chicago, IL",49.1,26.2,3.39,5.65,Low,7.3,Fog,Spring,6,8,0.3,Tanker,0,1,2004,60,3729.44,1202.4,4931.84,1,0,0,0
SH_2723,"Denver, CO","New York, NY",61.3,13.9,4.55,6.61,High,5.4,Storm,Winter,4,8,6.3,Flatbed,0,2,1872,70,4090.32,1288.593041,5378.913041,0,0,1,0
SH_2724,"Houston, TX","Seattle, WA",45.9,13.2,3.61,4.43,Medium,7.3,Storm,Winter,6,8,5.8,Refrigerated,0,1,2173,60,3965.72,1770.774266,5736.494266,0,0,0,1
SH_2726,"Houston, TX","Seattle, WA",51.0,17.2,4.2,7.74,Low,5.4,Storm,Fall,6,8,8.7,Dry Van,0,1,2173,60,3965.72,1179.147287,5144.867287,0,1,0,0
SH_2727,"Seattle, WA","Miami, FL",57.1,7.9,3.97,4.44,Low,9.3,Clear,Spring,8,8,6.5,Tanker,1,1,3141,60,5817.13,2808.506757,8625.636757,0,1,0,0
SH_2728,"Dallas, TX","New York, NY",66.6,11.0,4.37,5.18,Low,4.1,Clear,Summer,4,8,1.1,Tanker,1,2,1576,70,3435.68,1329.559846,4765.239846,0,0,0,1
SH_2729,"Chicago, IL","Miami, FL",72.4,29.2,3.47,7.24,Low,6.1,Clear,Summer,4,8,7.9,Tanker,1,3,1370,80,3781.2,656.6160221,4437.816022,0,0,0,1
SH_2730,"Chicago, IL","Seattle, WA",54.2,13.4,4.57,5.64,High,8.1,Rain,Fall,6,8,9.8,Dry Van,1,1,1993,60,3691.04,1614.89539,5305.93539,0,0,0,1
SH_2731,"Phoenix, AZ","Dallas, TX",55.0,23.1,4.66,7.6,Medium,4.4,Clear,Winter,3,8,3.2,Tanker,0,1,1017,60,1851.96,623.5815789,2475.541579,1,0,0,0
SH_2732,"Denver, CO","Dallas, TX",45.9,17.4,4.33,5.99,Low,8.0,Rain,Fall,3,8,8.8,Dry Van,0,1,762,60,1387.6,550.8280467,1938.428047,0,1,0,0
SH_2733,"Dallas, TX","Atlanta, GA",61.6,27.0,3.26,7.19,Medium,4.7,Snow,Summer,2,8,3.2,Refrigerated,0,2,828,70,1776.06,375.4214186,2151.481419,1,0,0,0
SH_2734,"Denver, CO","Phoenix, AZ",50.6,20.9,3.73,7.44,High,7.8,Snow,Fall,3,8,3.4,Tanker,1,1,673,60,1228.23,337.4045699,1565.63457,1,0,0,0
SH_2735,"Los Angeles, CA","Houston, TX",53.5,18.4,4.3,5.39,Medium,5.8,Rain,Spring,5,8,8.6,Flatbed,1,1,1577,60,2892.22,1258.089054,4150.309054,0,1,0,0
SH_2736,"Miami, FL","Denver, CO",43.0,25.5,4.54,5.18,Low,4.5,Snow,Fall,6,8,9.6,Refrigerated,0,1,1984,60,3666.43,1738.872587,5405.302587,1,0,0,0
SH_2737,"Los Angeles, CA","Chicago, IL",68.6,10.7,4.36,4.33,Low,7.5,Snow,Spring,5,8,9.3,Refrigerated,1,2,2004,70,4388.76,2017.884527,6406.644527,0,0,1,0
SH_2738,"Phoenix, AZ","Dallas, TX",53.9,26.0,3.88,4.95,Medium,7.3,Snow,Fall,4,8,9.0,Tanker,1,1,1017,60,1851.96,797.1636364,2649.123636,0,0,0,1
SH_2739,"Seattle, WA","Houston, TX",43.7,24.9,3.5,4.23,Medium,6.4,Snow,Spring,8,8,9.4,Tanker,1,1,2173,60,3965.72,1797.990544,5763.710544,0,0,1,0
SH_2740,"Los Angeles, CA","Chicago, IL",66.3,26.0,3.55,4.86,High,9.5,Rain,Summer,5,8,2.4,Flatbed,1,2,2004,70,4388.76,1463.82716,5852.58716,1,0,0,0
SH_2741,"Chicago, IL","Los Angeles, CA",46.4,12.0,4.03,6.94,Medium,4.6,Snow,Spring,6,8,4.3,Flatbed,0,1,2004,60,3729.44,1163.706052,4893.146052,0,0,0,1
SH_2742,"New York, NY","Dallas, TX",74.7,18.2,3.58,7.16,High,5.0,Rain,Fall,3,8,7.8,Refrigerated,0,3,1576,80,4305.63,788.0,5093.63,0,0,1,0
SH_2743,"Chicago, IL","New York, NY",47.1,21.3,4.47,4.5,Medium,5.7,Rain,Spring,4,8,2.4,Tanker,1,1,818,60,1537.02,812.5466667,2349.566667,1,0,0,0
SH_2744,"Los Angeles, CA","Denver, CO",73.0,29.9,4.37,6.29,High,8.3,Storm,Spring,3,8,7.4,Dry Van,1,3,954,80,2586.29,662.7949126,3249.084913,0,1,0,0
SH_2746,"Los Angeles, CA","Miami, FL",61.8,8.0,3.14,7.31,Medium,6.7,Clear,Summer,7,8,9.3,Tanker,1,2,2686,70,5882.34,1153.767442,7036.107442,0,0,0,1
SH_2747,"New York, NY","Chicago, IL",48.4,19.6,4.38,4.56,Low,6.2,Clear,Summer,3,8,5.5,Flatbed,0,1,818,60,1537.02,785.7105263,2322.730526,1,0,0,0
SH_2748,"Miami, FL","Houston, TX",62.1,6.7,3.29,6.19,Low,4.4,Snow,Fall,4,8,1.4,Tanker,1,2,1112,70,2413.04,591.0306947,3004.070695,0,0,0,1
SH_2749,"Houston, TX","Phoenix, AZ",53.7,15.0,4.53,6.0,Medium,8.4,Rain,Summer,4,8,5.9,Refrigerated,1,1,1166,60,2123.29,880.33,3003.62,1,0,0,0
SH_2750,"Phoenix, AZ","Seattle, WA",61.3,20.4,4.58,7.8,High,6.3,Snow,Winter,3,8,0.9,Tanker,0,2,1282,70,2762.71,752.7641026,3515.474103,0,1,0,0
SH_2751,"Miami, FL","Houston, TX",54.4,25.9,4.03,6.92,High,4.1,Fog,Spring,4,8,2.2,Dry Van,1,1,1112,60,2049.42,647.5953757,2697.015376,0,0,0,1
SH_2752,"New York, NY","Atlanta, GA",43.3,18.4,4.0,5.39,Medium,5.0,Rain,Fall,3,8,7.5,Flatbed,0,1,858,60,1592.45,636.7346939,2229.184694,1,0,0,0
SH_2753,"Atlanta, GA","Chicago, IL",53.9,21.4,4.66,7.17,Low,8.3,Fog,Winter,2,8,4.6,Flatbed,0,1,677,60,1251.1,440.0027894,1691.102789,0,1,0,0
SH_2754,"Atlanta, GA","Seattle, WA",64.2,21.1,4.36,4.84,Low,8.8,Fog,Winter,5,8,5.4,Tanker,0,2,2505,70,5398.28,2256.570248,7654.850248,0,0,0,1
SH_2755,"Seattle, WA","Chicago, IL",50.0,11.3,3.01,5.59,Low,6.9,Fog,Fall,5,8,0.7,Refrigerated,0,1,1993,60,3691.04,1073.153846,4764.193846,0,1,0,0
SH_2756,"Houston, TX","Seattle, WA",49.2,14.2,3.1,6.61,Low,8.3,Snow,Winter,6,8,5.5,Dry Van,0,1,2173,60,3965.72,1019.107413,4984.827413,0,0,0,1
SH_2757,"Chicago, IL","Phoenix, AZ",69.4,14.9,4.8,5.04,Medium,6.4,Fog,Summer,5,8,8.9,Refrigerated,1,2,1670,70,3632.25,1590.47619,5222.72619,1,0,0,0
SH_2758,"Atlanta, GA","Phoenix, AZ",60.1,10.5,3.81,7.9,Low,7.6,Clear,Winter,5,8,4.5,Dry Van,1,2,1827,70,3928.05,881.1227848,4809.172785,1,0,0,0
SH_2759,"Phoenix, AZ","Atlanta, GA",55.0,22.6,4.7,6.03,Medium,6.9,Fog,Fall,6,8,1.8,Flatbed,1,1,1827,60,3334.28,1424.029851,4758.309851,0,0,0,1
SH_2760,"Phoenix, AZ","Denver, CO",51.1,25.0,4.43,7.16,High,9.6,Fog,Winter,2,8,6.7,Dry Van,0,1,673,60,1228.23,416.3952514,1644.625251,0,0,0,1
SH_2761,"Atlanta, GA","Denver, CO",45.4,15.0,3.43,5.22,High,10.0,Storm,Summer,5,8,7.4,Tanker,1,1,1392,60,2540.4,914.6666667,3455.066667,0,0,1,0
SH_2762,"Houston, TX","Miami, FL",60.9,15.4,3.32,4.71,High,4.5,Storm,Winter,3,8,0.2,Flatbed,0,2,1112,70,2413.04,783.8301486,3196.870149,0,0,0,1
SH_2763,"Dallas, TX","Seattle, WA",56.0,23.4,3.32,5.09,High,5.4,Snow,Fall,5,8,2.2,Refrigerated,0,1,1932,60,3525.9,1260.165029,4786.065029,0,0,1,0
SH_2764,"Seattle, WA","Atlanta, GA",65.5,20.3,3.16,6.55,High,6.9,Snow,Spring,5,8,2.9,Flatbed,0,2,2505,70,5398.28,1208.519084,6606.799084,0,0,0,1
SH_2765,"Seattle, WA","Denver, CO",65.6,10.5,4.81,5.96,High,8.1,Snow,Summer,4,8,2.6,Refrigerated,1,2,1172,70,2525.66,945.8590604,3471.51906,0,0,0,1
SH_2766,"Denver, CO","Houston, TX",51.2,17.5,3.75,6.56,High,6.9,Storm,Summer,4,8,6.5,Tanker,1,1,1010,60,1839.21,577.3628049,2416.572805,0,0,0,1
SH_2767,"Phoenix, AZ","Los Angeles, CA",52.0,7.4,3.44,4.9,Medium,9.6,Fog,Summer,1,8,0.4,Dry Van,0,1,410,60,753.99,287.8367347,1041.826735,0,1,0,0
SH_2768,"Seattle, WA","Chicago, IL",42.8,19.7,3.37,5.99,Low,6.2,Rain,Spring,7,8,8.7,Flatbed,1,1,1993,60,3691.04,1121.270451,4812.310451,1,0,0,0
SH_2769,"New York, NY","Phoenix, AZ",54.7,6.4,4.89,7.81,High,4.1,Storm,Winter,7,8,9.0,Refrigerated,1,1,2461,60,4567.62,1540.882202,6108.502202,0,0,1,0
SH_2770,"Seattle, WA","New York, NY",56.9,27.7,3.65,7.87,High,4.6,Storm,Fall,8,8,4.5,Flatbed,1,1,2762,60,5140.08,1280.978399,6421.058399,0,0,1,0
SH_2771,"Dallas, TX","Miami, FL",70.8,11.3,3.04,4.54,High,8.0,Snow,Summer,3,8,1.3,Dry Van,0,3,1277,80,3470.89,855.0837004,4325.9737,0,0,1,0
SH_2772,"Houston, TX","Atlanta, GA",56.2,27.1,3.59,6.24,Medium,8.5,Rain,Fall,2,8,6.0,Flatbed,0,1,806,60,1467.73,463.7083333,1931.438333,0,0,1,0
SH_2773,"Los Angeles, CA","Atlanta, GA",48.6,19.0,4.09,7.96,Low,5.2,Rain,Summer,6,8,6.1,Tanker,0,1,2223,60,4088.1,1142.219849,5230.319849,0,0,1,0
SH_2774,"Chicago, IL","Atlanta, GA",62.4,29.3,4.89,4.92,Medium,5.0,Storm,Winter,3,8,5.9,Dry Van,1,2,677,70,1472.47,672.8719512,2145.341951,0,0,0,1
SH_2775,"New York, NY","Dallas, TX",66.0,20.0,3.22,7.16,High,4.5,Storm,Spring,4,8,7.7,Flatbed,1,2,1576,70,3435.68,708.7597765,4144.439777,1,0,0,0
SH_2776,"Phoenix, AZ","Dallas, TX",64.5,14.6,3.02,5.32,Medium,7.6,Rain,Fall,2,8,6.9,Tanker,0,2,1017,70,2181.47,577.3195489,2758.789549,1,0,0,0
SH_2777,"Atlanta, GA","Miami, FL",55.9,26.9,4.71,7.51,High,8.0,Snow,Winter,2,8,4.8,Tanker,0,1,697,60,1288.06,437.1331558,1725.193156,1,0,0,0
SH_2778,"Miami, FL","Atlanta, GA",47.4,23.5,4.1,4.38,High,7.3,Fog,Winter,2,8,0.1,Flatbed,0,1,697,60,1288.06,652.4429224,1940.502922,1,0,0,0
SH_2779,"New York, NY","Atlanta, GA",57.1,18.6,3.56,6.17,Low,5.0,Clear,Spring,3,8,8.2,Refrigerated,1,1,858,60,1592.45,495.0534846,2087.503485,0,1,0,0
SH_2780,"Houston, TX","Los Angeles, CA",43.7,18.9,4.62,4.51,Medium,4.6,Snow,Winter,6,8,8.0,Refrigerated,1,1,1577,60,2892.22,1615.463415,4507.683415,1,0,0,0
SH_2781,"Dallas, TX","New York, NY",43.8,17.9,3.79,6.07,High,6.6,Snow,Winter,5,8,7.3,Flatbed,0,1,1576,60,2918.75,984.0263591,3902.776359,0,0,1,0
SH_2782,"Houston, TX","Miami, FL",62.7,10.0,3.79,4.28,Low,6.7,Snow,Spring,3,8,5.6,Tanker,0,2,1112,70,2413.04,984.6915888,3397.731589,0,0,0,1
SH_2783,"Denver, CO","Chicago, IL",50.0,7.4,4.78,4.05,High,4.0,Storm,Fall,4,8,10.0,Refrigerated,1,1,1056,60,1951.49,1246.340741,3197.830741,0,1,0,0
SH_2784,"Denver, CO","Los Angeles, CA",40.5,10.7,4.94,7.23,Low,7.4,Rain,Summer,3,8,0.1,Tanker,0,1,954,60,1754.41,651.8340249,2406.244025,1,0,0,0
SH_2785,"Atlanta, GA","Miami, FL",61.4,5.5,4.99,4.73,High,8.3,Clear,Winter,3,8,5.4,Dry Van,1,2,697,70,1515.97,735.3128964,2251.282896,0,0,1,0
SH_2786,"Denver, CO","Chicago, IL",66.8,19.6,3.17,7.39,High,7.3,Snow,Fall,2,8,6.5,Refrigerated,0,2,1056,70,2296.8,452.9797023,2749.779702,1,0,0,0
SH_2787,"Miami, FL","Denver, CO",69.5,29.2,4.43,5.68,Low,9.7,Storm,Fall,5,8,7.3,Refrigerated,1,2,1984,70,4315.2,1547.380282,5862.580282,1,0,0,0
SH_2788,"Miami, FL","Chicago, IL",67.4,11.9,3.8,5.65,Medium,6.9,Snow,Spring,3,8,4.5,Tanker,0,2,1370,70,3014.0,921.4159292,3935.415929,0,0,1,0
SH_2789,"Los Angeles, CA","Seattle, WA",58.6,25.5,4.03,4.92,Medium,8.0,Fog,Spring,3,8,3.2,Tanker,0,1,1104,60,2034.67,904.2926829,2938.962683,0,0,0,1
SH_2790,"Los Angeles, CA","Seattle, WA",45.1,13.5,4.82,7.65,Medium,7.5,Fog,Fall,5,8,8.5,Flatbed,1,1,1104,60,2034.67,695.5921569,2730.262157,0,0,1,0
SH_2791,"Atlanta, GA","Houston, TX",57.1,19.0,3.83,4.29,High,6.5,Clear,Fall,3,8,8.0,Dry Van,1,1,806,60,1467.73,719.5757576,2187.305758,0,0,1,0
SH_2792,"Chicago, IL","Denver, CO",41.8,18.2,3.21,4.8,Low,9.4,Clear,Fall,4,8,0.6,Dry Van,0,1,1056,60,1951.49,706.2,2657.69,0,0,1,0
SH_2793,"Miami, FL","Seattle, WA",63.6,8.3,3.65,4.26,Medium,7.9,Fog,Summer,8,8,8.3,Flatbed,1,2,3141,70,6847.38,2691.232394,9538.612394,0,0,0,1
SH_2794,"Chicago, IL","Dallas, TX",69.6,26.4,4.15,6.07,High,6.4,Storm,Winter,3,8,2.6,Refrigerated,1,2,925,70,2007.25,632.4135091,2639.663509,0,1,0,0
SH_2795,"Atlanta, GA","Dallas, TX",49.3,15.8,3.45,5.4,Low,7.9,Fog,Fall,4,8,2.5,Refrigerated,1,1,828,60,1507.79,529.0,2036.79,0,0,1,0
SH_2796,"Los Angeles, CA","Seattle, WA",68.2,11.2,3.08,4.82,Medium,5.2,Snow,Summer,3,8,3.8,Tanker,0,2,1104,70,2395.68,705.4605809,3101.140581,0,0,1,0
SH_2797,"Seattle, WA","Atlanta, GA",48.8,16.3,4.28,7.51,Medium,7.1,Rain,Winter,7,8,8.7,Tanker,0,1,2505,60,4584.15,1427.616511,6011.766511,0,0,0,1
SH_2798,"Denver, CO","Phoenix, AZ",42.8,16.1,4.57,4.12,Medium,7.5,Storm,Winter,2,8,8.4,Refrigerated,0,1,673,60,1228.23,746.5072816,1974.737282,1,0,0,0
SH_2799,"Seattle, WA","New York, NY",64.8,27.6,3.33,6.85,High,8.4,Storm,Fall,7,8,9.2,Dry Van,1,2,2762,70,6048.78,1342.694891,7391.474891,0,1,0,0
SH_2800,"Miami, FL","Chicago, IL",74.5,10.4,4.43,6.14,Low,8.9,Snow,Fall,4,8,5.3,Refrigerated,1,3,1370,80,3781.2,988.4527687,4769.652769,1,0,0,0
SH_2801,"Chicago, IL","Phoenix, AZ",62.0,25.3,4.52,7.04,Low,6.6,Clear,Fall,4,8,3.7,Flatbed,0,2,1670,70,3632.25,1072.215909,4704.465909,0,1,0,0
SH_2802,"Denver, CO","Houston, TX",52.9,17.5,3.42,4.69,Low,7.1,Rain,Summer,3,8,2.4,Refrigerated,0,1,1010,60,1839.21,736.5031983,2575.713198,0,0,1,0
SH_2803,"Seattle, WA","Phoenix, AZ",71.5,16.8,4.71,7.71,High,4.6,Fog,Fall,3,8,4.8,Dry Van,0,3,1282,80,3457.55,783.1673152,4240.717315,1,0,0,0
SH_2804,"Atlanta, GA","New York, NY",54.9,13.2,4.28,4.01,Medium,9.8,Fog,Fall,3,8,9.2,Flatbed,1,1,858,60,1592.45,915.7705736,2508.220574,0,0,0,1
SH_2805,"Chicago, IL","Atlanta, GA",48.3,10.9,4.99,4.02,Low,7.8,Storm,Winter,3,8,6.7,Flatbed,1,1,677,60,1251.1,840.3557214,2091.455721,0,0,0,1
SH_2806,"Atlanta, GA","Seattle, WA",73.5,27.3,3.87,6.29,Medium,9.8,Clear,Spring,6,8,4.5,Refrigerated,1,3,2505,80,6755.98,1541.232114,8297.212114,0,0,1,0
SH_2807,"Los Angeles, CA","Miami, FL",50.6,14.3,3.33,4.84,Low,7.9,Clear,Summer,7,8,2.3,Flatbed,0,1,2686,60,4998.65,1848.012397,6846.662397,1,0,0,0
SH_2808,"Atlanta, GA","Chicago, IL",53.1,29.7,4.71,5.55,Low,9.5,Snow,Fall,2,8,5.7,Tanker,0,1,677,60,1251.1,574.5351351,1825.635135,0,0,0,1
SH_2809,"Dallas, TX","Houston, TX",54.4,12.9,4.16,7.75,Low,5.7,Clear,Winter,2,8,8.4,Tanker,1,1,259,60,470.34,139.0245161,609.3645161,0,0,0,1
SH_2810,"Chicago, IL","Atlanta, GA",49.8,27.1,3.16,6.42,Medium,9.2,Snow,Spring,2,8,4.4,Flatbed,0,1,677,60,1251.1,333.2274143,1584.327414,0,1,0,0
SH_2811,"New York, NY","Phoenix, AZ",43.1,17.4,4.86,7.59,High,6.0,Snow,Winter,8,8,7.0,Refrigerated,0,1,2461,60,4567.62,1575.818182,6143.438182,0,0,0,1
SH_2812,"Houston, TX","Seattle, WA",42.3,17.6,4.2,4.02,Low,4.6,Storm,Fall,8,8,3.5,Refrigerated,1,1,2173,60,3965.72,2270.298507,6236.018507,0,1,0,0
SH_2813,"Houston, TX","Denver, CO",50.3,11.9,4.74,4.58,Low,7.0,Rain,Summer,4,8,2.7,Flatbed,1,1,1010,60,1839.21,1045.283843,2884.493843,0,0,1,0
SH_2814,"Houston, TX","Los Angeles, CA",47.5,9.6,3.07,5.29,Medium,6.8,Clear,Summer,5,8,3.3,Refrigerated,0,1,1577,60,2892.22,915.1965974,3807.416597,0,0,0,1
SH_2815,"Denver, CO","Chicago, IL",48.1,27.3,3.41,7.52,High,6.7,Storm,Winter,3,8,3.5,Flatbed,0,1,1056,60,1951.49,478.8510638,2430.341064,1,0,0,0
SH_2816,"Houston, TX","Denver, CO",64.6,29.1,3.91,6.53,Medium,7.2,Clear,Fall,2,8,4.6,Refrigerated,0,2,1010,70,2166.45,604.762634,2771.212634,1,0,0,0
SH_2817,"Phoenix, AZ","Dallas, TX",73.3,14.2,4.96,6.17,High,5.5,Fog,Fall,2,8,4.5,Refrigerated,0,3,1017,80,2728.61,817.5559157,3546.165916,0,0,1,0
SH_2818,"Los Angeles, CA","Dallas, TX",55.6,29.7,4.34,7.04,High,4.7,Snow,Spring,5,8,2.9,Tanker,1,1,1423,60,2609.78,877.2471591,3487.027159,0,1,0,0
SH_2819,"Los Angeles, CA","Chicago, IL",46.3,16.5,4.18,6.06,Medium,9.0,Rain,Fall,6,8,3.8,Flatbed,0,1,2004,60,3729.44,1382.29703,5111.73703,0,0,1,0
SH_2820,"Miami, FL","Phoenix, AZ",58.5,15.1,3.06,7.01,High,9.8,Snow,Winter,5,8,4.2,Flatbed,0,1,2276,60,4206.05,993.5178317,5199.567832,1,0,0,0
SH_2821,"Phoenix, AZ","Atlanta, GA",49.4,14.4,4.5,4.93,Medium,7.1,Storm,Winter,6,8,4.8,Flatbed,1,1,1827,60,3334.28,1667.647059,5001.927059,0,0,0,1
SH_2822,"Atlanta, GA","Phoenix, AZ",41.5,29.4,4.99,6.39,Low,6.0,Clear,Fall,6,8,2.8,Refrigerated,0,1,1827,60,3334.28,1426.71831,4760.99831,0,0,1,0
SH_2823,"Chicago, IL","New York, NY",56.6,6.4,4.44,5.49,High,5.2,Fog,Winter,2,8,9.7,Tanker,0,1,818,60,1537.02,661.5519126,2198.571913,1,0,0,0
SH_2824,"Denver, CO","Phoenix, AZ",57.2,24.4,4.47,7.57,Low,5.2,Clear,Winter,3,8,3.0,Dry Van,1,1,673,60,1228.23,397.3989432,1625.628943,0,0,1,0
SH_2825,"Houston, TX","Denver, CO",49.8,28.2,4.93,4.58,Medium,9.8,Clear,Spring,4,8,7.3,Flatbed,1,1,1010,60,1839.21,1087.183406,2926.393406,0,1,0,0
SH_2826,"Dallas, TX","Phoenix, AZ",74.0,22.8,4.87,7.97,Medium,6.6,Rain,Fall,2,8,2.0,Flatbed,0,3,1017,80,2728.61,621.4291092,3350.039109,0,0,1,0
SH_2827,"Atlanta, GA","Houston, TX",57.8,8.1,3.6,5.23,Low,4.0,Rain,Summer,2,8,4.0,Refrigerated,0,1,806,60,1467.73,554.7992352,2022.529235,0,0,0,1
SH_2828,"Denver, CO","Dallas, TX",52.7,15.2,4.79,5.3,Medium,6.3,Rain,Spring,2,8,3.8,Dry Van,0,1,762,60,1387.6,688.6754717,2076.275472,1,0,0,0
SH_2829,"Los Angeles, CA","Dallas, TX",66.8,28.2,4.9,6.68,Medium,6.5,Snow,Fall,3,8,2.2,Tanker,0,2,1423,70,3073.68,1043.817365,4117.497365,1,0,0,0
SH_2830,"Denver, CO","Dallas, TX",46.5,6.6,4.78,7.72,High,7.5,Rain,Fall,4,8,1.8,Dry Van,1,1,762,60,1387.6,471.8082902,1859.40829,0,0,1,0
SH_2831,"Chicago, IL","Atlanta, GA",57.7,6.7,3.28,5.24,Medium,4.3,Fog,Winter,3,8,0.6,Tanker,1,1,677,60,1251.1,423.7709924,1674.870992,0,1,0,0
SH_2832,"Seattle, WA","Dallas, TX",49.3,29.9,3.47,4.96,Low,8.1,Snow,Summer,6,8,8.8,Dry Van,1,1,1932,60,3525.9,1351.620968,4877.520968,0,0,0,1
SH_2833,"Chicago, IL","Denver, CO",46.9,13.2,4.22,5.47,Low,8.0,Clear,Winter,4,8,5.8,Flatbed,1,1,1056,60,1951.49,814.6837294,2766.173729,0,0,1,0
SH_2834,"Seattle, WA","Chicago, IL",43.6,18.8,4.65,5.45,Medium,8.6,Storm,Fall,7,8,8.2,Dry Van,1,1,1993,60,3691.04,1700.449541,5391.489541,0,0,1,0
SH_2835,"Houston, TX","Phoenix, AZ",65.1,24.7,4.47,5.81,Medium,5.0,Storm,Fall,3,8,2.1,Refrigerated,0,2,1166,70,2501.07,897.0774527,3398.147453,0,0,0,1
SH_2836,"Phoenix, AZ","Denver, CO",57.1,29.0,4.92,7.08,Low,9.9,Storm,Summer,3,8,3.9,Dry Van,1,1,673,60,1228.23,467.6779661,1695.907966,0,0,1,0
SH_2837,"Houston, TX","Dallas, TX",60.8,13.3,4.45,6.32,High,4.9,Rain,Fall,1,8,2.2,Flatbed,0,2,259,70,554.26,182.3655063,736.6255063,0,0,0,1
SH_2838,"New York, NY","Dallas, TX",58.1,17.7,4.51,4.76,Medium,9.7,Storm,Spring,5,8,0.7,Flatbed,1,1,1576,60,2918.75,1493.226891,4411.976891,0,0,1,0
SH_2839,"Houston, TX","Dallas, TX",66.9,14.6,3.27,4.74,Medium,8.6,Storm,Spring,1,8,5.0,Tanker,0,2,259,70,554.26,178.6772152,732.9372152,0,0,1,0
SH_2840,"Atlanta, GA","Miami, FL",44.8,13.0,3.75,5.26,Medium,9.2,Storm,Summer,3,8,2.6,Tanker,1,1,697,60,1288.06,496.9106464,1784.970646,0,0,1,0
SH_2841,"Phoenix, AZ","Dallas, TX",64.1,13.7,3.81,6.84,Low,9.8,Clear,Spring,3,8,0.6,Tanker,1,2,1017,70,2181.47,566.4868421,2747.956842,0,0,0,1
SH_2842,"Houston, TX","Denver, CO",65.7,9.9,4.17,6.36,Low,5.8,Clear,Spring,2,8,4.7,Flatbed,0,2,1010,70,2166.45,662.2169811,2828.666981,0,1,0,0
SH_2843,"Atlanta, GA","Phoenix, AZ",45.6,28.7,4.65,7.89,High,5.1,Rain,Winter,7,8,7.2,Dry Van,1,1,1827,60,3334.28,1076.749049,4411.029049,0,0,1,0
SH_2844,"Dallas, TX","Atlanta, GA",46.2,24.8,3.6,4.54,Low,6.5,Clear,Winter,4,8,2.6,Flatbed,1,1,828,60,1507.79,656.5638767,2164.353877,1,0,0,0
SH_2845,"Atlanta, GA","Houston, TX",69.8,24.8,3.89,6.9,High,7.4,Fog,Fall,2,8,2.0,Refrigerated,0,2,806,70,1728.87,454.3971014,2183.267101,0,0,1,0
SH_2846,"New York, NY","Dallas, TX",55.7,6.0,3.55,4.08,High,6.1,Storm,Winter,5,8,3.1,Flatbed,1,1,1576,60,2918.75,1371.27451,4290.02451,0,0,1,0
SH_2847,"Chicago, IL","Denver, CO",65.4,17.0,4.11,7.37,Low,5.2,Storm,Winter,3,8,2.9,Tanker,0,2,1056,70,2296.8,588.8955224,2885.695522,0,0,0,1
SH_2848,"Atlanta, GA","Los Angeles, CA",66.4,28.3,4.38,6.7,Medium,4.0,Rain,Fall,5,8,2.0,Tanker,0,2,2223,70,4812.8,1453.244776,6266.044776,0,0,0,1
SH_2849,"Denver, CO","Dallas, TX",74.3,7.1,4.44,4.69,High,4.0,Snow,Summer,3,8,1.9,Flatbed,1,3,762,80,2044.45,721.3816631,2765.831663,0,0,1,0
SH_2850,"Phoenix, AZ","Houston, TX",51.5,5.6,4.0,6.02,Low,4.3,Clear,Winter,4,8,8.9,Flatbed,1,1,1166,60,2123.29,774.7508306,2898.040831,0,0,0,1
SH_2851,"Atlanta, GA","New York, NY",52.2,11.3,3.49,4.4,Low,8.9,Clear,Spring,3,8,0.5,Tanker,0,1,858,60,1592.45,680.55,2273.0,1,0,0,0
SH_2852,"Chicago, IL","Seattle, WA",41.4,12.7,4.15,5.64,Medium,5.7,Clear,Summer,8,8,8.0,Dry Van,1,1,1993,60,3691.04,1466.480496,5157.520496,0,0,0,1
SH_2853,"Seattle, WA","Los Angeles, CA",52.2,6.0,3.07,7.04,Medium,7.3,Rain,Winter,4,8,0.1,Refrigerated,1,1,1104,60,2034.67,481.4318182,2516.101818,0,0,1,0
SH_2854,"Dallas, TX","Chicago, IL",66.3,29.0,3.86,5.46,Low,6.7,Snow,Spring,3,8,6.3,Dry Van,1,2,925,70,2007.25,653.9377289,2661.187729,0,0,1,0
SH_2855,"Denver, CO","Dallas, TX",67.5,21.2,3.88,7.8,Medium,8.3,Fog,Summer,3,8,4.5,Dry Van,1,2,762,70,1634.49,379.0461538,2013.536154,0,0,1,0
SH_2856,"Denver, CO","New York, NY",55.4,17.9,3.58,7.36,Low,7.1,Clear,Winter,5,8,8.8,Flatbed,0,1,1872,60,3474.43,910.5652174,4384.995217,0,0,0,1
SH_2857,"Houston, TX","Dallas, TX",68.8,6.6,3.89,5.37,High,5.3,Storm,Winter,1,8,8.9,Refrigerated,0,2,259,70,554.26,187.6182495,741.8782495,0,0,1,0
SH_2859,"Los Angeles, CA","Dallas, TX",54.3,9.9,4.93,4.62,Medium,9.5,Storm,Winter,5,8,3.8,Tanker,1,1,1423,60,2609.78,1518.482684,4128.262684,0,0,0,1
SH_2860,"Miami, FL","Los Angeles, CA",62.3,22.1,3.94,4.22,Low,9.5,Snow,Spring,7,8,4.3,Tanker,1,2,2686,70,5882.34,2507.781991,8390.121991,1,0,0,0
SH_2861,"Los Angeles, CA","Atlanta, GA",55.8,13.0,3.15,5.82,Medium,8.9,Clear,Winter,5,8,5.8,Dry Van,0,1,2223,60,4088.1,1203.170103,5291.270103,0,0,1,0
SH_2862,"Los Angeles, CA","Chicago, IL",47.6,9.6,4.54,5.02,Low,5.2,Storm,Summer,6,8,3.9,Flatbed,0,1,2004,60,3729.44,1812.38247,5541.82247,0,0,0,1
SH_2863,"Denver, CO","Chicago, IL",61.6,15.1,4.07,7.82,Low,4.7,Snow,Summer,4,8,9.6,Flatbed,1,2,1056,70,2296.8,549.6061381,2846.406138,0,0,0,1
SH_2864,"Denver, CO","Chicago, IL",46.2,8.6,3.84,4.2,Low,7.9,Fog,Spring,3,8,7.1,Refrigerated,0,1,1056,60,1951.49,965.4857143,2916.975714,1,0,0,0
SH_2865,"Houston, TX","Denver, CO",47.3,26.5,3.38,7.99,Low,5.7,Clear,Winter,3,8,6.9,Refrigerated,0,1,1010,60,1839.21,427.2590738,2266.469074,0,0,1,0
SH_2866,"Seattle, WA","Los Angeles, CA",75.0,25.1,3.86,6.71,Low,8.9,Clear,Winter,2,8,2.7,Refrigerated,0,3,1104,80,3000.67,635.0879285,3635.757928,0,1,0,0
SH_2867,"Los Angeles, CA","Denver, CO",50.3,26.2,3.76,5.15,Medium,8.8,Clear,Spring,4,8,5.9,Flatbed,1,1,954,60,1754.41,696.5126214,2450.922621,0,1,0,0
SH_2868,"Seattle, WA","Miami, FL",54.4,11.7,3.98,6.87,Medium,7.1,Fog,Fall,8,8,7.2,Dry Van,0,1,3141,60,5817.13,1819.676856,7636.806856,0,0,0,1
SH_2869,"Houston, TX","New York, NY",67.5,21.2,4.16,7.61,High,4.1,Clear,Summer,4,8,6.2,Refrigerated,0,2,1630,70,3553.4,891.0381078,4444.438108,0,0,1,0
SH_2870,"Phoenix, AZ","Denver, CO",62.6,29.6,4.76,6.36,High,9.4,Snow,Fall,2,8,4.5,Flatbed,0,2,673,70,1446.95,503.6918239,1950.641824,0,1,0,0
SH_2871,"New York, NY","Chicago, IL",51.8,5.0,4.78,7.11,Low,7.9,Clear,Summer,2,8,5.2,Tanker,0,1,818,60,1537.02,549.9353024,2086.955302,0,0,1,0
SH_2872,"Houston, TX","Phoenix, AZ",49.2,11.0,4.23,6.49,Medium,4.3,Rain,Summer,3,8,3.2,Tanker,0,1,1166,60,2123.29,759.9661017,2883.256102,1,0,0,0
SH_2873,"Phoenix, AZ","Denver, CO",49.8,9.2,3.91,4.87,Low,9.4,Rain,Summer,2,8,6.0,Flatbed,0,1,673,60,1228.23,540.3347023,1768.564702,1,0,0,0
SH_2874,"Phoenix, AZ","Los Angeles, CA",49.0,13.8,4.83,5.57,Medium,8.9,Clear,Fall,3,8,0.5,Tanker,1,1,410,60,753.99,355.529623,1109.519623,0,1,0,0
SH_2875,"Miami, FL","Denver, CO",59.0,17.6,3.54,4.29,Low,6.9,Snow,Winter,6,8,1.2,Tanker,1,1,1984,60,3666.43,1637.146853,5303.576853,0,0,1,0
SH_2876,"Seattle, WA","Phoenix, AZ",49.6,18.3,3.13,5.7,Medium,4.8,Storm,Summer,5,8,7.3,Tanker,1,1,1282,60,2346.06,703.9754386,3050.035439,0,1,0,0
SH_2877,"Chicago, IL","Los Angeles, CA",43.2,28.2,3.94,7.41,Low,4.1,Rain,Summer,6,8,4.3,Flatbed,0,1,2004,60,3729.44,1065.554656,4794.994656,1,0,0,0
SH_2878,"Denver, CO","Chicago, IL",51.5,18.1,4.71,6.42,Medium,8.4,Storm,Fall,3,8,3.3,Dry Van,0,1,1056,60,1951.49,774.728972,2726.218972,0,1,0,0
SH_2879,"Los Angeles, CA","Atlanta, GA",43.4,28.4,3.67,7.99,Medium,9.9,Rain,Summer,8,8,0.2,Flatbed,1,1,2223,60,4088.1,1021.077597,5109.177597,0,1,0,0
SH_2880,"Denver, CO","New York, NY",43.0,27.4,4.58,7.89,Low,7.7,Clear,Spring,7,8,3.9,Flatbed,1,1,1872,60,3474.43,1086.661597,4561.091597,0,1,0,0
SH_2881,"Denver, CO","Houston, TX",62.2,28.3,4.19,7.43,High,9.2,Snow,Spring,4,8,1.7,Dry Van,1,2,1010,70,2166.45,569.5693136,2736.019314,0,0,0,1
SH_2882,"New York, NY","Los Angeles, CA",46.2,6.9,4.67,7.9,Medium,4.5,Snow,Summer,8,8,8.6,Flatbed,0,1,2812,60,5258.44,1662.283544,6920.723544,1,0,0,0
SH_2883,"Chicago, IL","Phoenix, AZ",49.9,23.3,4.62,5.42,High,5.0,Storm,Winter,6,8,7.0,Refrigerated,1,1,1670,60,3086.16,1423.505535,4509.665535,1,0,0,0
SH_2884,"Atlanta, GA","Dallas, TX",45.1,26.1,4.29,7.48,Medium,9.6,Rain,Summer,4,8,6.2,Refrigerated,1,1,828,60,1507.79,474.8823529,1982.672353,1,0,0,0
SH_2885,"New York, NY","Houston, TX",64.5,20.5,3.04,5.42,High,4.6,Rain,Winter,5,8,0.7,Dry Van,1,2,1630,70,3553.4,914.2435424,4467.643542,0,1,0,0
SH_2886,"Seattle, WA","Dallas, TX",55.8,9.7,4.17,4.79,Medium,8.8,Snow,Winter,5,8,8.7,Dry Van,0,1,1932,60,3525.9,1681.929019,5207.829019,0,1,0,0
SH_2887,"Chicago, IL","Dallas, TX",71.1,15.3,3.69,6.02,Low,4.4,Rain,Summer,2,8,8.2,Dry Van,0,3,925,80,2514.15,566.9850498,3081.13505,0,0,1,0
SH_2888,"Houston, TX","Chicago, IL",46.8,11.9,4.89,4.34,Low,7.3,Rain,Winter,4,8,7.3,Flatbed,1,1,1083,60,1995.97,1220.246544,3216.216544,1,0,0,0
SH_2889,"Dallas, TX","Houston, TX",72.7,15.3,3.57,5.35,High,6.1,Storm,Fall,1,8,9.3,Flatbed,0,3,259,80,693.08,172.8280374,865.9080374,0,1,0,0
SH_2890,"Phoenix, AZ","Los Angeles, CA",70.9,15.1,3.54,4.79,High,7.0,Storm,Fall,1,8,6.5,Flatbed,0,3,410,80,1111.51,303.006263,1414.516263,0,0,0,1
SH_2891,"Atlanta, GA","Los Angeles, CA",41.2,27.9,4.8,5.51,High,4.2,Rain,Winter,7,8,7.9,Tanker,0,1,2223,60,4088.1,1936.551724,6024.651724,0,0,0,1
SH_2892,"Chicago, IL","New York, NY",54.1,26.3,3.39,5.76,Low,4.1,Clear,Spring,3,8,9.4,Dry Van,1,1,818,60,1537.02,481.4270833,2018.447083,1,0,0,0
SH_2893,"Chicago, IL","Atlanta, GA",68.2,17.2,4.67,6.16,High,4.0,Fog,Winter,3,8,0.6,Tanker,1,2,677,70,1472.47,513.2451299,1985.71513,0,1,0,0
SH_2894,"Dallas, TX","Chicago, IL",54.5,13.3,4.12,5.38,Medium,6.5,Rain,Summer,4,8,7.8,Flatbed,1,1,925,60,1704.77,708.3643123,2413.134312,0,0,1,0
SH_2895,"Chicago, IL","Houston, TX",42.1,20.9,3.64,6.33,Medium,6.9,Storm,Summer,4,8,0.9,Dry Van,0,1,1083,60,1995.97,622.7677725,2618.737773,0,0,0,1
SH_2896,"Chicago, IL","New York, NY",43.9,8.9,4.96,5.27,Medium,7.5,Snow,Spring,3,8,8.7,Dry Van,0,1,818,60,1537.02,769.8823529,2306.902353,0,1,0,0
SH_2897,"Chicago, IL","Dallas, TX",52.8,20.2,4.74,7.26,Low,5.6,Storm,Fall,4,8,7.0,Flatbed,1,1,925,60,1704.77,603.9256198,2308.69562,1,0,0,0
SH_2898,"Los Angeles, CA","Phoenix, AZ",72.7,18.3,4.5,6.28,Low,7.6,Rain,Fall,2,8,0.0,Flatbed,1,3,410,80,1111.51,293.7898089,1405.299809,1,0,0,0
SH_2899,"Chicago, IL","Denver, CO",73.8,8.2,3.09,5.24,High,7.5,Storm,Winter,2,8,2.8,Tanker,0,3,1056,80,2877.6,622.7175573,3500.317557,0,0,1,0
SH_2900,"Los Angeles, CA","Atlanta, GA",41.3,29.5,3.12,7.02,High,4.3,Storm,Fall,8,8,1.1,Dry Van,1,1,2223,60,4088.1,988.0,5076.1,0,0,0,1
SH_2901,"Phoenix, AZ","Chicago, IL",71.1,7.4,4.6,6.99,Low,7.6,Fog,Summer,3,8,0.7,Refrigerated,0,3,1670,80,4550.75,1098.998569,5649.748569,0,0,1,0
SH_2902,"Phoenix, AZ","Denver, CO",45.5,9.7,4.96,6.87,Low,5.5,Clear,Spring,2,8,4.5,Dry Van,0,1,673,60,1228.23,485.8922853,1714.122285,0,0,1,0
SH_2903,"Seattle, WA","Miami, FL",66.5,24.8,4.39,4.13,Medium,7.5,Storm,Winter,6,8,2.0,Flatbed,0,2,3141,70,6847.38,3338.738499,10186.1185,0,1,0,0
SH_2904,"Houston, TX","New York, NY",49.4,27.8,3.6,6.22,Low,9.0,Rain,Fall,5,8,8.3,Refrigerated,0,1,1630,60,3018.76,943.4083601,3962.16836,0,1,0,0
SH_2905,"Chicago, IL","Denver, CO",72.2,13.1,3.21,5.72,Low,8.7,Fog,Fall,3,8,7.8,Dry Van,1,3,1056,80,2877.6,592.6153846,3470.215385,0,1,0,0
SH_2906,"Houston, TX","Denver, CO",72.8,29.6,4.89,7.3,Medium,8.2,Clear,Fall,3,8,0.3,Tanker,1,3,1010,80,2709.83,676.5616438,3386.391644,0,1,0,0
SH_2907,"Chicago, IL","Denver, CO",55.3,19.7,3.99,7.66,High,9.6,Clear,Spring,3,8,4.2,Dry Van,0,1,1056,60,1951.49,550.0574413,2501.547441,1,0,0,0
SH_2908,"Chicago, IL","Miami, FL",67.1,8.4,4.61,6.44,High,9.9,Clear,Fall,3,8,7.2,Dry Van,0,2,1370,70,3014.0,980.6987578,3994.698758,0,1,0,0
SH_2909,"Denver, CO","Chicago, IL",66.9,7.0,4.31,4.22,Medium,4.7,Clear,Spring,3,8,0.5,Refrigerated,1,2,1056,70,2296.8,1078.521327,3375.321327,0,0,0,1
SH_2910,"Dallas, TX","Seattle, WA",74.8,13.7,4.52,4.53,Low,6.7,Snow,Spring,4,8,7.3,Flatbed,0,3,1932,80,5197.08,1927.735099,7124.815099,0,0,0,1
SH_2911,"New York, NY","Los Angeles, CA",61.5,16.2,3.32,6.13,High,5.7,Snow,Winter,6,8,4.7,Refrigerated,0,2,2812,70,6186.4,1522.97553,7709.37553,0,1,0,0
SH_2912,"Dallas, TX","Houston, TX",41.6,15.1,3.52,4.12,High,4.8,Fog,Winter,2,8,8.0,Flatbed,1,1,259,60,470.34,221.2815534,691.6215534,0,0,1,0
SH_2913,"Atlanta, GA","Dallas, TX",45.1,7.5,3.6,7.19,Low,6.2,Snow,Winter,4,8,4.0,Tanker,1,1,828,60,1507.79,414.5757997,1922.3658,0,1,0,0
SH_2915,"New York, NY","Miami, FL",58.5,14.7,4.4,6.33,Medium,4.5,Storm,Winter,3,8,5.7,Flatbed,0,1,1256,60,2360.02,873.0489731,3233.068973,0,0,1,0
SH_2916,"Miami, FL","Dallas, TX",65.7,14.5,4.72,5.73,Medium,4.2,Fog,Fall,3,8,5.1,Dry Van,0,2,1277,70,2771.09,1051.90925,3822.99925,0,1,0,0
SH_2917,"Phoenix, AZ","Seattle, WA",72.0,10.8,3.51,5.45,Medium,9.2,Clear,Summer,3,8,8.6,Tanker,0,3,1282,80,3457.55,825.6550459,4283.205046,0,0,0,1
SH_2918,"Seattle, WA","Miami, FL",74.0,19.9,3.01,4.14,High,4.9,Clear,Spring,7,8,7.7,Flatbed,1,3,3141,80,8581.21,2283.673913,10864.88391,0,0,0,1
SH_2919,"Phoenix, AZ","Miami, FL",73.9,20.9,4.39,4.87,Low,9.4,Rain,Summer,4,8,8.6,Tanker,0,3,2276,80,6202.1,2051.671458,8253.771458,0,1,0,0
SH_2920,"Miami, FL","New York, NY",44.4,7.4,4.61,7.46,Low,7.5,Fog,Winter,4,8,9.8,Tanker,0,1,1256,60,2360.02,776.1608579,3136.180858,0,0,0,1
SH_2921,"Atlanta, GA","Denver, CO",74.6,28.9,4.28,5.33,Low,8.5,Snow,Summer,4,8,8.1,Tanker,1,3,1392,80,3744.48,1117.778612,4862.258612,0,0,1,0
SH_2922,"Houston, TX","Denver, CO",68.4,28.1,4.89,6.73,Medium,5.3,Rain,Winter,2,8,1.5,Dry Van,0,2,1010,70,2166.45,733.8632987,2900.313299,0,1,0,0
SH_2923,"Phoenix, AZ","Chicago, IL",56.2,26.4,3.93,6.64,Medium,4.1,Rain,Winter,4,8,4.4,Tanker,0,1,1670,60,3086.16,988.4186747,4074.578675,0,0,1,0
SH_2924,"Miami, FL","Denver, CO",46.0,24.1,3.73,7.27,High,4.6,Fog,Spring,6,8,2.9,Tanker,0,1,1984,60,3666.43,1017.925722,4684.355722,0,0,0,1
SH_2925,"Atlanta, GA","Chicago, IL",54.1,21.6,4.87,4.08,Medium,4.1,Snow,Spring,2,8,7.7,Flatbed,0,1,677,60,1251.1,808.0857843,2059.185784,0,0,1,0
SH_2926,"Phoenix, AZ","Houston, TX",46.2,24.0,4.83,7.73,Medium,7.6,Storm,Summer,4,8,8.6,Tanker,0,1,1166,60,2123.29,728.5614489,2851.851449,0,0,1,0
SH_2927,"Denver, CO","Dallas, TX",52.5,29.5,4.97,4.89,High,4.4,Rain,Summer,3,8,4.0,Dry Van,1,1,762,60,1387.6,774.4662577,2162.066258,0,0,1,0
SH_2928,"Seattle, WA","Denver, CO",61.7,27.5,3.66,7.4,Medium,4.6,Rain,Summer,4,8,0.6,Flatbed,1,2,1172,70,2525.66,579.6648649,3105.324865,0,1,0,0
SH_2929,"Denver, CO","New York, NY",71.4,11.0,4.41,5.21,Low,4.3,Clear,Fall,4,8,8.3,Tanker,0,3,1872,80,5127.41,1584.552783,6711.962783,0,0,1,0
SH_2930,"Los Angeles, CA","Phoenix, AZ",61.6,27.5,4.58,4.78,High,8.4,Rain,Summer,2,8,1.2,Refrigerated,1,2,410,70,887.65,392.8451883,1280.495188,0,0,1,0
SH_2931,"Phoenix, AZ","Denver, CO",42.3,7.5,3.66,5.48,Low,6.8,Snow,Spring,3,8,5.2,Refrigerated,1,1,673,60,1228.23,449.4854015,1677.715401,0,0,1,0
SH_2932,"Seattle, WA","Phoenix, AZ",62.7,11.9,4.06,6.51,Low,7.8,Fog,Winter,4,8,8.6,Dry Van,1,2,1282,70,2762.71,799.5268817,3562.236882,1,0,0,0
SH_2933,"New York, NY","Atlanta, GA",71.8,11.4,4.23,6.01,Low,9.5,Snow,Summer,3,8,8.5,Refrigerated,1,3,858,80,2350.06,603.8835275,2953.943527,0,1,0,0
SH_2934,"Dallas, TX","Miami, FL",64.8,27.2,4.99,6.92,High,5.9,Storm,Spring,3,8,3.1,Tanker,0,2,1277,70,2771.09,920.8424855,3691.932486,0,0,1,0
SH_2935,"New York, NY","Denver, CO",41.9,19.5,4.62,4.14,Low,7.4,Snow,Fall,7,8,8.9,Tanker,1,1,1872,60,3474.43,2089.043478,5563.473478,1,0,0,0
SH_2936,"Dallas, TX","Miami, FL",59.7,29.3,3.69,6.97,High,9.3,Snow,Fall,3,8,8.1,Tanker,0,1,1277,60,2353.51,676.0588235,3029.568824,0,0,1,0
SH_2937,"Phoenix, AZ","Seattle, WA",50.9,20.6,4.77,4.78,Medium,8.4,Fog,Summer,5,8,8.1,Dry Van,1,1,1282,60,2346.06,1279.317992,3625.377992,0,0,0,1
SH_2938,"Los Angeles, CA","Denver, CO",58.3,21.2,4.75,5.55,High,8.6,Clear,Spring,3,8,7.5,Dry Van,0,1,954,60,1754.41,816.4864865,2570.896486,0,1,0,0
SH_2939,"Los Angeles, CA","Phoenix, AZ",67.8,18.9,4.87,4.45,Medium,4.8,Rain,Fall,1,8,6.9,Refrigerated,0,2,410,70,887.65,448.6966292,1336.346629,1,0,0,0
SH_2940,"Dallas, TX","Los Angeles, CA",65.8,13.5,5.0,7.39,High,5.6,Rain,Fall,3,8,3.1,Flatbed,0,2,1423,70,3073.68,962.7875507,4036.467551,0,0,0,1
SH_2941,"Chicago, IL","Phoenix, AZ",69.8,24.5,4.7,5.09,High,7.6,Fog,Fall,4,8,4.3,Flatbed,1,2,1670,70,3632.25,1542.043222,5174.293222,0,1,0,0
SH_2942,"Chicago, IL","Denver, CO",69.0,13.2,4.91,5.86,Low,9.7,Snow,Spring,2,8,7.7,Dry Van,0,2,1056,70,2296.8,884.8054608,3181.605461,0,1,0,0
SH_2943,"Houston, TX","New York, NY",60.5,26.0,4.09,6.95,Medium,8.7,Storm,Spring,5,8,5.6,Flatbed,1,2,1630,70,3553.4,959.2374101,4512.63741,0,0,0,1
SH_2944,"Los Angeles, CA","Chicago, IL",53.5,5.4,3.77,7.24,High,7.3,Clear,Spring,5,8,4.7,Refrigerated,0,1,2004,60,3729.44,1043.519337,4772.959337,0,0,0,1
SH_2945,"Dallas, TX","Los Angeles, CA",56.7,15.1,4.86,4.16,Medium,8.1,Storm,Winter,5,8,9.6,Flatbed,1,1,1423,60,2609.78,1662.447115,4272.227115,0,0,1,0
SH_2946,"Los Angeles, CA","Denver, CO",58.6,6.1,4.0,4.5,Medium,9.0,Clear,Winter,3,8,5.1,Tanker,0,1,954,60,1754.41,848.0,2602.41,0,1,0,0
SH_2947,"Chicago, IL","Phoenix, AZ",74.0,21.4,3.58,4.96,Low,4.8,Rain,Winter,3,8,6.1,Tanker,0,3,1670,80,4550.75,1205.362903,5756.112903,1,0,0,0
SH_2948,"Phoenix, AZ","Dallas, TX",66.7,21.0,4.93,6.35,High,5.8,Clear,Winter,2,8,1.8,Dry Van,0,2,1017,70,2181.47,789.576378,2971.046378,0,0,1,0
SH_2949,"Atlanta, GA","Los Angeles, CA",64.8,10.0,3.32,4.31,Medium,9.5,Rain,Summer,6,8,3.4,Dry Van,1,2,2223,70,4812.8,1712.38051,6525.18051,0,0,1,0
SH_2950,"New York, NY","Atlanta, GA",54.5,22.9,4.74,4.73,Medium,8.1,Rain,Summer,3,8,9.8,Tanker,1,1,858,60,1592.45,859.8139535,2452.263953,1,0,0,0
SH_2952,"Houston, TX","Dallas, TX",62.0,19.9,4.33,4.8,Medium,5.6,Storm,Summer,1,8,7.7,Flatbed,0,2,259,70,554.26,233.6395833,787.8995833,0,0,0,1
SH_2953,"New York, NY","Atlanta, GA",45.7,11.3,3.43,6.93,Medium,6.8,Rain,Fall,3,8,9.0,Refrigerated,0,1,858,60,1592.45,424.6666667,2017.116667,1,0,0,0
SH_2954,"Los Angeles, CA","Chicago, IL",45.1,20.9,4.7,4.38,Low,8.4,Snow,Winter,7,8,5.8,Dry Van,1,1,2004,60,3729.44,2150.410959,5879.850959,0,1,0,0
SH_2955,"Dallas, TX","Los Angeles, CA",51.2,13.8,4.35,4.26,High,7.5,Fog,Fall,5,8,5.6,Tanker,1,1,1423,60,2609.78,1453.06338,4062.84338,1,0,0,0
SH_2956,"Los Angeles, CA","Phoenix, AZ",60.3,10.7,3.16,6.51,High,7.3,Snow,Summer,2,8,4.6,Refrigerated,1,2,410,70,887.65,199.0168971,1086.666897,1,0,0,0
SH_2957,"Houston, TX","Miami, FL",72.2,6.0,4.49,4.14,Medium,6.7,Clear,Fall,2,8,7.0,Dry Van,0,3,1112,80,3022.42,1206.009662,4228.429662,1,0,0,0
SH_2958,"Denver, CO","Phoenix, AZ",68.7,13.6,3.69,4.89,Medium,8.1,Clear,Spring,2,8,7.7,Flatbed,0,2,673,70,1446.95,507.8466258,1954.796626,0,0,0,1
SH_2959,"Chicago, IL","Los Angeles, CA",71.2,11.9,3.48,7.48,Low,7.8,Rain,Spring,5,8,3.5,Flatbed,1,3,2004,80,5502.98,932.342246,6435.322246,1,0,0,0
SH_2960,"Houston, TX","Atlanta, GA",41.0,5.1,3.56,7.66,Low,9.4,Snow,Summer,3,8,8.9,Flatbed,0,1,806,60,1467.73,374.5900783,1842.320078,0,1,0,0
SH_2962,"Los Angeles, CA","Atlanta, GA",50.2,29.2,3.1,5.4,Low,4.5,Clear,Spring,7,8,8.0,Dry Van,1,1,2223,60,4088.1,1276.166667,5364.266667,1,0,0,0
SH_2963,"Miami, FL","Dallas, TX",52.5,5.1,3.56,6.06,High,8.0,Rain,Summer,5,8,2.0,Dry Van,1,1,1277,60,2353.51,750.1848185,3103.694818,0,0,0,1
SH_2964,"Dallas, TX","Atlanta, GA",45.2,8.9,3.09,7.43,High,5.3,Storm,Summer,3,8,4.4,Refrigerated,0,1,828,60,1507.79,344.3499327,1852.139933,1,0,0,0
SH_2965,"Atlanta, GA","New York, NY",42.6,19.6,3.58,4.38,Medium,9.4,Rain,Fall,4,8,5.7,Refrigerated,1,1,858,60,1592.45,701.2876712,2293.737671,0,0,1,0
SH_2966,"Los Angeles, CA","Dallas, TX",44.2,5.9,4.6,6.9,Low,4.5,Snow,Spring,5,8,5.2,Flatbed,0,1,1423,60,2609.78,948.6666667,3558.446667,0,0,0,1
SH_2967,"Houston, TX","New York, NY",63.9,14.3,4.76,4.25,Low,7.5,Storm,Winter,5,8,0.7,Tanker,1,2,1630,70,3553.4,1825.6,5379.0,1,0,0,0
SH_2968,"New York, NY","Denver, CO",57.3,20.4,4.76,6.96,High,6.8,Storm,Spring,5,8,4.6,Flatbed,0,1,1872,60,3474.43,1280.275862,4754.705862,0,1,0,0
SH_2969,"Los Angeles, CA","Atlanta, GA",74.7,5.6,4.1,5.24,Medium,7.0,Rain,Winter,5,8,2.4,Tanker,1,3,2223,80,6026.55,1739.370229,7765.920229,0,0,1,0
SH_2970,"Houston, TX","Miami, FL",66.5,11.7,3.77,5.07,Low,8.9,Clear,Winter,3,8,8.7,Tanker,0,2,1112,70,2413.04,826.8717949,3239.911795,0,0,0,1
SH_2971,"New York, NY","Houston, TX",42.6,8.0,3.32,6.13,Low,9.8,Storm,Spring,6,8,9.3,Tanker,1,1,1630,60,3018.76,882.8058728,3901.565873,0,0,0,1
SH_2972,"New York, NY","Chicago, IL",71.9,6.4,4.9,4.8,Low,5.8,Rain,Fall,2,8,6.8,Tanker,0,3,818,80,2269.13,835.0416667,3104.171667,0,1,0,0
SH_2973,"Atlanta, GA","Chicago, IL",66.5,24.9,3.88,6.99,Medium,9.0,Rain,Fall,3,8,7.8,Refrigerated,1,2,677,70,1472.47,375.788269,1848.258269,0,0,1,0
SH_2974,"Houston, TX","Phoenix, AZ",41.5,8.9,3.26,4.69,Low,4.1,Storm,Fall,5,8,3.8,Dry Van,1,1,1166,60,2123.29,810.4818763,2933.771876,0,1,0,0
SH_2975,"Chicago, IL","Los Angeles, CA",56.2,6.8,3.55,7.41,Low,8.5,Storm,Fall,6,8,4.8,Flatbed,1,1,2004,60,3729.44,960.0809717,4689.520972,0,0,0,1
SH_2976,"Atlanta, GA","Dallas, TX",56.5,19.9,4.43,4.67,High,8.9,Storm,Spring,3,8,4.9,Dry Van,1,1,828,60,1507.79,785.4475375,2293.237537,0,1,0,0
SH_2977,"Los Angeles, CA","Houston, TX",43.9,15.8,3.56,4.34,Low,5.1,Rain,Winter,6,8,0.9,Flatbed,1,1,1577,60,2892.22,1293.576037,4185.796037,0,0,1,0
SH_2978,"Atlanta, GA","Miami, FL",61.1,29.2,4.01,4.21,Low,5.3,Snow,Winter,2,8,2.6,Dry Van,0,2,697,70,1515.97,663.888361,2179.858361,1,0,0,0
SH_2979,"Los Angeles, CA","Chicago, IL",52.1,12.5,4.35,6.21,High,4.8,Clear,Summer,5,8,5.9,Refrigerated,0,1,2004,60,3729.44,1403.768116,5133.208116,0,0,1,0
SH_2980,"Seattle, WA","Phoenix, AZ",72.8,7.4,4.58,5.46,High,8.2,Fog,Spring,4,8,5.2,Dry Van,1,3,1282,80,3457.55,1075.377289,4532.927289,0,0,1,0
SH_2982,"Seattle, WA","New York, NY",49.3,6.3,3.23,7.81,High,6.7,Snow,Summer,8,8,5.2,Flatbed,0,1,2762,60,5140.08,1142.286812,6282.366812,0,0,0,1
SH_2983,"Dallas, TX","Houston, TX",51.2,23.1,3.5,4.45,Medium,7.3,Fog,Winter,2,8,9.4,Tanker,1,1,259,60,470.34,203.7078652,674.0478652,0,1,0,0
SH_2984,"Denver, CO","Atlanta, GA",66.4,12.0,4.69,4.24,Low,9.7,Rain,Fall,3,8,7.9,Dry Van,0,2,1392,70,2992.8,1539.735849,4532.535849,0,1,0,0
SH_2985,"Miami, FL","Dallas, TX",55.1,12.0,4.68,4.8,Medium,8.3,Fog,Summer,4,8,6.1,Tanker,1,1,1277,60,2353.51,1245.075,3598.585,0,1,0,0
SH_2986,"Dallas, TX","Seattle, WA",54.7,6.7,3.57,5.37,High,9.1,Storm,Summer,5,8,0.1,Refrigerated,0,1,1932,60,3525.9,1284.402235,4810.302235,0,1,0,0
SH_2987,"Miami, FL","Denver, CO",47.8,13.0,3.04,7.0,Medium,9.7,Rain,Fall,6,8,7.1,Refrigerated,0,1,1984,60,3666.43,861.6228571,4528.052857,0,0,0,1
SH_2988,"Seattle, WA","Houston, TX",59.7,23.9,4.72,5.94,Medium,7.7,Rain,Spring,6,8,5.6,Dry Van,1,1,2173,60,3965.72,1726.693603,5692.413603,0,0,0,1
SH_2989,"Atlanta, GA","Miami, FL",52.4,10.2,3.91,4.83,Medium,7.0,Clear,Fall,2,8,6.2,Refrigerated,0,1,697,60,1288.06,564.2380952,1852.298095,0,1,0,0
SH_2991,"Los Angeles, CA","Houston, TX",72.0,5.2,4.26,5.9,Low,6.1,Storm,Fall,4,8,0.5,Refrigerated,1,3,1577,80,4264.21,1138.647458,5402.857458,0,0,1,0
SH_2992,"Los Angeles, CA","Dallas, TX",40.2,12.7,4.01,5.51,Low,5.8,Rain,Spring,5,8,9.3,Dry Van,0,1,1423,60,2609.78,1035.61343,3645.39343,0,0,0,1
SH_2993,"Houston, TX","Los Angeles, CA",58.3,27.1,4.84,5.64,Low,5.7,Clear,Fall,4,8,4.8,Tanker,0,1,1577,60,2892.22,1353.312057,4245.532057,1,0,0,0
SH_2994,"Phoenix, AZ","Dallas, TX",59.6,21.7,3.23,4.57,Medium,6.8,Fog,Winter,4,8,3.6,Dry Van,1,1,1017,60,1851.96,718.7986871,2570.758687,0,1,0,0
SH_2995,"Dallas, TX","Miami, FL",44.2,20.4,4.2,7.44,Low,4.0,Rain,Winter,5,8,2.2,Tanker,1,1,1277,60,2353.51,720.8870968,3074.397097,0,0,0,1
SH_2996,"Dallas, TX","New York, NY",45.4,5.9,4.07,6.11,Low,9.1,Storm,Winter,5,8,5.4,Flatbed,0,1,1576,60,2918.75,1049.806874,3968.556874,1,0,0,0
SH_2997,"New York, NY","Atlanta, GA",65.4,11.6,4.86,6.67,Medium,6.5,Rain,Spring,2,8,4.0,Refrigerated,0,2,858,70,1874.73,625.1694153,2499.899415,1,0,0,0
SH_2998,"Houston, TX","Phoenix, AZ",65.2,25.6,4.46,4.92,Low,9.7,Storm,Spring,3,8,3.3,Tanker,0,2,1166,70,2501.07,1056.98374,3558.05374,1,0,0,0
SH_2999,"Dallas, TX","Denver, CO",41.7,15.1,4.25,7.53,High,9.9,Rain,Fall,3,8,3.8,Tanker,0,1,762,60,1387.6,430.0796813,1817.679681,0,1,0,0
SH_3000,"Miami, FL","Denver, CO",46.7,23.1,3.98,8.0,Medium,8.7,Clear,Fall,7,8,3.4,Flatbed,1,1,1984,60,3666.43,987.04,4653.47,0,0,0,1
